# Blender 4.5.4 LTS
# www.blender.org
mtllib ardilla2cola.mtl
o 10051_Squirrel_v2_L3.002
v -7.989100 3.571909 8.946179
v -7.975338 3.390114 8.916327
v -7.956216 3.381174 8.914565
v -7.975562 3.411618 8.881847
v -7.955873 3.404394 8.878107
v -7.934999 3.376053 8.913238
v -7.934413 3.400304 8.875748
v -7.977498 3.440413 8.847192
v -7.981419 3.477698 8.815181
v -7.959591 3.473727 8.807311
v -7.956914 3.434901 8.841365
v -7.936337 3.471596 8.802793
v -7.934793 3.431843 8.837914
v -7.887475 3.470619 8.800667
v -7.888003 3.430313 8.836201
v -7.911650 3.430540 8.836355
v -7.912141 3.470746 8.800842
v -7.888553 3.398166 8.874468
v -7.911775 3.398512 8.874595
v -7.889084 3.373295 8.912368
v -7.912388 3.373756 8.912466
v -8.015401 3.460605 8.928782
v -8.012541 3.440446 8.924409
v -8.019628 3.471213 8.910814
v -8.016023 3.453534 8.901787
v -8.004346 3.421085 8.921021
v -8.006742 3.437100 8.893843
v -8.026046 3.489065 8.893625
v -8.034790 3.516326 8.878848
v -8.029518 3.503502 8.859958
v -8.021628 3.473881 8.879648
v -8.017872 3.492708 8.842436
v -8.011181 3.460392 8.866881
v -7.996029 3.449071 8.855882
v -8.001343 3.484066 8.827198
v -7.992887 3.422826 8.887146
v -7.991663 3.403863 8.918404
v -8.023100 3.505453 8.908264
v -8.032203 3.531056 8.898171
v -8.016451 3.489225 8.920774
v -8.013963 3.521686 8.922484
v -8.022934 3.546215 8.916673
v -8.007553 3.506406 8.930746
v -8.012083 3.480225 8.934375
v -8.003492 3.498337 8.940408
v -7.993999 3.521585 8.939812
v -8.008173 3.560324 8.933092
v -7.999794 3.536404 8.935202
v -7.890491 3.987894 9.104643
v -7.890738 4.053427 9.132637
v -7.955133 4.053410 9.130403
v -7.890963 4.124266 9.159696
v -7.958285 4.124305 9.157092
v -8.022071 4.124111 9.149224
v -7.891128 4.200495 9.182840
v -7.891195 4.282210 9.199090
v -7.962420 4.282199 9.195822
v -7.960725 4.200534 9.179869
v -8.029852 4.281335 9.186446
v -8.026638 4.200089 9.171167
v -8.138433 4.274722 9.143764
v -8.132888 4.196496 9.130207
v -8.085235 4.198849 9.155140
v -8.089768 4.279036 9.169565
v -8.125085 4.122703 9.110543
v -8.078833 4.123605 9.134305
v -8.067603 4.181094 8.771926
v -8.024323 4.174568 8.747309
v -8.023259 4.127768 8.742714
v -8.065849 4.132618 8.766405
v -7.979060 4.171154 8.732800
v -7.978480 4.125340 8.728852
v -8.021422 4.078098 8.736346
v -8.063026 4.081686 8.758799
v -7.977394 4.076410 8.723312
v -7.932488 4.169864 8.726149
v -7.885284 4.169713 8.725087
v -7.885318 4.124454 8.721639
v -7.932250 4.124510 8.722579
v -7.885339 4.075945 8.716680
v -7.931760 4.075926 8.717487
v -7.885401 3.966571 8.706726
v -7.929547 3.966464 8.707279
v -7.930898 4.023462 8.712009
v -7.885361 4.023532 8.711333
v -7.972796 3.966513 8.712120
v -7.975574 4.023694 8.717341
v -8.014221 3.967254 8.723310
v -8.052896 3.969216 8.742903
v -8.058815 4.027491 8.750503
v -8.018510 4.024834 8.729461
v -8.154364 3.985539 8.900687
v -8.166843 4.048800 8.917791
v -8.151414 4.043969 8.868969
v -8.140279 3.982001 8.854366
v -8.177122 4.110540 8.935005
v -8.160414 4.103453 8.883945
v -8.127066 4.038110 8.822990
v -8.117574 3.977496 8.810948
v -8.134503 4.095514 8.835573
v -8.185144 4.171964 8.950072
v -8.190857 4.234258 8.960715
v -8.172172 4.219710 8.906651
v -8.167318 4.161639 8.897201
v -8.143850 4.205068 8.854940
v -8.140048 4.150803 8.846838
v -8.105502 4.140712 8.802175
v -8.108221 4.191729 8.808917
v -8.101381 4.087876 8.792865
v -8.087898 3.972934 8.772952
v -8.095601 4.032266 8.782591
v -8.146308 4.053056 9.054120
v -8.157335 4.121327 9.076140
v -8.164926 4.052772 9.013057
v -8.151217 3.987588 8.991777
v -8.176288 4.119099 9.033691
v -8.172120 4.267813 9.107649
v -8.165967 4.192714 9.094781
v -8.191585 4.258582 9.063546
v -8.185207 4.187418 9.051314
v -8.191355 4.180530 9.002258
v -8.197580 4.247307 9.013792
v -8.182647 4.115628 8.985785
v -8.158178 3.987202 8.947396
v -8.171557 4.051544 8.966715
v -7.999151 3.606337 8.950267
v -8.014911 3.705090 8.741121
v -7.985138 3.704125 8.726751
v -7.977332 3.638937 8.738738
v -8.004814 3.640223 8.751691
v -7.953249 3.703881 8.718801
v -7.947993 3.638472 8.731570
v -7.970201 3.577583 8.756094
v -7.995550 3.579462 8.767505
v -7.943231 3.576738 8.749745
v -7.919957 3.704002 8.715571
v -7.885970 3.704121 8.715354
v -7.886253 3.638554 8.728467
v -7.917426 3.638467 8.728661
v -7.886599 3.576562 8.746953
v -7.915179 3.576533 8.747139
v -7.913368 3.520015 8.771149
v -7.887007 3.519979 8.770968
v -7.939247 3.520503 8.773445
v -7.987595 3.524668 8.788644
v -7.964153 3.521901 8.778917
v -8.046013 3.555161 8.868123
v -8.039853 3.544403 8.844694
v -8.059273 3.603538 8.861425
v -8.052187 3.594592 8.833815
v -8.027018 3.535806 8.822798
v -8.038143 3.587747 8.807920
v -8.074132 3.659435 8.858728
v -8.090160 3.720818 8.860005
v -8.081038 3.714909 8.825058
v -8.066068 3.652090 8.827282
v -8.064415 3.710383 8.792269
v -8.050767 3.646583 8.797760
v -8.029823 3.642700 8.771964
v -8.041856 3.707143 8.763626
v -8.018731 3.582777 8.785298
v -8.009071 3.529268 8.803691
v -8.019382 3.595240 8.934313
v -8.032931 3.639007 8.938859
v -8.034674 3.582040 8.914358
v -8.048699 3.627067 8.915539
v -8.065076 3.744484 8.957922
v -8.048327 3.689469 8.946730
v -8.081712 3.736353 8.928407
v -8.064540 3.679203 8.920222
v -8.073382 3.668830 8.890298
v -8.090230 3.728219 8.895112
v -8.057795 3.614805 8.889197
v -8.043917 3.568193 8.891818
v -7.886205 4.682173 8.865846
v -7.928127 4.681680 8.864578
v -7.937229 4.690250 8.947729
v -7.887268 4.690775 8.949480
v -7.968284 4.678558 8.860898
v -7.984948 4.686865 8.942702
v -7.945548 4.680010 9.024220
v -7.888277 4.680533 9.026465
v -8.000084 4.676554 9.017809
v -8.004922 4.671313 8.853861
v -8.036300 4.658459 8.842504
v -8.064792 4.665005 8.918545
v -8.028210 4.678994 8.933330
v -8.090194 4.654082 8.987909
v -8.049199 4.668475 9.006088
v -8.127449 4.579551 9.094626
v -8.080335 4.592568 9.118331
v -8.066904 4.639687 9.068847
v -8.111438 4.625621 9.047605
v -8.022727 4.599822 9.133950
v -8.012930 4.647560 9.082721
v -7.958107 4.602876 9.142697
v -7.889949 4.603295 9.145790
v -7.889187 4.651392 9.093132
v -7.952648 4.650908 9.090419
v -8.013689 4.436947 8.688036
v -7.983997 4.422223 8.678075
v -7.997192 4.406145 8.700430
v -8.031240 4.422258 8.713881
v -7.951982 4.413676 8.671647
v -7.960856 4.396844 8.691951
v -8.007373 4.386179 8.716987
v -8.044909 4.402804 8.733912
v -7.967650 4.376660 8.706481
v -7.918432 4.409757 8.668312
v -7.884127 4.408928 8.667640
v -7.884405 4.391760 8.686843
v -7.923003 4.392628 8.687679
v -7.884613 4.371550 8.700289
v -7.926483 4.372399 8.701288
v -7.884903 4.320155 8.715856
v -7.930769 4.320840 8.717090
v -7.929027 4.348622 8.710605
v -7.884772 4.347835 8.709465
v -7.976026 4.324545 8.723711
v -7.972623 4.352701 8.716611
v -8.020020 4.333086 8.737456
v -8.062095 4.348278 8.760065
v -8.055069 4.378256 8.749011
v -8.014871 4.361953 8.728930
v -8.086837 4.551618 8.760488
v -8.078317 4.518872 8.738878
v -8.107869 4.512358 8.783746
v -8.118975 4.548315 8.812749
v -8.062311 4.487413 8.719133
v -8.088356 4.477764 8.756777
v -8.131830 4.496311 8.822747
v -8.145479 4.533599 8.859056
v -8.109165 4.460400 8.788589
v -8.040281 4.459391 8.701952
v -8.062220 4.446932 8.733077
v -8.079516 4.428390 8.758379
v -8.101598 4.371941 8.793277
v -8.092525 4.403483 8.778303
v -8.136184 4.401634 8.834304
v -8.125017 4.435098 8.814471
v -8.163506 4.434933 8.880367
v -8.181216 4.469406 8.928674
v -8.166254 4.507341 8.898124
v -8.150332 4.470561 8.855189
v -8.060659 4.638497 8.825882
v -8.092485 4.643261 8.897268
v -8.077527 4.612997 8.805598
v -8.110958 4.615445 8.871332
v -8.120380 4.631686 8.962128
v -8.139692 4.602998 8.930733
v -8.086412 4.583516 8.783264
v -8.119897 4.583234 8.842554
v -8.148079 4.569730 8.895713
v -8.186971 4.502621 8.976446
v -8.170566 4.542893 8.940945
v -8.180264 4.533061 9.021491
v -8.163029 4.575566 8.981540
v -8.160591 4.559210 9.061615
v -8.143399 4.603694 9.017798
v -7.882571 4.536546 8.564099
v -7.895569 4.536450 8.564221
v -7.901646 4.574098 8.621954
v -7.883253 4.574318 8.622135
v -7.909318 4.537811 8.568164
v -7.919947 4.573877 8.623452
v -7.909593 4.615953 8.695431
v -7.884130 4.616287 8.695935
v -7.934208 4.614163 8.694474
v -7.924557 4.542320 8.579179
v -7.937844 4.548265 8.593440
v -7.953021 4.570515 8.629425
v -7.938058 4.574168 8.628192
v -7.976833 4.602196 8.688681
v -7.957143 4.610222 8.692950
v -7.980332 4.645496 8.770954
v -8.005786 4.634517 8.762796
v -7.950845 4.651689 8.775890
v -7.885137 4.654792 8.779249
v -7.918666 4.654366 8.778393
v -7.936203 4.460384 8.572780
v -7.923797 4.457663 8.564013
v -7.935001 4.451602 8.588086
v -7.949455 4.457948 8.592025
v -7.909297 4.455537 8.557066
v -7.917897 4.448045 8.583320
v -7.950226 4.444417 8.617151
v -7.969315 4.453905 8.621662
v -7.928879 4.438910 8.613460
v -7.895709 4.454413 8.554081
v -7.882580 4.454089 8.553659
v -7.882943 4.445875 8.580685
v -7.900491 4.446305 8.581066
v -7.883351 4.435760 8.611039
v -7.906395 4.436334 8.611465
v -7.912637 4.424240 8.641727
v -7.883761 4.423521 8.641200
v -7.940784 4.427576 8.644192
v -7.991887 4.447199 8.655479
v -7.967449 4.434803 8.648733
v -7.940003 4.495076 8.553728
v -7.939104 4.484539 8.554342
v -7.969817 4.495544 8.591921
v -7.972020 4.511080 8.595264
v -7.937472 4.474758 8.557685
v -7.965114 4.480911 8.590640
v -8.005672 4.507148 8.638307
v -8.009644 4.528703 8.646839
v -7.997184 4.486615 8.631383
v -7.936343 4.466138 8.564535
v -7.958911 4.468051 8.591775
v -7.985014 4.468417 8.626121
v -8.013344 4.466043 8.664574
v -8.030749 4.489573 8.675775
v -8.049155 4.543651 8.703552
v -8.043045 4.516030 8.688847
v -7.937084 4.533838 8.575888
v -7.961872 4.558467 8.620402
v -7.937466 4.518446 8.561432
v -7.966983 4.542386 8.608307
v -7.991722 4.588147 8.679470
v -8.002102 4.570069 8.667995
v -7.938948 4.505952 8.555069
v -7.970722 4.526642 8.600328
v -8.008263 4.549968 8.656927
v -8.048016 4.570676 8.719648
v -8.040095 4.595737 8.735791
v -8.025864 4.617476 8.750622
v -7.891125 4.369493 9.205464
v -7.963324 4.369392 9.202034
v -7.890904 4.456198 9.200006
v -7.963123 4.455989 9.196550
v -8.031672 4.367980 9.192307
v -8.031493 4.453979 9.186803
v -7.890517 4.536181 9.180764
v -7.961492 4.535861 9.177422
v -8.028712 4.533278 9.167996
v -8.137160 4.515802 9.125975
v -8.088499 4.527050 9.151258
v -8.141563 4.440000 9.143429
v -8.092236 4.449030 9.169509
v -8.141654 4.357767 9.148764
v -8.092379 4.364392 9.174982
v -8.068609 4.227926 8.773974
v -8.024918 4.219215 8.748880
v -8.068361 4.272088 8.772627
v -8.024658 4.260998 8.747632
v -7.979367 4.214527 8.733983
v -7.979137 4.254913 8.732676
v -8.066358 4.312546 8.767966
v -8.023152 4.299195 8.743755
v -7.978109 4.291767 8.729160
v -7.885025 4.288047 8.720948
v -7.931860 4.288603 8.722209
v -7.885132 4.251966 8.724407
v -7.932423 4.252382 8.725639
v -7.885220 4.212368 8.725899
v -7.932589 4.212646 8.727061
v -8.194208 4.298616 8.964675
v -8.175017 4.278858 8.910212
v -8.194306 4.361576 8.961174
v -8.175052 4.336300 8.907360
v -8.146075 4.259393 8.858018
v -8.146008 4.311672 8.855796
v -8.190271 4.419663 8.949431
v -8.171478 4.389252 8.897584
v -8.142946 4.359790 8.847987
v -8.107096 4.333483 8.803743
v -8.109629 4.289621 8.809784
v -8.109797 4.241870 8.811481
v -8.175714 4.347237 9.112351
v -8.175694 4.425761 9.107309
v -8.195318 4.333444 9.068019
v -8.195369 4.407286 9.063396
v -8.171005 4.498159 9.090926
v -8.190697 4.475399 9.048330
v -8.196897 4.448806 9.000426
v -8.201326 4.385564 9.013936
v -8.201228 4.317025 9.018037
v -8.008250 3.904631 8.719138
v -8.044950 3.906054 8.737394
v -7.968823 3.904194 8.708811
v -8.001085 3.838732 8.717773
v -8.035575 3.839790 8.734748
v -7.964013 3.838486 8.708264
v -7.885474 3.904411 8.703990
v -7.927596 3.904277 8.704425
v -7.885588 3.838789 8.703954
v -7.925226 3.838646 8.704295
v -7.922616 3.771307 8.707733
v -7.885751 3.771447 8.707463
v -7.958705 3.771136 8.711311
v -8.025363 3.772207 8.735733
v -7.993219 3.771307 8.720036
v -8.126973 3.916360 8.842216
v -8.139736 3.919570 8.885965
v -8.105877 3.912588 8.801296
v -8.112191 3.848794 8.832981
v -8.123679 3.852432 8.874017
v -8.092659 3.845215 8.794597
v -8.078013 3.908930 8.765569
v -8.066607 3.842085 8.761102
v -8.054335 3.774214 8.760232
v -8.078608 3.777202 8.791401
v -8.106915 3.785667 8.865232
v -8.096644 3.781060 8.827111
v -8.082689 3.801896 8.972436
v -8.100392 3.861583 8.989793
v -8.099740 3.796424 8.940101
v -8.117850 3.858759 8.954856
v -8.135268 3.922699 8.972232
v -8.142607 3.921549 8.930175
v -8.125589 3.855728 8.915451
v -8.107882 3.790901 8.903631
v -7.892829 4.460917 8.534045
v -7.882308 4.460626 8.533483
v -7.904546 4.461944 8.538009
v -7.891353 4.466463 8.519997
v -7.882116 4.466164 8.519258
v -7.902434 4.467748 8.524956
v -7.918635 4.463892 8.547392
v -7.917196 4.470443 8.536655
v -7.917308 4.484994 8.527135
v -7.917144 4.477449 8.530232
v -7.901609 4.479497 8.512291
v -7.901762 4.473442 8.516731
v -7.890587 4.477259 8.505987
v -7.881914 4.476946 8.505027
v -7.881988 4.471380 8.510075
v -7.890771 4.471695 8.510964
v -7.918120 4.519667 8.548416
v -7.903589 4.512943 8.533955
v -7.916264 4.504010 8.532088
v -7.901317 4.496667 8.516279
v -7.882152 4.510628 8.528057
v -7.892105 4.510668 8.528482
v -7.881939 4.493862 8.509330
v -7.890574 4.494021 8.510017
v -7.890295 4.483792 8.504096
v -7.881879 4.483538 8.503216
v -7.901059 4.486377 8.510601
v -7.916501 4.493150 8.526376
v -7.822004 3.380940 8.916294
v -7.843198 3.375893 8.914421
v -7.821326 3.404160 8.879840
v -7.801716 3.411316 8.884088
v -7.842736 3.400144 8.876928
v -7.865789 3.373675 8.913066
v -7.865340 3.398431 8.875193
v -7.862825 3.470660 8.801477
v -7.864368 3.430458 8.836965
v -7.838682 3.471426 8.804050
v -7.841269 3.431680 8.839119
v -7.815547 3.473477 8.809167
v -7.793917 3.477372 8.817596
v -7.798788 3.440102 8.849494
v -7.819233 3.434662 8.843139
v -7.761636 3.453091 8.905065
v -7.758204 3.470757 8.914183
v -7.770766 3.436689 8.896883
v -7.784493 3.422463 8.889832
v -7.774286 3.483670 8.830124
v -7.780456 3.448695 8.858659
v -7.758126 3.492255 8.845782
v -7.765553 3.459964 8.870046
v -7.746897 3.503010 8.863600
v -7.742066 3.515816 8.882620
v -7.751287 3.488586 8.897164
v -7.755391 3.473417 8.883078
v -7.745102 3.530556 8.901871
v -7.754548 3.504985 8.911724
v -7.754788 3.545747 8.920128
v -7.763991 3.521250 8.925706
v -7.761576 3.488781 8.924058
v -7.829641 3.987545 9.104277
v -7.826305 4.053185 9.132063
v -7.771773 3.986969 9.099495
v -7.765091 4.052816 9.126631
v -7.823599 4.124070 9.158828
v -7.759633 4.123653 9.152606
v -7.719900 3.986419 9.088169
v -7.677040 3.986158 9.068175
v -7.665303 4.052182 9.093014
v -7.710338 4.052443 9.114295
v -7.655659 4.121885 9.116591
v -7.702505 4.122949 9.139154
v -7.642642 4.273858 9.150152
v -7.691943 4.278343 9.174690
v -7.696379 4.198172 9.160150
v -7.648108 4.195651 9.136453
v -7.752262 4.280852 9.190022
v -7.755365 4.199617 9.174663
v -7.819914 4.281950 9.197658
v -7.821478 4.200291 9.181664
v -7.704197 4.180461 8.776608
v -7.705976 4.131991 8.771042
v -7.747955 4.127288 8.746261
v -7.746847 4.174085 8.750884
v -7.708780 4.081069 8.763363
v -7.749801 4.077625 8.739846
v -7.792374 4.125016 8.731251
v -7.791733 4.170827 8.735213
v -7.793485 4.076090 8.725681
v -7.712962 4.026888 8.754958
v -7.718886 3.968634 8.747207
v -7.757053 3.966806 8.726624
v -7.752720 4.024371 8.732885
v -7.798178 3.966209 8.714370
v -7.795333 4.023380 8.719664
v -7.839862 4.023304 8.713182
v -7.841285 3.966310 8.708416
v -7.838958 4.075764 8.718683
v -7.838123 4.169700 8.727365
v -7.838427 4.124347 8.723788
v -7.621461 3.984611 8.907553
v -7.634360 3.981120 8.860884
v -7.623393 4.043049 8.875772
v -7.609206 4.047829 8.924975
v -7.655954 3.976692 8.816896
v -7.646565 4.037273 8.829181
v -7.614574 4.102502 8.890977
v -7.599159 4.109533 8.942452
v -7.639254 4.094651 8.841954
v -7.684660 3.972231 8.778148
v -7.677001 4.031537 8.787984
v -7.671294 4.087127 8.798406
v -7.664509 4.190956 8.814634
v -7.667231 4.139949 8.807821
v -7.630027 4.204173 8.861561
v -7.633809 4.149921 8.853361
v -7.602997 4.218719 8.913985
v -7.585660 4.233204 8.968513
v -7.591313 4.170929 8.957724
v -7.607808 4.160665 8.904409
v -7.646198 3.986443 9.037387
v -7.633232 4.052163 9.060731
v -7.626946 3.986675 8.998532
v -7.613566 4.051811 9.020161
v -7.622541 4.120396 9.083031
v -7.602509 4.118099 9.041084
v -7.618845 3.986263 8.954345
v -7.605744 4.050558 8.974006
v -7.594926 4.114604 8.993358
v -7.580265 4.246232 9.021746
v -7.586424 4.179476 9.010053
v -7.587498 4.257529 9.071330
v -7.593805 4.186387 9.058934
v -7.608059 4.266831 9.114917
v -7.614144 4.191752 9.101891
v -7.737900 3.751328 8.985580
v -7.757736 3.704642 8.744435
v -7.768324 3.639811 8.754738
v -7.795471 3.638620 8.741081
v -7.787132 3.703781 8.729302
v -7.778204 3.579083 8.770305
v -7.803257 3.577292 8.758245
v -7.824614 3.638257 8.733160
v -7.818802 3.703647 8.720534
v -7.830060 3.576541 8.751204
v -7.786896 3.524319 8.791230
v -7.810085 3.521633 8.780902
v -7.834846 3.520321 8.774790
v -7.860659 3.519923 8.771828
v -7.858033 3.576434 8.747875
v -7.852000 3.703883 8.716447
v -7.855095 3.638358 8.729464
v -7.736026 3.543873 8.848608
v -7.730438 3.554611 8.872190
v -7.748323 3.535320 8.826388
v -7.723241 3.594019 8.838053
v -7.716842 3.602942 8.865838
v -7.736641 3.587222 8.811804
v -7.765794 3.528844 8.806825
v -7.755481 3.582319 8.788691
v -7.731373 3.706603 8.767627
v -7.743840 3.642202 8.775648
v -7.709545 3.709765 8.796841
v -7.723551 3.646013 8.801975
v -7.693760 3.714234 8.830051
v -7.685520 3.720113 8.865219
v -7.701721 3.658787 8.863526
v -7.709001 3.651468 8.831882
v -7.742872 3.581532 8.918118
v -7.745046 3.638506 8.942568
v -7.728720 3.626509 8.919662
v -7.733096 3.567652 8.895823
v -7.718996 3.614215 8.893562
v -7.686329 3.727515 8.900315
v -7.703250 3.668186 8.895066
v -7.695670 3.735680 8.933380
v -7.712828 3.678590 8.924754
v -7.713033 3.743871 8.962458
v -7.729682 3.688914 8.950835
v -7.837280 4.690076 8.949017
v -7.844266 4.681534 8.865659
v -7.830974 4.679811 9.025697
v -7.789459 4.686525 8.945222
v -7.804042 4.678272 8.863014
v -7.776299 4.676164 9.020692
v -7.821740 4.602638 9.144454
v -7.825679 4.650686 9.092054
v -7.756923 4.599359 9.137375
v -7.765231 4.647129 9.085912
v -7.651297 4.578722 9.100761
v -7.665931 4.624846 9.053345
v -7.710945 4.639066 9.073433
v -7.698961 4.591904 9.123244
v -7.685528 4.653377 8.993123
v -7.726926 4.667913 9.010241
v -7.709096 4.664385 8.923128
v -7.735645 4.657936 8.846377
v -7.767257 4.670899 8.856922
v -7.746001 4.678503 8.936966
v -7.755040 4.436496 8.691368
v -7.738213 4.421748 8.717657
v -7.771955 4.405749 8.703331
v -7.784517 4.421875 8.680645
v -7.725132 4.402247 8.738031
v -7.762277 4.385752 8.720144
v -7.808095 4.396578 8.693919
v -7.816381 4.413440 8.673394
v -7.801745 4.376371 8.708618
v -7.715447 4.377665 8.753387
v -7.708813 4.347663 8.764617
v -7.750346 4.332617 8.740931
v -7.755171 4.361501 8.732276
v -7.793998 4.324227 8.726056
v -7.797118 4.352395 8.718872
v -7.840563 4.348468 8.711744
v -7.839082 4.320680 8.718271
v -7.842780 4.372253 8.702366
v -7.849848 4.409638 8.669195
v -7.845841 4.392493 8.688674
v -7.683381 4.550915 8.765686
v -7.652616 4.547503 8.818758
v -7.663095 4.511583 8.789476
v -7.691459 4.518198 8.743863
v -7.627365 4.532697 8.865731
v -7.640203 4.495455 8.829082
v -7.682027 4.477056 8.762012
v -7.707060 4.486797 8.723711
v -7.662102 4.459621 8.794350
v -7.607691 4.506369 8.905320
v -7.593653 4.468382 8.936244
v -7.610234 4.433969 8.887496
v -7.622629 4.469642 8.861988
v -7.636476 4.400764 8.840742
v -7.647014 4.434266 8.820630
v -7.678674 4.402762 8.783635
v -7.670096 4.371190 8.798837
v -7.691078 4.427712 8.763384
v -7.728737 4.458848 8.705966
v -7.707649 4.446315 8.737645
v -7.680943 4.642544 8.902571
v -7.710932 4.637888 8.830388
v -7.654768 4.630875 8.968126
v -7.661901 4.614663 8.877117
v -7.693639 4.612329 8.810545
v -7.634750 4.602118 8.937238
v -7.617387 4.558264 9.068614
v -7.633289 4.602805 9.024370
v -7.596778 4.532045 9.029009
v -7.612830 4.574608 8.988628
v -7.604361 4.541907 8.948239
v -7.589016 4.501580 8.984150
v -7.625581 4.568820 8.902445
v -7.684281 4.582815 8.788445
v -7.652337 4.582419 8.848578
v -7.864861 4.574034 8.622428
v -7.869581 4.536406 8.564556
v -7.858668 4.615864 8.696087
v -7.846610 4.573750 8.624397
v -7.855936 4.537719 8.568851
v -7.834039 4.613989 8.695765
v -7.851599 4.654249 8.779257
v -7.819375 4.651460 8.777584
v -7.764179 4.634096 8.765909
v -7.789793 4.645164 8.773409
v -7.791325 4.601873 8.691072
v -7.811090 4.609968 8.694832
v -7.813709 4.570272 8.631220
v -7.828032 4.548075 8.594855
v -7.840967 4.542174 8.580256
v -7.828623 4.573977 8.629602
v -7.829446 4.460198 8.574155
v -7.816703 4.457716 8.593736
v -7.831072 4.451421 8.589425
v -7.841631 4.457520 8.565072
v -7.797631 4.453606 8.623875
v -7.816626 4.444184 8.618873
v -7.848060 4.447924 8.584219
v -7.855954 4.455444 8.557754
v -7.837890 4.438752 8.614632
v -7.775958 4.446823 8.658261
v -7.800256 4.434512 8.650887
v -7.826823 4.427378 8.645660
v -7.854907 4.424139 8.642471
v -7.860324 4.436254 8.612059
v -7.869469 4.454367 8.554419
v -7.865408 4.446244 8.581518
v -7.825038 4.494876 8.555210
v -7.794044 4.510770 8.597557
v -7.796214 4.495242 8.594157
v -7.825990 4.484342 8.555800
v -7.757703 4.528264 8.650085
v -7.761529 4.506722 8.641452
v -7.800937 4.480625 8.592755
v -7.827738 4.474567 8.559099
v -7.769907 4.486219 8.634312
v -7.719615 4.543077 8.707798
v -7.725440 4.515477 8.692939
v -7.737484 4.489062 8.679553
v -7.754680 4.465592 8.667906
v -7.781997 4.468063 8.628736
v -7.829073 4.465951 8.565917
v -7.807211 4.467787 8.593730
v -7.804670 4.558193 8.622428
v -7.828390 4.533649 8.577289
v -7.776253 4.587771 8.682246
v -7.799305 4.542094 8.610467
v -7.827693 4.518255 8.562846
v -7.765644 4.569657 8.671041
v -7.743854 4.616984 8.754255
v -7.729321 4.595196 8.739795
v -7.721074 4.570107 8.723861
v -7.759267 4.549534 8.660135
v -7.826090 4.505756 8.556522
v -7.795421 4.526337 8.602587
v -7.818863 4.369141 9.203896
v -7.750293 4.367490 9.195932
v -7.818624 4.455738 9.198412
v -7.750029 4.453489 9.190430
v -7.639261 4.356892 9.155236
v -7.689172 4.363690 9.180177
v -7.638932 4.439124 9.149905
v -7.688883 4.448327 9.174706
v -7.691873 4.526359 9.156367
v -7.642619 4.514941 9.132346
v -7.752048 4.532797 9.171561
v -7.819484 4.535613 9.179251
v -7.746138 4.218730 8.752472
v -7.703081 4.227290 8.778684
v -7.791306 4.214200 8.736406
v -7.746223 4.260513 8.751220
v -7.791361 4.254586 8.735094
v -7.837896 4.212481 8.728281
v -7.837891 4.252217 8.726857
v -7.838239 4.288440 8.723415
v -7.792171 4.291443 8.731556
v -7.704882 4.311916 8.772623
v -7.747492 4.298715 8.747307
v -7.600041 4.277857 8.917620
v -7.582191 4.297551 8.972560
v -7.627697 4.258491 8.864697
v -7.599734 4.335298 8.914773
v -7.581780 4.360509 8.969066
v -7.627524 4.310769 8.862476
v -7.662820 4.241087 8.817240
v -7.662783 4.288843 8.815541
v -7.665004 4.332713 8.809440
v -7.630216 4.358897 8.854593
v -7.585309 4.418609 8.957226
v -7.602866 4.388261 8.904910
v -7.604311 4.346241 9.119714
v -7.583622 4.332378 9.075900
v -7.603931 4.424765 9.114676
v -7.583196 4.406219 9.071282
v -7.576481 4.315937 9.026087
v -7.576042 4.384475 9.021992
v -7.579898 4.447731 9.008376
v -7.587241 4.474348 9.056105
v -7.607944 4.497179 9.098181
v -7.788480 3.868776 9.050304
v -7.722016 3.806392 9.002739
v -7.706105 3.863634 9.022550
v -7.743686 3.866380 9.040276
v -7.731214 3.924652 9.063365
v -7.690877 3.923434 9.044523
v -7.779710 3.925965 9.073968
v -7.833633 3.927048 9.078392
v -7.726907 3.905501 8.741492
v -7.763133 3.904204 8.722297
v -7.736445 3.839269 8.738602
v -7.770486 3.838330 8.720745
v -7.802278 3.903904 8.710957
v -7.807302 3.838213 8.710283
v -7.746915 3.771723 8.739320
v -7.778643 3.770934 8.722800
v -7.812924 3.770882 8.713190
v -7.848905 3.771178 8.708683
v -7.845977 3.838508 8.705317
v -7.843382 3.904130 8.705510
v -7.635933 3.918692 8.892457
v -7.647580 3.915525 8.848392
v -7.651911 3.851606 8.880095
v -7.662351 3.848010 8.838777
v -7.667628 3.911825 8.806942
v -7.680903 3.844497 8.799902
v -7.668676 3.784904 8.870878
v -7.677977 3.780331 8.832506
v -7.695101 3.776534 8.796342
v -7.718573 3.773629 8.764558
v -7.706090 3.841457 8.765747
v -7.694571 3.908262 8.770509
v -7.695603 3.801222 8.977423
v -7.677740 3.795689 8.945538
v -7.678145 3.860847 8.995234
v -7.659799 3.857962 8.960758
v -7.668681 3.790136 8.909289
v -7.651058 3.854901 8.921565
v -7.634196 3.920664 8.936726
v -7.642612 3.921841 8.978579
v -7.661423 3.922629 9.015385
v -7.871805 4.460880 8.534316
v -7.872903 4.466431 8.520234
v -7.860191 4.461863 8.538580
v -7.861946 4.467677 8.525477
v -7.873267 4.477229 8.506210
v -7.873230 4.471664 8.511190
v -7.862403 4.479429 8.512795
v -7.862385 4.473373 8.517239
v -7.847342 4.477327 8.531132
v -7.847076 4.484871 8.528040
v -7.847484 4.470321 8.537554
v -7.846341 4.463766 8.548324
v -7.846692 4.519543 8.549336
v -7.848182 4.503891 8.532966
v -7.860868 4.512869 8.534505
v -7.862738 4.496600 8.516777
v -7.847832 4.493030 8.527261
v -7.862885 4.486311 8.511093
v -7.873491 4.483763 8.504313
v -7.873329 4.493991 8.510241
v -7.872213 4.510633 8.528738
vn -0.4857 -0.7432 -0.4602
vn -0.4804 -0.7195 -0.5015
vn -0.2968 -0.7739 -0.5594
vn -0.3035 -0.8027 -0.5134
vn -0.1539 -0.7961 -0.5853
vn -0.1592 -0.8282 -0.5374
vn -0.4581 -0.6545 -0.6015
vn -0.4623 -0.5452 -0.6993
vn -0.2872 -0.5759 -0.7654
vn -0.2831 -0.6952 -0.6607
vn -0.1454 -0.5887 -0.7952
vn -0.1451 -0.7117 -0.6873
vn 0.0094 -0.5909 -0.8067
vn 0.0078 -0.7157 -0.6983
vn -0.0494 -0.7156 -0.6968
vn -0.0472 -0.5910 -0.8053
vn 0.0063 -0.8026 -0.5964
vn -0.0550 -0.8020 -0.5947
vn 0.0056 -0.8366 -0.5478
vn -0.0576 -0.8354 -0.5467
vn -0.9822 -0.0938 0.1625
vn -0.9757 -0.1288 0.1772
vn -0.9405 -0.3338 -0.0629
vn -0.9456 -0.3213 -0.0511
vn -0.8257 -0.5018 -0.2578
vn -0.8323 -0.5041 -0.2306
vn -0.9656 -0.2086 0.1550
vn -0.9624 -0.2522 0.1006
vn -0.9153 -0.3454 -0.2073
vn -0.9221 -0.3633 -0.1332
vn -0.7935 -0.4277 -0.4329
vn -0.7977 -0.4908 -0.3504
vn -0.6380 -0.5856 -0.5000
vn -0.6395 -0.4943 -0.5888
vn -0.6672 -0.6275 -0.4015
vn -0.6737 -0.6418 -0.3662
vn -0.8924 -0.0825 0.4436
vn -0.8930 -0.1824 0.4114
vn -0.9093 0.0544 0.4125
vn -0.7453 -0.0343 0.6658
vn -0.7495 -0.1623 0.6418
vn -0.7960 0.0925 0.5982
vn -0.9226 0.1216 0.3661
vn -0.8628 0.2091 0.4602
vn -0.6527 -0.0452 0.7562
vn -0.6161 -0.1798 0.7669
vn -0.6576 0.0608 0.7509
vn -0.0064 -0.3674 0.9300
vn -0.0128 -0.3227 0.9464
vn -0.0648 -0.3096 0.9487
vn -0.0343 -0.3546 0.9344
vn -0.0129 -0.2422 0.9701
vn -0.0130 -0.1336 0.9910
vn -0.0901 -0.1320 0.9872
vn -0.0839 -0.2399 0.9672
vn -0.1996 -0.1295 0.9713
vn -0.1889 -0.2357 0.9533
vn -0.1828 -0.2832 0.9415
vn -0.5910 -0.1243 0.7970
vn -0.5787 -0.2229 0.7845
vn -0.3483 -0.2314 0.9084
vn -0.3610 -0.1272 0.9239
vn -0.5807 -0.2680 0.7687
vn -0.3441 -0.2786 0.8966
vn -0.5819 0.0467 -0.8119
vn -0.3973 0.0528 -0.9162
vn -0.3855 0.0921 -0.9181
vn -0.5713 0.0809 -0.8167
vn -0.2217 0.0521 -0.9737
vn -0.2123 0.0936 -0.9727
vn -0.3748 0.1013 -0.9216
vn -0.5635 0.0863 -0.8216
vn -0.2031 0.1049 -0.9735
vn -0.0814 0.0492 -0.9955
vn 0.0130 0.0475 -0.9988
vn 0.0130 0.0895 -0.9959
vn -0.0768 0.0910 -0.9929
vn 0.0130 0.1027 -0.9946
vn -0.0718 0.1035 -0.9920
vn 0.0130 0.0631 -0.9979
vn -0.0622 0.0631 -0.9961
vn -0.0671 0.0923 -0.9935
vn 0.0130 0.0920 -0.9957
vn -0.1865 0.0606 -0.9806
vn -0.1941 0.0923 -0.9766
vn -0.3570 0.0507 -0.9327
vn -0.5539 0.0266 -0.8322
vn -0.5575 0.0668 -0.8275
vn -0.3651 0.0857 -0.9270
vn -0.9712 -0.1590 -0.1775
vn -0.9739 -0.1247 -0.1898
vn -0.9230 -0.0606 -0.3801
vn -0.9234 -0.0967 -0.3713
vn -0.9755 -0.0929 -0.1994
vn -0.9210 -0.0322 -0.3881
vn -0.8403 -0.0077 -0.5420
vn -0.8416 -0.0482 -0.5379
vn -0.8379 0.0179 -0.5456
vn -0.9761 -0.0663 -0.2069
vn -0.9760 -0.0466 -0.2126
vn -0.9171 -0.0176 -0.3982
vn -0.9187 -0.0171 -0.3945
vn -0.8367 0.0087 -0.5476
vn -0.8363 0.0242 -0.5478
vn -0.7271 0.0571 -0.6842
vn -0.7316 0.0310 -0.6811
vn -0.7250 0.0569 -0.6864
vn -0.7239 -0.0083 -0.6898
vn -0.7244 0.0338 -0.6886
vn -0.8750 -0.2723 0.4002
vn -0.8319 -0.2491 0.4959
vn -0.9350 -0.2196 0.2783
vn -0.9441 -0.2425 0.2234
vn -0.8172 -0.1163 0.5645
vn -0.8059 -0.2010 0.5569
vn -0.9531 -0.0994 0.2858
vn -0.9444 -0.1645 0.2847
vn -0.9928 -0.1176 0.0222
vn -0.9970 -0.0753 0.0177
vn -0.9871 -0.1582 0.0249
vn -0.9729 -0.2278 0.0391
vn -0.9803 -0.1953 0.0293
vn -0.9542 -0.2582 0.1513
vn -0.5374 -0.1823 -0.8234
vn -0.3371 -0.1712 -0.9258
vn -0.3286 -0.2501 -0.9107
vn -0.5243 -0.2514 -0.8136
vn -0.1675 -0.1620 -0.9725
vn -0.1628 -0.2456 -0.9556
vn -0.3168 -0.3402 -0.8854
vn -0.5058 -0.3305 -0.7968
vn -0.1576 -0.3413 -0.9266
vn -0.0505 -0.1573 -0.9863
vn 0.0125 -0.1561 -0.9877
vn 0.0121 -0.2411 -0.9704
vn -0.0488 -0.2422 -0.9690
vn 0.0115 -0.3387 -0.9408
vn -0.0477 -0.3396 -0.9394
vn -0.0470 -0.4548 -0.8894
vn 0.0107 -0.4543 -0.8908
vn -0.1512 -0.4543 -0.8779
vn -0.4832 -0.4268 -0.7644
vn -0.3022 -0.4472 -0.8418
vn -0.9634 -0.2642 0.0456
vn -0.9171 -0.3060 -0.2556
vn -0.9647 -0.2634 -0.0027
vn -0.9194 -0.2727 -0.2834
vn -0.8055 -0.3499 -0.4783
vn -0.8183 -0.2899 -0.4963
vn -0.9654 -0.2573 -0.0433
vn -0.9650 -0.2510 -0.0765
vn -0.9219 -0.2220 -0.3176
vn -0.9214 -0.2448 -0.3018
vn -0.8355 -0.2032 -0.5105
vn -0.8286 -0.2431 -0.5043
vn -0.6998 -0.2474 -0.6701
vn -0.7119 -0.1920 -0.6755
vn -0.6824 -0.3112 -0.6614
vn -0.6605 -0.3917 -0.6406
vn -0.4975 -0.2132 0.8409
vn -0.4958 -0.2185 0.8405
vn -0.6293 -0.2320 0.7417
vn -0.7729 -0.2350 0.5894
vn -0.7254 -0.2830 0.6275
vn -0.8011 -0.2765 0.5308
vn -0.7538 -0.3161 0.5761
vn -0.7783 -0.3412 0.5271
vn -0.8475 -0.3245 0.4201
vn -0.8262 -0.3042 0.4741
vn -0.9315 -0.2791 0.2332
vn -0.9410 -0.2863 0.1803
vn -0.9192 -0.2650 0.2913
vn -0.9047 -0.2376 0.3537
vn 0.0043 0.9794 -0.2018
vn -0.0304 0.9783 -0.2048
vn -0.0408 0.9991 0.0128
vn 0.0015 0.9999 0.0165
vn -0.1006 0.9707 -0.2181
vn -0.1224 0.9925 -0.0041
vn -0.0552 0.9622 0.2667
vn -0.0018 0.9627 0.2706
vn -0.1506 0.9572 0.2472
vn -0.2117 0.9451 -0.2491
vn -0.3653 0.8805 -0.3020
vn -0.4281 0.8956 -0.1210
vn -0.2516 0.9668 -0.0453
vn -0.5003 0.8607 0.0941
vn -0.2992 0.9339 0.1959
vn -0.6218 0.5455 0.5619
vn -0.3846 0.5938 0.7067
vn -0.3487 0.8153 0.4623
vn -0.5718 0.7494 0.3338
vn -0.2069 0.6064 0.7678
vn -0.1820 0.8339 0.5211
vn -0.0874 0.6085 0.7887
vn -0.0092 0.6084 0.7935
vn -0.0056 0.8374 0.5466
vn -0.0722 0.8373 0.5420
vn -0.5975 -0.5037 -0.6239
vn -0.4177 -0.6668 -0.6171
vn -0.4221 -0.5217 -0.7414
vn -0.5976 -0.3901 -0.7005
vn -0.2364 -0.7645 -0.5997
vn -0.2427 -0.6059 -0.7576
vn -0.4208 -0.3677 -0.8293
vn -0.5960 -0.2789 -0.7529
vn -0.2430 -0.4245 -0.8722
vn -0.0913 -0.8061 -0.5847
vn 0.0060 -0.8163 -0.5776
vn 0.0086 -0.6557 -0.7550
vn -0.0943 -0.6448 -0.7585
vn 0.0106 -0.4601 -0.8878
vn -0.0943 -0.4519 -0.8871
vn 0.0123 -0.1909 -0.9815
vn -0.0934 -0.1876 -0.9778
vn -0.0935 -0.2885 -0.9529
vn 0.0118 -0.2941 -0.9557
vn -0.2423 -0.1793 -0.9535
vn -0.2415 -0.2730 -0.9312
vn -0.4209 -0.1615 -0.8926
vn -0.6003 -0.1318 -0.7888
vn -0.5962 -0.1893 -0.7802
vn -0.4189 -0.2413 -0.8754
vn -0.8063 0.2662 -0.5281
vn -0.8246 0.0536 -0.5632
vn -0.8480 0.0579 -0.5269
vn -0.8515 0.2472 -0.4624
vn -0.7963 -0.1378 -0.5890
vn -0.8052 -0.1022 -0.5841
vn -0.8706 0.0496 -0.4895
vn -0.8940 0.2086 -0.3966
vn -0.8153 -0.0755 -0.5741
vn -0.7255 -0.3182 -0.6102
vn -0.7265 -0.2456 -0.6418
vn -0.7289 -0.1798 -0.6606
vn -0.7392 -0.0953 -0.6667
vn -0.7333 -0.1282 -0.6678
vn -0.8338 -0.0513 -0.5497
vn -0.8252 -0.0585 -0.5617
vn -0.9037 0.0088 -0.4281
vn -0.9540 0.0938 -0.2849
vn -0.9291 0.1552 -0.3357
vn -0.8897 0.0320 -0.4555
vn -0.5206 0.7714 -0.3661
vn -0.6002 0.7700 -0.2165
vn -0.6453 0.6343 -0.4258
vn -0.7258 0.6157 -0.3066
vn -0.6876 0.7247 -0.0436
vn -0.8099 0.5599 -0.1752
vn -0.7419 0.4679 -0.4802
vn -0.8094 0.4407 -0.3881
vn -0.8755 0.3850 -0.2920
vn -0.9732 0.2012 -0.1114
vn -0.9324 0.3026 -0.1977
vn -0.9419 0.3220 0.0962
vn -0.8866 0.4611 -0.0369
vn -0.8311 0.4450 0.3335
vn -0.7717 0.6187 0.1472
vn 0.0087 0.8246 -0.5657
vn -0.0474 0.8200 -0.5704
vn -0.0290 0.8515 -0.5236
vn 0.0082 0.8538 -0.5205
vn -0.1381 0.8028 -0.5801
vn -0.0908 0.8420 -0.5317
vn -0.0243 0.8878 -0.4596
vn 0.0074 0.8892 -0.4574
vn -0.0820 0.8802 -0.4674
vn -0.2483 0.7680 -0.5903
vn -0.3338 0.7304 -0.5960
vn -0.3163 0.7633 -0.5634
vn -0.1822 0.8202 -0.5423
vn -0.3116 0.8015 -0.5104
vn -0.1757 0.8581 -0.4825
vn -0.1865 0.8992 -0.3958
vn -0.3242 0.8415 -0.4322
vn -0.0875 0.9235 -0.3736
vn 0.0063 0.9326 -0.3609
vn -0.0250 0.9314 -0.3632
vn -0.5066 -0.7352 -0.4504
vn -0.4002 -0.8201 -0.4089
vn -0.3742 -0.8388 -0.3954
vn -0.5487 -0.6972 -0.4614
vn -0.2374 -0.9037 -0.3564
vn -0.2120 -0.9148 -0.3439
vn -0.3891 -0.8142 -0.4310
vn -0.5743 -0.6535 -0.4930
vn -0.2162 -0.8984 -0.3823
vn -0.0946 -0.9442 -0.3155
vn 0.0022 -0.9535 -0.3014
vn 0.0023 -0.9527 -0.3038
vn -0.0834 -0.9459 -0.3134
vn 0.0028 -0.9383 -0.3459
vn -0.0838 -0.9312 -0.3548
vn -0.0869 -0.8947 -0.4382
vn 0.0040 -0.9030 -0.4297
vn -0.2253 -0.8575 -0.4626
vn -0.5898 -0.5943 -0.5468
vn -0.4046 -0.7639 -0.5027
vn -0.7614 0.0249 -0.6478
vn -0.7576 -0.2162 -0.6159
vn -0.7918 -0.0897 -0.6042
vn -0.7652 0.1456 -0.6271
vn -0.6983 -0.4286 -0.5733
vn -0.7643 -0.3028 -0.5693
vn -0.7989 -0.0159 -0.6013
vn -0.7618 0.2181 -0.6100
vn -0.7809 -0.2350 -0.5788
vn -0.6016 -0.6123 -0.5130
vn -0.6874 -0.5039 -0.5231
vn -0.7108 -0.4455 -0.5443
vn -0.7218 -0.3873 -0.5736
vn -0.7894 -0.1828 -0.5860
vn -0.7738 0.2568 -0.5791
vn -0.8078 0.0293 -0.5887
vn -0.4246 0.6614 -0.6182
vn -0.4472 0.6691 -0.5935
vn -0.5649 0.5116 -0.6474
vn -0.5685 0.5449 -0.6164
vn -0.4517 0.7065 -0.5449
vn -0.5705 0.5861 -0.5753
vn -0.6939 0.2840 -0.6617
vn -0.6832 0.3695 -0.6298
vn -0.6767 0.4284 -0.5988
vn -0.6936 0.4624 -0.5523
vn -0.5897 0.6208 -0.5165
vn -0.4676 0.7451 -0.4756
vn -0.0129 -0.0044 0.9999
vn -0.0939 -0.0038 0.9956
vn -0.0125 0.1489 0.9888
vn -0.0959 0.1491 0.9842
vn -0.2076 -0.0031 0.9782
vn -0.2135 0.1489 0.9655
vn -0.0115 0.3500 0.9367
vn -0.0945 0.3504 0.9318
vn -0.2154 0.3497 0.9118
vn -0.6323 0.3170 0.7069
vn -0.3924 0.3434 0.8533
vn -0.6209 0.1327 0.7726
vn -0.3841 0.1460 0.9117
vn -0.6056 -0.0085 0.7957
vn -0.3733 -0.0040 0.9277
vn -0.5908 0.0007 -0.8068
vn -0.4075 0.0016 -0.9132
vn -0.5966 -0.0418 -0.8015
vn -0.4151 -0.0496 -0.9084
vn -0.2298 -0.0019 -0.9732
vn -0.2366 -0.0572 -0.9699
vn -0.5997 -0.0828 -0.7960
vn -0.4199 -0.1011 -0.9019
vn -0.2412 -0.1142 -0.9637
vn 0.0126 -0.1255 -0.9920
vn -0.0923 -0.1226 -0.9882
vn 0.0127 -0.0657 -0.9978
vn -0.0894 -0.0634 -0.9940
vn 0.0129 -0.0086 -0.9999
vn -0.0854 -0.0066 -0.9963
vn -0.9751 -0.0268 -0.2201
vn -0.9160 -0.0211 -0.4006
vn -0.9728 0.0013 -0.2318
vn -0.9141 -0.0178 -0.4051
vn -0.8377 -0.0136 -0.5459
vn -0.8378 -0.0292 -0.5451
vn -0.9669 0.0411 -0.2519
vn -0.9103 -0.0071 -0.4138
vn -0.8364 -0.0400 -0.5466
vn -0.7396 -0.0629 -0.6702
vn -0.7388 -0.0359 -0.6729
vn -0.7361 -0.0054 -0.6768
vn -0.8298 -0.0169 0.5579
vn -0.8427 0.1030 0.5285
vn -0.9611 -0.0246 0.2750
vn -0.9668 0.0655 0.2469
vn -0.8492 0.2563 0.4617
vn -0.9648 0.1798 0.1920
vn -0.9932 0.1052 -0.0504
vn -0.9995 0.0299 -0.0138
vn -0.9996 -0.0283 0.0068
vn -0.3516 0.0049 -0.9362
vn -0.5516 -0.0208 -0.8338
vn -0.1805 0.0179 -0.9834
vn -0.3473 -0.0453 -0.9367
vn -0.5492 -0.0699 -0.8327
vn -0.1758 -0.0315 -0.9839
vn 0.0129 0.0229 -0.9997
vn -0.0585 0.0223 -0.9980
vn 0.0128 -0.0252 -0.9996
vn -0.0553 -0.0262 -0.9981
vn -0.0527 -0.0850 -0.9950
vn 0.0127 -0.0838 -0.9964
vn -0.1717 -0.0903 -0.9810
vn -0.5449 -0.1226 -0.8295
vn -0.3428 -0.1027 -0.9338
vn -0.9230 -0.1366 -0.3597
vn -0.9684 -0.1926 -0.1583
vn -0.8420 -0.0925 -0.5315
vn -0.9226 -0.1682 -0.3472
vn -0.9665 -0.2179 -0.1355
vn -0.8414 -0.1310 -0.5244
vn -0.7234 -0.0548 -0.6882
vn -0.7222 -0.0997 -0.6844
vn -0.7186 -0.1445 -0.6802
vn -0.8394 -0.1674 -0.5170
vn -0.9655 -0.2370 -0.1075
vn -0.9222 -0.1955 -0.3336
vn -0.8014 -0.3571 0.4798
vn -0.8667 -0.3354 0.3692
vn -0.8113 -0.3609 0.4599
vn -0.8974 -0.3249 0.2985
vn -0.9652 -0.2545 0.0597
vn -0.9574 -0.2741 0.0908
vn -0.9436 -0.2833 0.1712
vn -0.9494 -0.2851 0.1319
vn -0.1324 -0.9240 -0.3587
vn 0.0027 -0.9407 -0.3393
vn -0.3148 -0.8591 -0.4036
vn -0.1939 -0.8707 -0.4519
vn 0.0040 -0.9003 -0.4354
vn -0.4209 -0.7690 -0.4812
vn -0.4861 -0.7441 -0.4583
vn -0.5951 -0.6073 -0.5264
vn -0.7395 -0.1357 -0.6593
vn -0.6925 -0.4000 -0.6004
vn -0.6119 -0.3115 -0.7270
vn -0.5328 -0.5954 -0.6013
vn -0.3183 -0.4454 -0.8368
vn 0.0105 -0.4796 -0.8774
vn 0.0068 -0.7752 -0.6317
vn -0.2655 -0.7331 -0.6262
vn -0.3645 0.6852 -0.6306
vn -0.2356 0.7329 -0.6382
vn -0.5311 0.5075 -0.6786
vn -0.4009 0.5503 -0.7324
vn 0.0094 0.7779 -0.6283
vn -0.0901 0.7663 -0.6361
vn 0.0111 0.6278 -0.7783
vn -0.1806 0.6000 -0.7794
vn -0.2902 0.1035 -0.9514
vn 0.0130 0.1192 -0.9928
vn -0.5713 0.1360 -0.8094
vn -0.6863 0.1953 -0.7006
vn 0.2325 -0.8200 -0.5229
vn 0.1698 -0.8288 -0.5332
vn 0.1662 -0.7967 -0.5811
vn 0.2749 -0.7703 -0.5754
vn 0.0692 -0.8356 -0.5450
vn 0.0673 -0.8023 -0.5931
vn 0.0657 -0.5916 -0.8035
vn 0.0649 -0.7158 -0.6953
vn 0.1641 -0.5891 -0.7912
vn 0.1604 -0.7122 -0.6834
vn 0.3048 -0.5769 -0.7578
vn 0.4783 -0.5469 -0.6872
vn 0.4712 -0.6561 -0.5895
vn 0.2976 -0.6962 -0.6532
vn 0.4673 -0.6990 -0.5413
vn 0.6527 -0.4966 -0.5721
vn 0.6487 -0.5878 -0.4834
vn 0.8029 -0.4304 -0.4124
vn 0.8048 -0.4936 -0.3298
vn 0.6447 -0.6242 -0.4414
vn 0.8021 -0.5181 -0.2970
vn 0.9191 -0.3486 -0.1836
vn 0.9586 -0.2556 0.1253
vn 0.9606 -0.2120 0.1798
vn 0.9239 -0.3666 -0.1094
vn 0.9647 -0.1866 0.1858
vn 0.9227 -0.3750 -0.0889
vn 0.8815 -0.1855 0.4343
vn 0.9035 -0.1268 0.4094
vn 0.8125 -0.1689 0.5579
vn 0.8031 -0.1149 0.5846
vn 0.9333 -0.0746 0.3514
vn 0.0053 -0.3912 0.9203
vn 0.0498 -0.3919 0.9186
vn 0.0440 -0.3723 0.9271
vn 0.1331 -0.3929 0.9099
vn 0.1417 -0.3698 0.9183
vn 0.0508 -0.3206 0.9458
vn 0.1522 -0.3169 0.9362
vn 0.2919 -0.3950 0.8711
vn 0.5294 -0.3895 0.7537
vn 0.5379 -0.3576 0.7634
vn 0.3007 -0.3676 0.8800
vn 0.5470 -0.3027 0.7805
vn 0.3116 -0.3128 0.8973
vn 0.5699 -0.1263 0.8120
vn 0.3366 -0.1284 0.9328
vn 0.3239 -0.2325 0.9171
vn 0.5574 -0.2248 0.7992
vn 0.1741 -0.1301 0.9761
vn 0.1634 -0.2363 0.9578
vn 0.0642 -0.1323 0.9891
vn 0.0580 -0.2401 0.9690
vn 0.6026 0.0444 -0.7968
vn 0.5925 0.0789 -0.8017
vn 0.4092 0.0908 -0.9079
vn 0.4210 0.0514 -0.9056
vn 0.5848 0.0843 -0.8068
vn 0.3989 0.0999 -0.9115
vn 0.2375 0.0929 -0.9669
vn 0.2469 0.0512 -0.9677
vn 0.2285 0.1041 -0.9680
vn 0.5788 0.0649 -0.8129
vn 0.5753 0.0246 -0.8176
vn 0.3811 0.0494 -0.9232
vn 0.3892 0.0844 -0.9173
vn 0.2119 0.0599 -0.9755
vn 0.2193 0.0917 -0.9713
vn 0.0930 0.0920 -0.9914
vn 0.0881 0.0629 -0.9941
vn 0.0975 0.1033 -0.9899
vn 0.1072 0.0489 -0.9930
vn 0.1026 0.0907 -0.9906
vn 0.9749 -0.1623 -0.1524
vn 0.9324 -0.1000 -0.3474
vn 0.9322 -0.0639 -0.3562
vn 0.9780 -0.1281 -0.1647
vn 0.8550 -0.0511 -0.5161
vn 0.8539 -0.0108 -0.5203
vn 0.9307 -0.0352 -0.3640
vn 0.9800 -0.0963 -0.1740
vn 0.8518 0.0151 -0.5236
vn 0.7414 -0.0110 -0.6710
vn 0.7420 0.0313 -0.6696
vn 0.7427 0.0544 -0.6674
vn 0.7490 0.0284 -0.6620
vn 0.7447 0.0545 -0.6652
vn 0.8507 0.0060 -0.5257
vn 0.8502 0.0214 -0.5260
vn 0.9271 -0.0205 -0.3743
vn 0.9810 -0.0500 -0.1873
vn 0.9809 -0.0696 -0.1814
vn 0.9285 -0.0203 -0.3707
vn 0.7613 -0.3559 0.5419
vn 0.7718 -0.3232 0.5476
vn 0.9062 -0.2987 0.2993
vn 0.9170 -0.2666 0.2968
vn 0.7809 -0.2725 0.5620
vn 0.9268 -0.2228 0.3024
vn 0.9708 -0.2312 0.0641
vn 0.9785 -0.1987 0.0546
vn 0.9856 -0.1616 0.0503
vn 0.9959 -0.0788 0.0434
vn 0.9915 -0.1210 0.0478
vn 0.9451 -0.1027 0.3103
vn 0.9362 -0.1677 0.3090
vn 0.8018 -0.1190 0.5857
vn 0.7905 -0.2038 0.5775
vn 0.5577 -0.1848 -0.8092
vn 0.5441 -0.2532 -0.7999
vn 0.3513 -0.2514 -0.9019
vn 0.3600 -0.1723 -0.9169
vn 0.5250 -0.3323 -0.7835
vn 0.3384 -0.3413 -0.8769
vn 0.1869 -0.2463 -0.9510
vn 0.1920 -0.1626 -0.9678
vn 0.1803 -0.3419 -0.9223
vn 0.5012 -0.4285 -0.7517
vn 0.3219 -0.4483 -0.8339
vn 0.1722 -0.4548 -0.8738
vn 0.0683 -0.4550 -0.8879
vn 0.0707 -0.3398 -0.9378
vn 0.0753 -0.1575 -0.9846
vn 0.0729 -0.2424 -0.9674
vn 0.9223 -0.3092 -0.2319
vn 0.9610 -0.2675 0.0703
vn 0.8163 -0.3527 -0.4574
vn 0.9255 -0.2758 -0.2595
vn 0.9635 -0.2668 0.0222
vn 0.8298 -0.2928 -0.4751
vn 0.6753 -0.3940 -0.6235
vn 0.6981 -0.3136 -0.6436
vn 0.7284 -0.1945 -0.6569
vn 0.7161 -0.2497 -0.6518
vn 0.8477 -0.2061 -0.4888
vn 0.8405 -0.2460 -0.4827
vn 0.9290 -0.2253 -0.2938
vn 0.9657 -0.2544 -0.0516
vn 0.9653 -0.2607 -0.0184
vn 0.9280 -0.2480 -0.2780
vn 0.8944 -0.2408 0.3769
vn 0.9104 -0.2682 0.3150
vn 0.8314 -0.2397 0.5013
vn 0.8217 -0.2838 0.4943
vn 0.9351 -0.2896 0.2044
vn 0.9242 -0.2824 0.2571
vn 0.8352 -0.3275 0.4417
vn 0.8127 -0.3070 0.4952
vn 0.7129 -0.3572 0.6034
vn 0.7378 -0.3184 0.5952
vn 0.7209 -0.3011 0.6242
vn 0.0439 0.9989 0.0139
vn 0.0390 0.9782 -0.2038
vn 0.0517 0.9620 0.2680
vn 0.1258 0.9921 -0.0009
vn 0.1096 0.9704 -0.2154
vn 0.1476 0.9567 0.2510
vn 0.0692 0.6083 0.7907
vn 0.0612 0.8370 0.5437
vn 0.1892 0.6057 0.7729
vn 0.1714 0.8333 0.5256
vn 0.6090 0.5434 0.5778
vn 0.5656 0.7474 0.3485
vn 0.3395 0.8141 0.4712
vn 0.3683 0.5925 0.7165
vn 0.5007 0.8590 0.1070
vn 0.2973 0.9328 0.2037
vn 0.4342 0.8941 -0.1099
vn 0.3760 0.8793 -0.2924
vn 0.2213 0.9443 -0.2435
vn 0.2559 0.9659 -0.0388
vn 0.6117 -0.5058 -0.6083
vn 0.6141 -0.3922 -0.6849
vn 0.4393 -0.5232 -0.7303
vn 0.4311 -0.6683 -0.6062
vn 0.6142 -0.2810 -0.7374
vn 0.4408 -0.3692 -0.8182
vn 0.2600 -0.6067 -0.7512
vn 0.2490 -0.7654 -0.5935
vn 0.2639 -0.4254 -0.8657
vn 0.6154 -0.1914 -0.7646
vn 0.6199 -0.1339 -0.7732
vn 0.4432 -0.1631 -0.8815
vn 0.4405 -0.2428 -0.8643
vn 0.2661 -0.1801 -0.9470
vn 0.2645 -0.2739 -0.9247
vn 0.1170 -0.2889 -0.9502
vn 0.1179 -0.1879 -0.9751
vn 0.1156 -0.4523 -0.8844
vn 0.1036 -0.8065 -0.5820
vn 0.1116 -0.6452 -0.7558
vn 0.8206 0.2634 -0.5072
vn 0.8640 0.2442 -0.4404
vn 0.8615 0.0549 -0.5049
vn 0.8390 0.0506 -0.5417
vn 0.9046 0.2055 -0.3734
vn 0.8830 0.0466 -0.4670
vn 0.8196 -0.1050 -0.5632
vn 0.8108 -0.1406 -0.5682
vn 0.8295 -0.0784 -0.5529
vn 0.9380 0.1519 -0.3116
vn 0.9613 0.0905 -0.2602
vn 0.9144 0.0057 -0.4047
vn 0.9012 0.0289 -0.4325
vn 0.8475 -0.0542 -0.5281
vn 0.8393 -0.0615 -0.5402
vn 0.7498 -0.1308 -0.6486
vn 0.7558 -0.0978 -0.6475
vn 0.7451 -0.1824 -0.6416
vn 0.7399 -0.3208 -0.5913
vn 0.7419 -0.2482 -0.6228
vn 0.6083 0.7679 -0.2010
vn 0.5325 0.7695 -0.3525
vn 0.6911 0.7223 -0.0258
vn 0.7356 0.6133 -0.2878
vn 0.6583 0.6320 -0.4090
vn 0.8160 0.5570 -0.1543
vn 0.8238 0.4421 0.3549
vn 0.7698 0.6160 0.1671
vn 0.9402 0.3187 0.1204
vn 0.8888 0.4580 -0.0140
vn 0.9382 0.2995 -0.1732
vn 0.9764 0.1977 -0.0863
vn 0.8841 0.3820 -0.2692
vn 0.7557 0.4653 -0.4609
vn 0.8207 0.4379 -0.3671
vn 0.0455 0.8513 -0.5227
vn 0.0650 0.8198 -0.5690
vn 0.0392 0.8877 -0.4588
vn 0.1074 0.8417 -0.5292
vn 0.1558 0.8023 -0.5763
vn 0.0971 0.8799 -0.4651
vn 0.0376 0.9313 -0.3624
vn 0.1003 0.9231 -0.3712
vn 0.3381 0.8403 -0.4237
vn 0.1998 0.8985 -0.3908
vn 0.3275 0.8004 -0.5022
vn 0.1910 0.8575 -0.4778
vn 0.3334 0.7621 -0.5550
vn 0.3516 0.7292 -0.5871
vn 0.2661 0.7671 -0.5837
vn 0.1990 0.8195 -0.5374
vn 0.5154 -0.7370 -0.4372
vn 0.5579 -0.6991 -0.4472
vn 0.3814 -0.8401 -0.3857
vn 0.4078 -0.8216 -0.3985
vn 0.5846 -0.6555 -0.4781
vn 0.3972 -0.8156 -0.4208
vn 0.2176 -0.9155 -0.3384
vn 0.2433 -0.9045 -0.3502
vn 0.2229 -0.8991 -0.3766
vn 0.6016 -0.5964 -0.5314
vn 0.4148 -0.7653 -0.4921
vn 0.2343 -0.8583 -0.4566
vn 0.0950 -0.8950 -0.4359
vn 0.0901 -0.9315 -0.3523
vn 0.0995 -0.9445 -0.3130
vn 0.0881 -0.9462 -0.3112
vn 0.7779 0.0222 -0.6280
vn 0.7816 0.1429 -0.6071
vn 0.8067 -0.0925 -0.5836
vn 0.7724 -0.2189 -0.5962
vn 0.7781 0.2154 -0.5901
vn 0.8140 -0.0187 -0.5805
vn 0.7777 -0.3054 -0.5495
vn 0.7114 -0.4310 -0.5552
vn 0.7947 -0.2378 -0.5584
vn 0.7893 0.2541 -0.5590
vn 0.8228 0.0265 -0.5677
vn 0.8036 -0.1856 -0.5654
vn 0.7350 -0.3898 -0.5548
vn 0.7230 -0.4480 -0.5259
vn 0.6125 -0.6144 -0.4974
vn 0.6989 -0.5064 -0.5052
vn 0.4647 0.6676 -0.5817
vn 0.4427 0.6599 -0.6071
vn 0.4680 0.7049 -0.5330
vn 0.5860 0.5429 -0.6015
vn 0.5832 0.5096 -0.6326
vn 0.5872 0.5840 -0.5604
vn 0.4823 0.7434 -0.4633
vn 0.6050 0.6187 -0.5011
vn 0.7091 0.4600 -0.5343
vn 0.6933 0.4260 -0.5812
vn 0.7117 0.2816 -0.6436
vn 0.7005 0.3672 -0.6119
vn 0.0682 -0.0040 0.9977
vn 0.1823 -0.0037 0.9832
vn 0.0708 0.1491 0.9863
vn 0.1888 0.1484 0.9707
vn 0.5847 -0.0104 0.8112
vn 0.3493 -0.0052 0.9370
vn 0.6012 0.1307 0.7884
vn 0.3610 0.1447 0.9213
vn 0.3715 0.3421 0.8631
vn 0.6150 0.3149 0.7230
vn 0.1930 0.3490 0.9170
vn 0.0717 0.3501 0.9340
vn 0.4018 0.0073 -0.9157
vn 0.6193 0.0179 -0.7849
vn 0.2550 -0.0026 -0.9669
vn 0.2614 -0.0580 -0.9635
vn 0.3412 -0.0566 -0.9383
vn 0.1111 -0.0069 -0.9938
vn 0.1148 -0.0637 -0.9913
vn 0.1173 -0.1230 -0.9855
vn 0.2655 -0.1151 -0.9572
vn 0.6101 -0.1081 -0.7849
vn 0.4067 -0.1183 -0.9059
vn 0.9259 -0.0243 -0.3769
vn 0.9804 -0.0300 -0.1946
vn 0.8515 -0.0165 -0.5241
vn 0.9241 -0.0213 -0.3816
vn 0.9784 -0.0018 -0.2065
vn 0.8515 -0.0321 -0.5233
vn 0.7753 -0.0027 -0.6316
vn 0.8068 -0.0339 -0.5899
vn 0.7714 -0.0677 -0.6328
vn 0.8501 -0.0429 -0.5249
vn 0.9732 0.0374 -0.2271
vn 0.9205 -0.0105 -0.3905
vn 0.8151 -0.0198 0.5789
vn 0.9537 -0.0281 0.2993
vn 0.8292 0.1000 0.5500
vn 0.9604 0.0621 0.2718
vn 0.9990 -0.0315 0.0327
vn 0.9996 0.0264 0.0120
vn 0.9945 0.1016 -0.0248
vn 0.9601 0.1764 0.2168
vn 0.8379 0.2534 0.4834
vn 0.2836 -0.4027 0.8703
vn 0.5172 -0.4032 0.7549
vn 0.1464 -0.3972 0.9060
vn 0.2785 -0.4035 0.8716
vn 0.5448 -0.4028 0.7355
vn 0.1830 -0.3977 0.8991
vn 0.0696 -0.3945 0.9162
vn 0.5729 -0.0228 -0.8193
vn 0.3754 0.0038 -0.9269
vn 0.5703 -0.0719 -0.8183
vn 0.3709 -0.0463 -0.9275
vn 0.2059 0.0173 -0.9784
vn 0.2010 -0.0321 -0.9791
vn 0.5657 -0.1245 -0.8152
vn 0.3664 -0.1040 -0.9246
vn 0.1966 -0.0910 -0.9763
vn 0.0780 -0.0852 -0.9933
vn 0.0809 -0.0265 -0.9964
vn 0.0842 0.0221 -0.9962
vn 0.9715 -0.1960 -0.1334
vn 0.9315 -0.1398 -0.3358
vn 0.9689 -0.2213 -0.1105
vn 0.9306 -0.1714 -0.3233
vn 0.8551 -0.0954 -0.5096
vn 0.8542 -0.1341 -0.5024
vn 0.9672 -0.2404 -0.0826
vn 0.9298 -0.1987 -0.3097
vn 0.8517 -0.1702 -0.4955
vn 0.7356 -0.1473 -0.6613
vn 0.7393 -0.1023 -0.6656
vn 0.7407 -0.0574 -0.6693
vn 0.5856 -0.3779 0.7171
vn 0.6998 -0.3770 0.6068
vn 0.5988 -0.3882 0.7005
vn 0.8558 -0.3383 0.3914
vn 0.7244 -0.3824 0.5736
vn 0.8754 -0.3353 0.3482
vn 0.9446 -0.2887 0.1563
vn 0.9538 -0.2773 0.1156
vn 0.9625 -0.2579 0.0845
vn 0.8924 -0.3212 0.3168
vn 0.7456 -0.3745 0.5513
vn 0.1383 -0.9245 -0.3552
vn 0.2024 -0.8714 -0.4468
vn 0.3221 -0.8602 -0.3954
vn 0.4305 -0.7705 -0.4702
vn 0.3382 -0.4465 -0.8284
vn 0.2790 -0.7340 -0.6191
vn 0.6293 -0.3137 -0.7110
vn 0.5461 -0.5973 -0.5874
vn 0.7064 -0.4024 -0.5823
vn 0.7557 -0.1384 -0.6402
vn 0.6063 -0.6094 -0.5109
vn 0.4952 -0.7458 -0.4456
vn 0.3830 0.6839 -0.6210
vn 0.5502 0.5056 -0.6646
vn 0.2545 0.7321 -0.6319
vn 0.4216 0.5488 -0.7218
vn 0.7048 0.1929 -0.6826
vn 0.5924 0.1339 -0.7944
vn 0.3149 0.1024 -0.9436
vn 0.2027 0.5993 -0.7744
vn 0.1091 0.7660 -0.6335
vt 0.929900 0.475300
vt 0.917000 0.480500
vt 0.914100 0.473000
vt 0.928100 0.467500
vt 0.911000 0.465700
vt 0.926100 0.459800
vt 0.902800 0.487800
vt 0.887800 0.497300
vt 0.882400 0.490200
vt 0.898600 0.480500
vt 0.877500 0.482800
vt 0.894600 0.473200
vt 0.869300 0.464600
vt 0.887100 0.457800
vt 0.890800 0.465600
vt 0.873000 0.474800
vt 0.904900 0.451000
vt 0.907900 0.458300
vt 0.922700 0.444200
vt 0.924300 0.452000
vt 0.933800 0.509800
vt 0.927700 0.513500
vt 0.924600 0.505000
vt 0.932400 0.501100
vt 0.922000 0.496600
vt 0.931600 0.492300
vt 0.920700 0.519300
vt 0.912800 0.528000
vt 0.906200 0.520000
vt 0.915900 0.511100
vt 0.899800 0.512200
vt 0.911300 0.503100
vt 0.907000 0.495300
vt 0.893600 0.504600
vt 0.919500 0.488400
vt 0.930900 0.483600
vt 0.926000 0.527600
vt 0.919500 0.536200
vt 0.931600 0.521900
vt 0.931600 0.535600
vt 0.926300 0.544300
vt 0.936100 0.530000
vt 0.936400 0.518300
vt 0.940000 0.526400
vt 0.937600 0.543100
vt 0.933400 0.551800
vt 0.941200 0.537400
vt 0.978500 0.760000
vt 0.973100 0.793800
vt 0.950700 0.786800
vt 0.956500 0.756000
vt 0.967800 0.827600
vt 0.962400 0.861500
vt 0.932000 0.849300
vt 0.943700 0.818100
vt 0.909100 0.837600
vt 0.920700 0.808600
vt 0.928900 0.779600
vt 0.871200 0.814500
vt 0.881100 0.789100
vt 0.900000 0.798900
vt 0.889100 0.826000
vt 0.888900 0.763900
vt 0.908300 0.772000
vt 0.736800 0.709100
vt 0.720900 0.697900
vt 0.729800 0.681800
vt 0.745300 0.692600
vt 0.705800 0.688100
vt 0.715000 0.672100
vt 0.739200 0.664900
vt 0.754200 0.675400
vt 0.724800 0.655400
vt 0.691100 0.679500
vt 0.675900 0.672400
vt 0.686500 0.655300
vt 0.700600 0.663400
vt 0.697000 0.638100
vt 0.710800 0.646600
vt 0.718100 0.603800
vt 0.733700 0.611100
vt 0.721500 0.629200
vt 0.707600 0.621000
vt 0.747300 0.619500
vt 0.735400 0.637900
vt 0.760600 0.628600
vt 0.774200 0.638500
vt 0.763700 0.657400
vt 0.749300 0.647200
vt 0.834600 0.681900
vt 0.827400 0.703500
vt 0.811100 0.692200
vt 0.818900 0.671400
vt 0.820900 0.724500
vt 0.804000 0.712300
vt 0.794800 0.680400
vt 0.803500 0.660300
vt 0.787000 0.699700
vt 0.814300 0.744900
vt 0.806800 0.765000
vt 0.789500 0.750800
vt 0.797000 0.731800
vt 0.771700 0.736300
vt 0.779400 0.718300
vt 0.762100 0.705000
vt 0.753900 0.722200
vt 0.770300 0.687200
vt 0.788500 0.649200
vt 0.778900 0.668700
vt 0.877300 0.731400
vt 0.870900 0.755200
vt 0.853900 0.745800
vt 0.860200 0.723000
vt 0.854600 0.802800
vt 0.863600 0.779000
vt 0.838800 0.790800
vt 0.847000 0.768400
vt 0.830700 0.757100
vt 0.823100 0.778300
vt 0.837400 0.735600
vt 0.850400 0.691500
vt 0.843700 0.713700
vt 0.866600 0.700200
vt 0.827200 0.558300
vt 0.817300 0.550000
vt 0.833200 0.532300
vt 0.842100 0.540300
vt 0.808000 0.541600
vt 0.825000 0.524400
vt 0.849600 0.516300
vt 0.857300 0.523900
vt 0.842500 0.508800
vt 0.799000 0.532800
vt 0.789600 0.522400
vt 0.809500 0.507900
vt 0.817200 0.516200
vt 0.829400 0.493500
vt 0.835800 0.501200
vt 0.854600 0.487000
vt 0.849300 0.479000
vt 0.860000 0.494800
vt 0.872600 0.509400
vt 0.866000 0.502200
vt 0.903900 0.540400
vt 0.895700 0.532300
vt 0.894200 0.555900
vt 0.884600 0.547600
vt 0.887600 0.524500
vt 0.875100 0.539500
vt 0.884000 0.573900
vt 0.873500 0.593900
vt 0.861400 0.584900
vt 0.873100 0.565300
vt 0.849500 0.575900
vt 0.862300 0.556800
vt 0.851900 0.548400
vt 0.838000 0.567000
vt 0.865900 0.531600
vt 0.879900 0.516900
vt 0.940800 0.558200
vt 0.936900 0.570900
vt 0.928300 0.564500
vt 0.920100 0.556900
vt 0.922600 0.580400
vt 0.913000 0.572800
vt 0.916400 0.598800
vt 0.909800 0.618900
vt 0.897500 0.611200
vt 0.905400 0.591100
vt 0.894700 0.582700
vt 0.885500 0.602800
vt 0.903600 0.564400
vt 0.912000 0.548700
vt 0.692400 0.972800
vt 0.699200 0.948300
vt 0.732700 0.959200
vt 0.730500 0.977000
vt 0.702800 0.931900
vt 0.734100 0.942100
vt 0.767100 0.963300
vt 0.768700 0.981300
vt 0.765100 0.945800
vt 0.704600 0.918000
vt 0.704700 0.904900
vt 0.732400 0.911800
vt 0.734000 0.926600
vt 0.758600 0.913300
vt 0.762400 0.929300
vt 0.805500 0.899300
vt 0.814400 0.916000
vt 0.789400 0.925900
vt 0.783100 0.909200
vt 0.823400 0.934600
vt 0.795100 0.943800
vt 0.832900 0.956800
vt 0.844900 0.989900
vt 0.806800 0.985600
vt 0.801000 0.964100
vt 0.657200 0.796000
vt 0.648100 0.786000
vt 0.659300 0.779000
vt 0.670100 0.790200
vt 0.639000 0.777100
vt 0.648600 0.769200
vt 0.669100 0.771400
vt 0.681400 0.783400
vt 0.657000 0.761100
vt 0.630100 0.768800
vt 0.622400 0.759900
vt 0.627800 0.751700
vt 0.638100 0.760200
vt 0.633100 0.743500
vt 0.645000 0.752000
vt 0.643700 0.727000
vt 0.658300 0.733500
vt 0.651500 0.743400
vt 0.638400 0.735200
vt 0.672300 0.742300
vt 0.664700 0.752300
vt 0.686500 0.752800
vt 0.701100 0.765400
vt 0.691600 0.775300
vt 0.678000 0.762800
vt 0.688900 0.849300
vt 0.682000 0.834900
vt 0.701200 0.834000
vt 0.710100 0.850100
vt 0.674300 0.820900
vt 0.691400 0.818300
vt 0.718400 0.830700
vt 0.729300 0.847900
vt 0.706500 0.813800
vt 0.666000 0.807800
vt 0.680900 0.803500
vt 0.694000 0.797800
vt 0.716500 0.780600
vt 0.705800 0.790300
vt 0.732200 0.797500
vt 0.720000 0.806900
vt 0.747500 0.815300
vt 0.761700 0.833100
vt 0.746400 0.842300
vt 0.733700 0.824500
vt 0.702900 0.891500
vt 0.729100 0.896800
vt 0.699500 0.877600
vt 0.724200 0.881500
vt 0.753400 0.897300
vt 0.746800 0.881100
vt 0.694800 0.863600
vt 0.717800 0.865900
vt 0.738700 0.864600
vt 0.774400 0.850100
vt 0.757600 0.859500
vt 0.785700 0.866600
vt 0.767300 0.876200
vt 0.796000 0.882900
vt 0.775800 0.892700
vt 0.577300 0.844700
vt 0.592000 0.853500
vt 0.612600 0.875100
vt 0.606100 0.876700
vt 0.599700 0.855200
vt 0.618700 0.873000
vt 0.639500 0.901300
vt 0.634900 0.908700
vt 0.643600 0.893900
vt 0.606900 0.855800
vt 0.613400 0.856600
vt 0.626800 0.865400
vt 0.624000 0.870100
vt 0.648500 0.878500
vt 0.646800 0.886500
vt 0.674600 0.903500
vt 0.675600 0.892800
vt 0.672100 0.914700
vt 0.663600 0.940700
vt 0.668200 0.927300
vt 0.606600 0.811100
vt 0.601400 0.809400
vt 0.610500 0.804500
vt 0.614800 0.808900
vt 0.595800 0.807600
vt 0.604900 0.800900
vt 0.622100 0.799000
vt 0.627600 0.805500
vt 0.615900 0.793400
vt 0.590500 0.806300
vt 0.583600 0.807000
vt 0.593300 0.795200
vt 0.599100 0.797900
vt 0.603000 0.783500
vt 0.609500 0.788300
vt 0.620200 0.778400
vt 0.612700 0.771700
vt 0.627700 0.785300
vt 0.642400 0.801200
vt 0.635200 0.792800
vt 0.601700 0.830600
vt 0.601800 0.825200
vt 0.618500 0.828100
vt 0.619700 0.835300
vt 0.602500 0.820000
vt 0.617400 0.821200
vt 0.638700 0.831200
vt 0.641600 0.840800
vt 0.635400 0.822000
vt 0.604300 0.815000
vt 0.616700 0.814600
vt 0.631900 0.813300
vt 0.649000 0.811100
vt 0.655100 0.822000
vt 0.665300 0.845800
vt 0.660500 0.833700
vt 0.608000 0.849600
vt 0.625500 0.858300
vt 0.603700 0.842100
vt 0.622700 0.850200
vt 0.648100 0.869500
vt 0.646400 0.860000
vt 0.602000 0.836000
vt 0.621000 0.842600
vt 0.644200 0.850400
vt 0.669500 0.857900
vt 0.672800 0.869800
vt 0.674900 0.881500
vt 0.933000 0.893600
vt 0.912300 0.879900
vt 0.903600 0.925700
vt 0.887700 0.909200
vt 0.892500 0.866300
vt 0.872200 0.893200
vt 0.874300 0.957800
vt 0.861500 0.936700
vt 0.849100 0.916800
vt 0.825600 0.883400
vt 0.837200 0.899400
vt 0.843300 0.863000
vt 0.857400 0.877900
vt 0.858600 0.839600
vt 0.874800 0.852900
vt 0.728100 0.725000
vt 0.712100 0.713300
vt 0.719300 0.739900
vt 0.703500 0.727800
vt 0.697000 0.703200
vt 0.688500 0.717300
vt 0.710300 0.753500
vt 0.694900 0.741000
vt 0.680300 0.730500
vt 0.651800 0.713400
vt 0.665900 0.721500
vt 0.659800 0.699700
vt 0.674000 0.708200
vt 0.667900 0.686100
vt 0.682300 0.694300
vt 0.797900 0.784800
vt 0.780900 0.769400
vt 0.787500 0.803400
vt 0.771000 0.786900
vt 0.763100 0.753800
vt 0.753700 0.770300
vt 0.775400 0.819800
vt 0.759900 0.802400
vt 0.743400 0.785100
vt 0.726700 0.768500
vt 0.736300 0.754400
vt 0.745300 0.738800
vt 0.843400 0.826400
vt 0.829800 0.848500
vt 0.828600 0.813000
vt 0.816400 0.833900
vt 0.814000 0.867700
vt 0.802100 0.852100
vt 0.789300 0.836200
vt 0.802400 0.818900
vt 0.813600 0.799300
vt 0.773200 0.609000
vt 0.786000 0.618500
vt 0.760900 0.600000
vt 0.787000 0.588900
vt 0.798900 0.598100
vt 0.775700 0.580100
vt 0.736000 0.583500
vt 0.748400 0.591600
vt 0.753800 0.563100
vt 0.764700 0.571500
vt 0.781500 0.551600
vt 0.771700 0.542700
vt 0.791500 0.560400
vt 0.812700 0.577800
vt 0.801800 0.569100
vt 0.828300 0.649700
vt 0.843200 0.659700
vt 0.813600 0.639200
vt 0.838700 0.627600
vt 0.852800 0.637300
vt 0.824900 0.617700
vt 0.799500 0.628700
vt 0.811600 0.607800
vt 0.824500 0.587000
vt 0.836900 0.596400
vt 0.863000 0.615100
vt 0.849900 0.605800
vt 0.903100 0.640000
vt 0.889400 0.632500
vt 0.896400 0.662000
vt 0.881400 0.654600
vt 0.858300 0.668900
vt 0.866900 0.646300
vt 0.873700 0.677300
vt 0.876100 0.624100
vt 0.584900 0.812300
vt 0.580800 0.811600
vt 0.589700 0.813100
vt 0.581400 0.816900
vt 0.578000 0.816200
vt 0.585800 0.817800
vt 0.595700 0.814200
vt 0.592400 0.818800
vt 0.589800 0.827700
vt 0.590600 0.823300
vt 0.582200 0.826200
vt 0.583400 0.822100
vt 0.577200 0.825600
vt 0.572500 0.825400
vt 0.575300 0.820800
vt 0.578700 0.821300
vt 0.596500 0.845300
vt 0.588700 0.843400
vt 0.591300 0.837700
vt 0.583500 0.835800
vt 0.576100 0.839900
vt 0.582100 0.841600
vt 0.574900 0.835000
vt 0.578500 0.835100
vt 0.577000 0.830000
vt 0.573700 0.830200
vt 0.581800 0.830400
vt 0.589500 0.832200
vt 0.070100 0.467300
vt 0.072300 0.459900
vt 0.087500 0.465800
vt 0.084300 0.472900
vt 0.074200 0.452400
vt 0.075900 0.444900
vt 0.094100 0.451900
vt 0.090800 0.458800
vt 0.130300 0.465800
vt 0.126200 0.475600
vt 0.108100 0.466200
vt 0.112200 0.458900
vt 0.121400 0.483200
vt 0.104000 0.473500
vt 0.116300 0.490200
vt 0.111000 0.497100
vt 0.095800 0.487500
vt 0.099900 0.480400
vt 0.081400 0.480200
vt 0.105400 0.504300
vt 0.091800 0.494900
vt 0.099500 0.511900
vt 0.087700 0.502700
vt 0.079000 0.488000
vt 0.076700 0.496200
vt 0.093400 0.519700
vt 0.086900 0.527700
vt 0.078700 0.518900
vt 0.083400 0.510700
vt 0.071300 0.513100
vt 0.074300 0.504600
vt 0.080100 0.536000
vt 0.073300 0.527200
vt 0.072900 0.544000
vt 0.067400 0.535200
vt 0.067400 0.521500
vt 0.015800 0.726200
vt 0.039000 0.727200
vt 0.043300 0.756000
vt 0.021400 0.760100
vt 0.060000 0.724500
vt 0.064800 0.751400
vt 0.049300 0.787000
vt 0.027000 0.794100
vt 0.071000 0.779800
vt 0.079900 0.720100
vt 0.098700 0.714500
vt 0.104400 0.738900
vt 0.085100 0.745700
vt 0.110800 0.763900
vt 0.091600 0.772100
vt 0.128600 0.814600
vt 0.110800 0.826200
vt 0.099900 0.799100
vt 0.118700 0.789200
vt 0.091000 0.837900
vt 0.079300 0.808800
vt 0.068300 0.849700
vt 0.038300 0.862000
vt 0.032700 0.828000
vt 0.056500 0.818400
vt 0.262900 0.709100
vt 0.254400 0.692600
vt 0.270000 0.681700
vt 0.278900 0.697800
vt 0.245500 0.675400
vt 0.260600 0.664800
vt 0.284900 0.672000
vt 0.294100 0.687900
vt 0.275000 0.655200
vt 0.236000 0.657400
vt 0.225600 0.638500
vt 0.239200 0.628600
vt 0.250500 0.647200
vt 0.252700 0.619500
vt 0.264500 0.637800
vt 0.281900 0.603500
vt 0.292500 0.620700
vt 0.278500 0.629000
vt 0.266400 0.611000
vt 0.303000 0.637800
vt 0.289100 0.646300
vt 0.313600 0.654900
vt 0.324200 0.672100
vt 0.308900 0.679300
vt 0.299300 0.663200
vt 0.165000 0.681900
vt 0.180700 0.671400
vt 0.188600 0.692200
vt 0.172200 0.703500
vt 0.196100 0.660300
vt 0.204800 0.680400
vt 0.195700 0.712300
vt 0.178800 0.724500
vt 0.212700 0.699700
vt 0.211200 0.649200
vt 0.220700 0.668700
vt 0.229400 0.687200
vt 0.245800 0.722100
vt 0.237600 0.705000
vt 0.228000 0.736300
vt 0.220200 0.718300
vt 0.210100 0.750800
vt 0.192800 0.765000
vt 0.185400 0.744900
vt 0.202600 0.731800
vt 0.116300 0.707900
vt 0.122400 0.731400
vt 0.133100 0.700200
vt 0.139400 0.723000
vt 0.128700 0.755200
vt 0.145700 0.745800
vt 0.149200 0.691500
vt 0.155900 0.713700
vt 0.162300 0.735600
vt 0.176600 0.778300
vt 0.168900 0.757100
vt 0.160900 0.790800
vt 0.152600 0.768400
vt 0.145100 0.802800
vt 0.136100 0.779000
vt 0.172500 0.558500
vt 0.157400 0.540400
vt 0.166400 0.532700
vt 0.182600 0.550400
vt 0.142000 0.523900
vt 0.149800 0.516600
vt 0.174900 0.525200
vt 0.192200 0.542400
vt 0.157200 0.509500
vt 0.126400 0.509300
vt 0.133100 0.502300
vt 0.139200 0.495300
vt 0.150700 0.480400
vt 0.145100 0.488000
vt 0.171000 0.495100
vt 0.164200 0.502300
vt 0.191400 0.509700
vt 0.211700 0.524300
vt 0.201700 0.534000
vt 0.183200 0.517400
vt 0.104000 0.532100
vt 0.096000 0.540200
vt 0.111800 0.524200
vt 0.115200 0.547400
vt 0.105700 0.555800
vt 0.124500 0.539300
vt 0.119300 0.516600
vt 0.133500 0.531500
vt 0.161600 0.567000
vt 0.147700 0.548400
vt 0.150100 0.575900
vt 0.137300 0.556700
vt 0.138200 0.584800
vt 0.126200 0.593800
vt 0.115800 0.573800
vt 0.126600 0.565200
vt 0.087800 0.548500
vt 0.096100 0.564300
vt 0.079300 0.556700
vt 0.086500 0.572600
vt 0.114200 0.602700
vt 0.105000 0.582600
vt 0.102100 0.611200
vt 0.094100 0.591000
vt 0.089600 0.618800
vt 0.082900 0.598600
vt 0.076500 0.580100
vt 0.307200 0.972800
vt 0.269200 0.977500
vt 0.267100 0.959500
vt 0.300600 0.948200
vt 0.231200 0.982300
vt 0.232800 0.964100
vt 0.265700 0.942300
vt 0.297000 0.931800
vt 0.234700 0.946300
vt 0.193200 0.987100
vt 0.155200 0.991900
vt 0.167100 0.958000
vt 0.199000 0.965200
vt 0.176500 0.935400
vt 0.204700 0.944500
vt 0.194200 0.899500
vt 0.216600 0.909400
vt 0.210400 0.926300
vt 0.185400 0.916400
vt 0.241100 0.913400
vt 0.237300 0.929600
vt 0.267300 0.911800
vt 0.295200 0.904700
vt 0.295200 0.917700
vt 0.265700 0.926700
vt 0.342800 0.795800
vt 0.329700 0.790100
vt 0.340600 0.778800
vt 0.351900 0.785700
vt 0.318300 0.783300
vt 0.330700 0.771300
vt 0.351400 0.769000
vt 0.361100 0.776800
vt 0.342900 0.760900
vt 0.308100 0.775200
vt 0.298600 0.765400
vt 0.313300 0.752700
vt 0.321800 0.762700
vt 0.327600 0.742100
vt 0.335200 0.752100
vt 0.356400 0.726700
vt 0.361700 0.734900
vt 0.348400 0.743100
vt 0.341700 0.733300
vt 0.367000 0.743100
vt 0.355000 0.751700
vt 0.372300 0.751400
vt 0.377600 0.759600
vt 0.370000 0.768500
vt 0.361900 0.760000
vt 0.311100 0.849000
vt 0.289700 0.850000
vt 0.298600 0.833900
vt 0.318000 0.834700
vt 0.270400 0.847900
vt 0.281300 0.830700
vt 0.308400 0.818200
vt 0.325700 0.820700
vt 0.293200 0.813700
vt 0.253200 0.842300
vt 0.237900 0.833100
vt 0.252200 0.815300
vt 0.265900 0.824500
vt 0.267400 0.797500
vt 0.279600 0.806900
vt 0.293900 0.790200
vt 0.283100 0.780600
vt 0.305700 0.797700
vt 0.334000 0.807600
vt 0.318900 0.803400
vt 0.270600 0.896700
vt 0.297000 0.891200
vt 0.246200 0.897300
vt 0.275600 0.881400
vt 0.300400 0.877400
vt 0.252900 0.881100
vt 0.203700 0.883000
vt 0.223900 0.892800
vt 0.213900 0.866600
vt 0.232300 0.876200
vt 0.242100 0.859500
vt 0.225200 0.850100
vt 0.260900 0.864600
vt 0.305200 0.863300
vt 0.281900 0.865800
vt 0.423400 0.842600
vt 0.394300 0.875200
vt 0.387800 0.873700
vt 0.408500 0.851900
vt 0.365300 0.907700
vt 0.360700 0.900300
vt 0.381700 0.871700
vt 0.400900 0.853600
vt 0.356600 0.892900
vt 0.336300 0.940200
vt 0.331700 0.926800
vt 0.327800 0.914100
vt 0.324400 0.892200
vt 0.325400 0.902900
vt 0.351700 0.877600
vt 0.353400 0.885500
vt 0.373700 0.864200
vt 0.387200 0.855200
vt 0.393700 0.854400
vt 0.376500 0.868800
vt 0.394500 0.810200
vt 0.386200 0.808100
vt 0.390300 0.803700
vt 0.399600 0.808600
vt 0.373200 0.804900
vt 0.378500 0.798400
vt 0.395800 0.800300
vt 0.405100 0.806900
vt 0.384600 0.792800
vt 0.358000 0.800700
vt 0.365100 0.792300
vt 0.372500 0.784900
vt 0.387300 0.771400
vt 0.379900 0.778000
vt 0.397000 0.783100
vt 0.390800 0.787800
vt 0.406800 0.794900
vt 0.416500 0.806700
vt 0.410000 0.805700
vt 0.401300 0.797400
vt 0.399600 0.829400
vt 0.381400 0.834300
vt 0.382700 0.827100
vt 0.399600 0.824100
vt 0.359200 0.840000
vt 0.362100 0.830500
vt 0.383800 0.820200
vt 0.398900 0.818900
vt 0.365400 0.821200
vt 0.335000 0.845300
vt 0.339900 0.833200
vt 0.345400 0.821600
vt 0.351400 0.810600
vt 0.368900 0.812600
vt 0.397000 0.814000
vt 0.384500 0.813700
vt 0.375100 0.857100
vt 0.392800 0.848200
vt 0.352300 0.868600
vt 0.378100 0.849000
vt 0.397200 0.840800
vt 0.354100 0.859100
vt 0.325200 0.880900
vt 0.327400 0.869300
vt 0.330800 0.857400
vt 0.356500 0.849600
vt 0.399100 0.834700
vt 0.380000 0.841500
vt 0.088000 0.880600
vt 0.067500 0.894500
vt 0.107500 0.866800
vt 0.112500 0.910200
vt 0.096800 0.926900
vt 0.127900 0.893800
vt 0.141200 0.839700
vt 0.125100 0.853200
vt 0.156400 0.863200
vt 0.142500 0.878200
vt 0.162600 0.899900
vt 0.174100 0.883600
vt 0.150900 0.917600
vt 0.126000 0.959400
vt 0.138600 0.937900
vt 0.287700 0.713200
vt 0.271600 0.725000
vt 0.302900 0.703000
vt 0.311400 0.717200
vt 0.296300 0.727700
vt 0.332200 0.685700
vt 0.317700 0.694100
vt 0.340300 0.699400
vt 0.325900 0.708000
vt 0.334000 0.721300
vt 0.348300 0.713000
vt 0.319600 0.730300
vt 0.289400 0.753500
vt 0.304800 0.740900
vt 0.218800 0.769400
vt 0.201700 0.784800
vt 0.236500 0.753800
vt 0.228600 0.786900
vt 0.212200 0.803400
vt 0.245900 0.770300
vt 0.254400 0.738800
vt 0.263400 0.754400
vt 0.273000 0.768500
vt 0.256200 0.785100
vt 0.224200 0.819800
vt 0.239700 0.802400
vt 0.156300 0.826400
vt 0.171100 0.813000
vt 0.169900 0.848500
vt 0.183300 0.833900
vt 0.186000 0.799300
vt 0.197200 0.818900
vt 0.210300 0.836200
vt 0.197600 0.852100
vt 0.185700 0.867800
vt 0.075200 0.696000
vt 0.093000 0.690900
vt 0.056400 0.699700
vt 0.070800 0.672900
vt 0.087500 0.668100
vt 0.053400 0.676600
vt 0.036600 0.702100
vt 0.213800 0.618600
vt 0.226700 0.609100
vt 0.200900 0.598200
vt 0.212900 0.589100
vt 0.239200 0.600200
vt 0.224400 0.580500
vt 0.187100 0.578000
vt 0.198200 0.569400
vt 0.208700 0.561000
vt 0.229300 0.544100
vt 0.219100 0.552600
vt 0.246800 0.563900
vt 0.235700 0.572100
vt 0.264400 0.583700
vt 0.251800 0.591800
vt 0.156400 0.659700
vt 0.171400 0.649700
vt 0.146900 0.637300
vt 0.161000 0.627600
vt 0.186000 0.639200
vt 0.174800 0.617700
vt 0.136700 0.615100
vt 0.149800 0.605800
vt 0.162700 0.596400
vt 0.175200 0.587000
vt 0.188100 0.607800
vt 0.200200 0.628700
vt 0.076600 0.625200
vt 0.096400 0.640000
vt 0.082000 0.646200
vt 0.110200 0.632500
vt 0.103200 0.662000
vt 0.118200 0.654600
vt 0.123600 0.624100
vt 0.132700 0.646300
vt 0.141400 0.668900
vt 0.125900 0.677300
vt 0.109900 0.684700
vt 0.419200 0.811300
vt 0.415600 0.811700
vt 0.422000 0.815900
vt 0.419200 0.816300
vt 0.411300 0.812300
vt 0.415200 0.816900
vt 0.424800 0.820500
vt 0.427600 0.825100
vt 0.423400 0.824800
vt 0.421900 0.820700
vt 0.418800 0.825200
vt 0.417600 0.821100
vt 0.410700 0.822200
vt 0.411400 0.826500
vt 0.408900 0.817800
vt 0.405500 0.813300
vt 0.404300 0.843800
vt 0.409700 0.836300
vt 0.412000 0.841800
vt 0.417300 0.834400
vt 0.411600 0.830900
vt 0.419100 0.829200
vt 0.426500 0.829500
vt 0.423600 0.829000
vt 0.425500 0.833900
vt 0.422100 0.833800
vt 0.424400 0.838200
vt 0.418500 0.840000
s 1
usemtl 10051_Squirrel
f 2/1/1 4/2/2 5/3/3 3/4/4
f 3/4/4 5/3/3 7/5/5 6/6/6
f 8/7/7 9/8/8 10/9/9 11/10/10
f 11/10/10 10/9/9 12/11/11 13/12/12
f 4/2/2 8/7/7 11/10/10 5/3/3
f 5/3/3 11/10/10 13/12/12 7/5/5
f 14/13/13 15/14/14 16/15/15 17/16/16
f 15/14/14 18/17/17 19/18/18 16/15/15
f 17/16/16 16/15/15 13/12/12 12/11/11
f 16/15/15 19/18/18 7/5/5 13/12/12
f 18/17/17 20/19/19 21/20/20 19/18/18
f 19/18/18 21/20/20 6/6/6 7/5/5
f 22/21/21 24/22/22 25/23/23 23/24/24
f 23/24/24 25/23/23 27/25/25 26/26/26
f 28/27/27 29/28/28 30/29/29 31/30/30
f 31/30/30 30/29/29 32/31/31 33/32/32
f 24/22/22 28/27/27 31/30/30 25/23/23
f 25/23/23 31/30/30 33/32/32 27/25/25
f 9/8/8 8/7/7 34/33/33 35/34/34
f 8/7/7 4/2/2 36/35/35 34/33/33
f 35/34/34 34/33/33 33/32/32 32/31/31
f 34/33/33 36/35/35 27/25/25 33/32/32
f 4/2/2 2/1/1 37/36/36 36/35/35
f 36/35/35 37/36/36 26/26/26 27/25/25
f 29/28/28 28/27/27 38/37/37 39/38/38
f 28/27/27 24/22/22 40/39/39 38/37/37
f 39/38/38 38/37/37 41/40/40 42/41/41
f 38/37/37 40/39/39 43/42/42 41/40/40
f 24/22/22 22/21/21 44/43/43 40/39/39
f 40/39/39 44/43/43 45/44/44 43/42/42
f 48/45/45 47/46/46 42/41/41 41/40/40
f 46/47/47 48/45/45 41/40/40 43/42/42
f 50/48/48 52/49/49 53/50/50 51/51/51
f 55/52/52 56/53/53 57/54/54 58/55/55
f 58/55/55 57/54/54 59/56/56 60/57/57
f 52/49/49 55/52/52 58/55/55 53/50/50
f 53/50/50 58/55/55 60/57/57 54/58/58
f 61/59/59 62/60/60 63/61/61 64/62/62
f 62/60/60 65/63/63 66/64/64 63/61/61
f 64/62/62 63/61/61 60/57/57 59/56/56
f 63/61/61 66/64/64 54/58/58 60/57/57
f 67/65/65 68/66/66 69/67/67 70/68/68
f 68/66/66 71/69/69 72/70/70 69/67/67
f 70/68/68 69/67/67 73/71/71 74/72/72
f 69/67/67 72/70/70 75/73/73 73/71/71
f 76/74/74 77/75/75 78/76/76 79/77/77
f 79/77/77 78/76/76 80/78/78 81/79/79
f 71/69/69 76/74/74 79/77/77 72/70/70
f 72/70/70 79/77/77 81/79/79 75/73/73
f 82/80/80 83/81/81 84/82/82 85/83/83
f 83/81/81 86/84/84 87/85/85 84/82/82
f 85/83/83 84/82/82 81/79/79 80/78/78
f 84/82/82 87/85/85 75/73/73 81/79/79
f 88/86/86 89/87/87 90/88/88 91/89/89
f 91/89/89 90/88/88 74/72/72 73/71/71
f 86/84/84 88/86/86 91/89/89 87/85/85
f 87/85/85 91/89/89 73/71/71 75/73/73
f 92/90/90 93/91/91 94/92/92 95/93/93
f 93/91/91 96/94/94 97/95/95 94/92/92
f 95/93/93 94/92/92 98/96/96 99/97/97
f 94/92/92 97/95/95 100/98/98 98/96/96
f 101/99/99 102/100/100 103/101/101 104/102/102
f 104/102/102 103/101/101 105/103/103 106/104/104
f 96/94/94 101/99/99 104/102/102 97/95/95
f 97/95/95 104/102/102 106/104/104 100/98/98
f 67/65/65 70/68/68 107/105/105 108/106/106
f 70/68/68 74/72/72 109/107/107 107/105/105
f 108/106/106 107/105/105 106/104/104 105/103/103
f 107/105/105 109/107/107 100/98/98 106/104/104
f 90/88/88 89/87/87 110/108/108 111/109/109
f 111/109/109 110/108/108 99/97/97 98/96/96
f 74/72/72 90/88/88 111/109/109 109/107/107
f 109/107/107 111/109/109 98/96/96 100/98/98
f 112/110/110 113/111/111 116/112/112 114/113/113
f 62/60/60 61/59/59 117/114/114 118/115/115
f 118/115/115 117/114/114 119/116/116 120/117/117
f 65/63/63 62/60/60 118/115/115 113/111/111
f 113/111/111 118/115/115 120/117/117 116/112/112
f 102/100/100 101/99/99 121/118/118 122/119/119
f 101/99/99 96/94/94 123/120/120 121/118/118
f 122/119/119 121/118/118 120/117/117 119/116/116
f 121/118/118 123/120/120 116/112/112 120/117/117
f 93/91/91 92/90/90 124/121/121 125/122/122
f 125/122/122 124/121/121 115/123/123 114/113/113
f 96/94/94 93/91/91 125/122/122 123/120/120
f 123/120/120 125/122/122 114/113/113 116/112/112
f 127/124/124 128/125/125 129/126/126 130/127/127
f 128/125/125 131/128/128 132/129/129 129/126/126
f 130/127/127 129/126/126 133/130/130 134/131/131
f 129/126/126 132/129/129 135/132/132 133/130/130
f 136/133/133 137/134/134 138/135/135 139/136/136
f 139/136/136 138/135/135 140/137/137 141/138/138
f 131/128/128 136/133/133 139/136/136 132/129/129
f 132/129/129 139/136/136 141/138/138 135/132/132
f 14/13/13 17/16/16 142/139/139 143/140/140
f 17/16/16 12/11/11 144/141/141 142/139/139
f 143/140/140 142/139/139 141/138/138 140/137/137
f 142/139/139 144/141/141 135/132/132 141/138/138
f 10/9/9 9/8/8 145/142/142 146/143/143
f 146/143/143 145/142/142 134/131/131 133/130/130
f 12/11/11 10/9/9 146/143/143 144/141/141
f 144/141/141 146/143/143 133/130/130 135/132/132
f 29/28/28 147/144/144 148/145/145 30/29/29
f 147/144/144 149/146/146 150/147/147 148/145/145
f 30/29/29 148/145/145 151/148/148 32/31/31
f 148/145/145 150/147/147 152/149/149 151/148/148
f 153/150/150 154/151/151 155/152/152 156/153/153
f 156/153/153 155/152/152 157/154/154 158/155/155
f 149/146/146 153/150/150 156/153/153 150/147/147
f 150/147/147 156/153/153 158/155/155 152/149/149
f 127/124/124 130/127/127 159/156/156 160/157/157
f 130/127/127 134/131/131 161/158/158 159/156/156
f 160/157/157 159/156/156 158/155/155 157/154/154
f 159/156/156 161/158/158 152/149/149 158/155/155
f 145/142/142 9/8/8 35/34/34 162/159/159
f 162/159/159 35/34/34 32/31/31 151/148/148
f 134/131/131 145/142/142 162/159/159 161/158/158
f 161/158/158 162/159/159 151/148/148 152/149/149
f 1/160/160 126/161/161 163/162/162 47/46/46
f 47/46/46 163/162/162 165/163/163 42/41/41
f 163/162/162 164/164/164 166/165/165 165/163/163
f 168/166/166 167/167/167 169/168/168 170/169/169
f 164/164/164 168/166/166 170/169/169 166/165/165
f 154/151/151 153/150/150 171/170/170 172/171/171
f 153/150/150 149/146/146 173/172/172 171/170/170
f 172/171/171 171/170/170 170/169/169 169/168/168
f 171/170/170 173/172/172 166/165/165 170/169/169
f 147/144/144 29/28/28 39/38/38 174/173/173
f 174/173/173 39/38/38 42/41/41 165/163/163
f 149/146/146 147/144/144 174/173/173 173/172/172
f 173/172/172 174/173/173 165/163/163 166/165/165
f 175/174/174 176/175/175 177/176/176 178/177/177
f 176/175/175 179/178/178 180/179/179 177/176/176
f 178/177/177 177/176/176 181/180/180 182/181/181
f 177/176/176 180/179/179 183/182/182 181/180/180
f 184/183/183 185/184/184 186/185/185 187/186/186
f 187/186/186 186/185/185 188/187/187 189/188/188
f 179/178/178 184/183/183 187/186/186 180/179/179
f 180/179/179 187/186/186 189/188/188 183/182/182
f 190/189/189 191/190/190 192/191/191 193/192/192
f 191/190/190 194/193/193 195/194/194 192/191/191
f 193/192/192 192/191/191 189/188/188 188/187/187
f 192/191/191 195/194/194 183/182/182 189/188/188
f 196/195/195 197/196/196 198/197/197 199/198/198
f 199/198/198 198/197/197 182/181/181 181/180/180
f 194/193/193 196/195/195 199/198/198 195/194/194
f 195/194/194 199/198/198 181/180/180 183/182/182
f 200/199/199 201/200/200 202/201/201 203/202/202
f 201/200/200 204/203/203 205/204/204 202/201/201
f 203/202/202 202/201/201 206/205/205 207/206/206
f 202/201/201 205/204/204 208/207/207 206/205/205
f 209/208/208 210/209/209 211/210/210 212/211/211
f 212/211/211 211/210/210 213/212/212 214/213/213
f 204/203/203 209/208/208 212/211/211 205/204/204
f 205/204/204 212/211/211 214/213/213 208/207/207
f 215/214/214 216/215/215 217/216/216 218/217/217
f 216/215/215 219/218/218 220/219/219 217/216/216
f 218/217/217 217/216/216 214/213/213 213/212/212
f 217/216/216 220/219/219 208/207/207 214/213/213
f 221/220/220 222/221/221 223/222/222 224/223/223
f 224/223/223 223/222/222 207/206/206 206/205/205
f 219/218/218 221/220/220 224/223/223 220/219/219
f 220/219/219 224/223/223 206/205/205 208/207/207
f 225/224/224 226/225/225 227/226/226 228/227/227
f 226/225/225 229/228/228 230/229/229 227/226/226
f 228/227/227 227/226/226 231/230/230 232/231/231
f 227/226/226 230/229/229 233/232/232 231/230/230
f 234/233/233 200/199/199 203/202/202 235/234/234
f 235/234/234 203/202/202 207/206/206 236/235/235
f 229/228/228 234/233/233 235/234/234 230/229/229
f 230/229/229 235/234/234 236/235/235 233/232/232
f 222/221/221 237/236/236 238/237/237 223/222/222
f 237/236/236 239/238/238 240/239/239 238/237/237
f 223/222/222 238/237/237 236/235/235 207/206/206
f 238/237/237 240/239/239 233/232/232 236/235/235
f 241/240/240 242/241/241 243/242/242 244/243/243
f 244/243/243 243/242/242 232/231/231 231/230/230
f 239/238/238 241/240/240 244/243/243 240/239/239
f 240/239/239 244/243/243 231/230/230 233/232/232
f 185/184/184 245/244/244 246/245/245 186/185/185
f 245/244/244 247/246/246 248/247/247 246/245/245
f 186/185/185 246/245/245 249/248/248 188/187/187
f 246/245/245 248/247/247 250/249/249 249/248/248
f 251/250/250 225/224/224 228/227/227 252/251/251
f 252/251/251 228/227/227 232/231/231 253/252/252
f 247/246/246 251/250/250 252/251/251 248/247/247
f 248/247/247 252/251/251 253/252/252 250/249/249
f 242/241/241 254/253/253 255/254/254 243/242/242
f 254/253/253 256/255/255 257/256/256 255/254/254
f 243/242/242 255/254/254 253/252/252 232/231/231
f 255/254/254 257/256/256 250/249/249 253/252/252
f 258/257/257 190/189/189 193/192/192 259/258/258
f 259/258/258 193/192/192 188/187/187 249/248/248
f 256/255/255 258/257/257 259/258/258 257/256/256
f 257/256/256 259/258/258 249/248/248 250/249/249
f 260/259/259 261/260/260 262/261/261 263/262/262
f 261/260/260 264/263/263 265/264/264 262/261/261
f 263/262/262 262/261/261 266/265/265 267/266/266
f 262/261/261 265/264/264 268/267/267 266/265/265
f 269/268/268 270/269/269 271/270/270 272/271/271
f 272/271/271 271/270/270 273/272/272 274/273/273
f 264/263/263 269/268/268 272/271/271 265/264/264
f 265/264/264 272/271/271 274/273/273 268/267/267
f 185/184/184 184/183/183 275/274/274 276/275/275
f 184/183/183 179/178/178 277/276/276 275/274/274
f 276/275/275 275/274/274 274/273/273 273/272/272
f 275/274/274 277/276/276 268/267/267 274/273/273
f 176/175/175 175/174/174 278/277/277 279/278/278
f 279/278/278 278/277/277 267/266/266 266/265/265
f 179/178/178 176/175/175 279/278/278 277/276/276
f 277/276/276 279/278/278 266/265/265 268/267/267
f 280/279/279 281/280/280 282/281/281 283/282/282
f 281/280/280 284/283/283 285/284/284 282/281/281
f 283/282/282 282/281/281 286/285/285 287/286/286
f 282/281/281 285/284/284 288/287/287 286/285/285
f 289/288/288 290/289/289 291/290/290 292/291/291
f 292/291/291 291/290/290 293/292/292 294/293/293
f 284/283/283 289/288/288 292/291/291 285/284/284
f 285/284/284 292/291/291 294/293/293 288/287/287
f 210/209/209 209/208/208 295/294/294 296/295/295
f 209/208/208 204/203/203 297/296/296 295/294/294
f 296/295/295 295/294/294 294/293/293 293/292/292
f 295/294/294 297/296/296 288/287/287 294/293/293
f 201/200/200 200/199/199 298/297/297 299/298/298
f 299/298/298 298/297/297 287/286/286 286/285/285
f 204/203/203 201/200/200 299/298/298 297/296/296
f 297/296/296 299/298/298 286/285/285 288/287/287
f 300/299/299 301/300/300 302/301/301 303/302/302
f 301/300/300 304/303/303 305/304/304 302/301/301
f 303/302/302 302/301/301 306/305/305 307/306/306
f 302/301/301 305/304/304 308/307/307 306/305/305
f 309/308/308 280/279/279 283/282/282 310/309/309
f 310/309/309 283/282/282 287/286/286 311/310/310
f 304/303/303 309/308/308 310/309/309 305/304/304
f 305/304/304 310/309/309 311/310/310 308/307/307
f 200/199/199 234/233/233 312/311/311 298/297/297
f 234/233/233 229/228/228 313/312/312 312/311/311
f 298/297/297 312/311/311 311/310/310 287/286/286
f 312/311/311 313/312/312 308/307/307 311/310/310
f 226/225/225 225/224/224 314/313/313 315/314/314
f 315/314/314 314/313/313 307/306/306 306/305/305
f 229/228/228 226/225/225 315/314/314 313/312/312
f 313/312/312 315/314/314 306/305/305 308/307/307
f 270/269/269 316/315/315 317/316/316 271/270/270
f 316/315/315 318/317/317 319/318/318 317/316/316
f 271/270/270 317/316/316 320/319/319 273/272/272
f 317/316/316 319/318/318 321/320/320 320/319/319
f 322/321/321 300/299/299 303/302/302 323/322/322
f 323/322/322 303/302/302 307/306/306 324/323/323
f 318/317/317 322/321/321 323/322/322 319/318/318
f 319/318/318 323/322/322 324/323/323 321/320/320
f 225/224/224 251/250/250 325/324/324 314/313/313
f 251/250/250 247/246/246 326/325/325 325/324/324
f 314/313/313 325/324/324 324/323/323 307/306/306
f 325/324/324 326/325/325 321/320/320 324/323/323
f 245/244/244 185/184/184 276/275/275 327/326/326
f 327/326/326 276/275/275 273/272/272 320/319/319
f 247/246/246 245/244/244 327/326/326 326/325/325
f 326/325/325 327/326/326 320/319/319 321/320/320
f 56/53/53 328/327/327 329/328/328 57/54/54
f 328/327/327 330/329/329 331/330/330 329/328/328
f 57/54/54 329/328/328 332/331/331 59/56/56
f 329/328/328 331/330/330 333/332/332 332/331/331
f 334/333/333 197/196/196 196/195/195 335/334/334
f 335/334/334 196/195/195 194/193/193 336/335/335
f 330/329/329 334/333/333 335/334/334 331/330/330
f 331/330/330 335/334/334 336/335/335 333/332/332
f 190/189/189 337/336/336 338/337/337 191/190/190
f 337/336/336 339/338/338 340/339/339 338/337/337
f 191/190/190 338/337/337 336/335/335 194/193/193
f 338/337/337 340/339/339 333/332/332 336/335/335
f 341/340/340 61/59/59 64/62/62 342/341/341
f 342/341/341 64/62/62 59/56/56 332/331/331
f 339/338/338 341/340/340 342/341/341 340/339/339
f 340/339/339 342/341/341 332/331/331 333/332/332
f 67/65/65 343/342/342 344/343/343 68/66/66
f 343/342/342 345/344/344 346/345/345 344/343/343
f 68/66/66 344/343/343 347/346/346 71/69/69
f 344/343/343 346/345/345 348/347/347 347/346/346
f 349/348/348 222/221/221 221/220/220 350/349/349
f 350/349/349 221/220/220 219/218/218 351/350/350
f 345/344/344 349/348/348 350/349/349 346/345/345
f 346/345/345 350/349/349 351/350/350 348/347/347
f 215/214/214 352/351/351 353/352/352 216/215/215
f 352/351/351 354/353/353 355/354/354 353/352/352
f 216/215/215 353/352/352 351/350/350 219/218/218
f 353/352/352 355/354/354 348/347/347 351/350/350
f 356/355/355 77/75/75 76/74/74 357/356/356
f 357/356/356 76/74/74 71/69/69 347/346/346
f 354/353/353 356/355/355 357/356/356 355/354/354
f 355/354/354 357/356/356 347/346/346 348/347/347
f 102/100/100 358/357/357 359/358/358 103/101/101
f 358/357/357 360/359/359 361/360/360 359/358/358
f 103/101/101 359/358/358 362/361/361 105/103/103
f 359/358/358 361/360/360 363/362/362 362/361/361
f 364/363/363 242/241/241 241/240/240 365/364/364
f 365/364/364 241/240/240 239/238/238 366/365/365
f 360/359/359 364/363/363 365/364/364 361/360/360
f 361/360/360 365/364/364 366/365/365 363/362/362
f 222/221/221 349/348/348 367/366/366 237/236/236
f 349/348/348 345/344/344 368/367/367 367/366/366
f 237/236/236 367/366/366 366/365/365 239/238/238
f 367/366/366 368/367/367 363/362/362 366/365/365
f 343/342/342 67/65/65 108/106/106 369/368/368
f 369/368/368 108/106/106 105/103/103 362/361/361
f 345/344/344 343/342/342 369/368/368 368/367/367
f 368/367/367 369/368/368 362/361/361 363/362/362
f 61/59/59 341/340/340 370/369/369 117/114/114
f 341/340/340 339/338/338 371/370/370 370/369/369
f 117/114/114 370/369/369 372/371/371 119/116/116
f 370/369/369 371/370/370 373/372/372 372/371/371
f 337/336/336 190/189/189 258/257/257 374/373/373
f 374/373/373 258/257/257 256/255/255 375/374/374
f 339/338/338 337/336/336 374/373/373 371/370/370
f 371/370/370 374/373/373 375/374/374 373/372/372
f 242/241/241 364/363/363 376/375/375 254/253/253
f 364/363/363 360/359/359 377/376/376 376/375/375
f 254/253/253 376/375/375 375/374/374 256/255/255
f 376/375/375 377/376/376 373/372/372 375/374/374
f 358/357/357 102/100/100 122/119/119 378/377/377
f 378/377/377 122/119/119 119/116/116 372/371/371
f 360/359/359 358/357/357 378/377/377 377/376/376
f 377/376/376 378/377/377 372/371/371 373/372/372
f 89/87/87 88/86/86 379/378/378 380/379/379
f 88/86/86 86/84/84 381/380/380 379/378/378
f 380/379/379 379/378/378 382/381/381 383/382/382
f 379/378/378 381/380/380 384/383/383 382/381/381
f 83/81/81 82/80/80 385/384/384 386/385/385
f 386/385/385 385/384/384 387/386/386 388/387/387
f 86/84/84 83/81/81 386/385/385 381/380/380
f 381/380/380 386/385/385 388/387/387 384/383/383
f 137/134/134 136/133/133 389/388/388 390/389/389
f 136/133/133 131/128/128 391/390/390 389/388/388
f 390/389/389 389/388/388 388/387/387 387/386/386
f 389/388/388 391/390/390 384/383/383 388/387/387
f 128/125/125 127/124/124 392/391/391 393/392/392
f 393/392/392 392/391/391 383/382/382 382/381/381
f 131/128/128 128/125/125 393/392/392 391/390/390
f 391/390/390 393/392/392 382/381/381 384/383/383
f 92/90/90 95/93/93 394/393/393 395/394/394
f 95/93/93 99/97/97 396/395/395 394/393/393
f 395/394/394 394/393/393 397/396/396 398/397/397
f 394/393/393 396/395/395 399/398/398 397/396/396
f 110/108/108 89/87/87 380/379/379 400/399/399
f 400/399/399 380/379/379 383/382/382 401/400/400
f 99/97/97 110/108/108 400/399/399 396/395/395
f 396/395/395 400/399/399 401/400/400 399/398/398
f 127/124/124 160/157/157 402/401/401 392/391/391
f 160/157/157 157/154/154 403/402/402 402/401/401
f 392/391/391 402/401/401 401/400/400 383/382/382
f 402/401/401 403/402/402 399/398/398 401/400/400
f 155/152/152 154/151/151 404/403/403 405/404/404
f 405/404/404 404/403/403 398/397/397 397/396/396
f 157/154/154 155/152/152 405/404/404 403/402/402
f 403/402/402 405/404/404 397/396/396 399/398/398
f 167/167/167 406/405/405 408/406/406 169/168/168
f 406/405/405 407/407/407 409/408/408 408/406/406
f 92/90/90 395/394/394 411/409/409 124/121/121
f 395/394/394 398/397/397 412/410/410 411/409/409
f 124/121/121 411/409/409 410/411/411 115/123/123
f 411/409/409 412/410/410 409/408/408 410/411/411
f 404/403/403 154/151/151 172/171/171 413/412/412
f 413/412/412 172/171/171 169/168/168 408/406/406
f 398/397/397 404/403/403 413/412/412 412/410/410
f 412/410/410 413/412/412 408/406/406 409/408/408
f 290/289/289 289/288/288 414/413/413 415/414/414
f 289/288/288 284/283/283 416/415/415 414/413/413
f 415/414/414 414/413/413 417/416/416 418/417/417
f 414/413/413 416/415/415 419/418/418 417/416/416
f 281/280/280 280/279/279 309/308/308 420/419/419
f 420/419/419 309/308/308 304/303/303 421/420/420
f 284/283/283 281/280/280 420/419/419 416/415/415
f 416/415/415 420/419/419 421/420/420 419/418/418
f 300/299/299 422/421/421 423/422/422 301/300/300
f 422/421/421 424/423/423 425/424/424 423/422/422
f 301/300/300 423/422/422 421/420/420 304/303/303
f 423/422/422 425/424/424 419/418/418 421/420/420
f 426/425/425 427/426/426 428/427/427 429/428/428
f 429/428/428 428/427/427 418/417/417 417/416/416
f 424/423/423 426/425/425 429/428/428 425/424/424
f 425/424/424 429/428/428 417/416/416 419/418/418
f 270/269/269 269/268/268 430/429/429 316/315/315
f 269/268/268 264/263/263 431/430/430 430/429/429
f 316/315/315 430/429/429 432/431/431 318/317/317
f 430/429/429 431/430/430 433/432/432 432/431/431
f 261/260/260 260/259/259 434/433/433 435/434/434
f 435/434/434 434/433/433 436/435/435 437/436/436
f 264/263/263 261/260/260 435/434/434 431/430/430
f 431/430/430 435/434/434 437/436/436 433/432/432
f 427/426/426 426/425/425 438/437/437 439/438/438
f 426/425/425 424/423/423 440/439/439 438/437/437
f 439/438/438 438/437/437 437/436/436 436/435/435
f 438/437/437 440/439/439 433/432/432 437/436/436
f 422/421/421 300/299/299 322/321/321 441/440/440
f 441/440/440 322/321/321 318/317/317 432/431/431
f 424/423/423 422/421/421 441/440/440 440/439/439
f 440/439/439 441/440/440 432/431/431 433/432/432
f 442/441/441 443/442/442 446/443/443 444/444/444
f 447/445/445 20/446/19 18/447/17 448/448/446
f 443/442/442 447/445/445 448/448/446 446/443/443
f 14/449/13 449/450/447 450/451/448 15/452/14
f 449/450/447 451/453/449 452/454/450 450/451/448
f 15/452/14 450/451/448 448/448/446 18/447/17
f 450/451/448 452/454/450 446/443/443 448/448/446
f 453/455/451 454/456/452 455/457/453 456/458/454
f 456/458/454 455/457/453 445/459/455 444/444/444
f 451/453/449 453/455/451 456/458/454 452/454/450
f 452/454/450 456/458/454 444/444/444 446/443/443
f 454/456/452 461/460/456 462/461/457 455/457/453
f 461/460/456 463/462/458 464/463/459 462/461/457
f 455/457/453 462/461/457 460/464/460 445/459/455
f 462/461/457 464/463/459 459/465/461 460/464/460
f 465/466/462 466/467/463 467/468/464 468/469/465
f 468/469/465 467/468/464 458/470/466 457/471/467
f 463/462/458 465/466/462 468/469/465 464/463/459
f 464/463/459 468/469/465 457/471/467 459/465/461
f 466/467/463 469/472/468 470/473/469 467/468/464
f 469/472/468 471/474/470 472/475/471 470/473/469
f 467/468/464 470/473/469 473/476/472 458/470/466
f 49/477/473 474/478/474 475/479/475 50/480/48
f 474/478/474 476/481/476 477/482/477 475/479/475
f 50/480/48 475/479/475 478/483/478 52/484/49
f 475/479/475 477/482/477 479/485/479 478/483/478
f 480/486/480 481/487/481 482/488/482 483/489/483
f 483/489/483 482/488/482 484/490/484 485/491/485
f 476/481/476 480/486/480 483/489/483 477/482/477
f 477/482/477 483/489/483 485/491/485 479/485/479
f 486/492/486 487/493/487 488/494/488 489/495/489
f 487/493/487 490/496/490 491/497/491 488/494/488
f 489/495/489 488/494/488 485/491/485 484/490/484
f 488/494/488 491/497/491 479/485/479 485/491/485
f 492/498/492 56/499/53 55/500/52 493/501/493
f 493/501/493 55/500/52 52/484/49 478/483/478
f 490/496/490 492/498/492 493/501/493 491/497/491
f 491/497/491 493/501/493 478/483/478 479/485/479
f 494/502/494 495/503/495 496/504/496 497/505/497
f 495/503/495 498/506/498 499/507/499 496/504/496
f 497/505/497 496/504/496 500/508/500 501/509/501
f 496/504/496 499/507/499 502/510/502 500/508/500
f 503/511/503 504/512/504 505/513/505 506/514/506
f 506/514/506 505/513/505 507/515/507 508/516/508
f 498/506/498 503/511/503 506/514/506 499/507/499
f 499/507/499 506/514/506 508/516/508 502/510/502
f 82/517/80 85/518/83 509/519/509 510/520/510
f 85/518/83 80/521/78 511/522/511 509/519/509
f 510/520/510 509/519/509 508/516/508 507/515/507
f 509/519/509 511/522/511 502/510/502 508/516/508
f 78/523/76 77/524/75 512/525/512 513/526/513
f 513/526/513 512/525/512 501/509/501 500/508/500
f 80/521/78 78/523/76 513/526/513 511/522/511
f 511/522/511 513/526/513 500/508/500 502/510/502
f 514/527/514 515/528/515 516/529/516 517/530/517
f 515/528/515 518/531/518 519/532/519 516/529/516
f 517/530/517 516/529/516 520/533/520 521/534/521
f 516/529/516 519/532/519 522/535/522 520/533/520
f 523/536/523 504/512/504 503/511/503 524/537/524
f 524/537/524 503/511/503 498/506/498 525/538/525
f 518/531/518 523/536/523 524/537/524 519/532/519
f 519/532/519 524/537/524 525/538/525 522/535/522
f 494/502/494 526/539/526 527/540/527 495/503/495
f 526/539/526 528/541/528 529/542/529 527/540/527
f 495/503/495 527/540/527 525/538/525 498/506/498
f 527/540/527 529/542/529 522/535/522 525/538/525
f 530/543/530 531/544/531 532/545/532 533/546/533
f 533/546/533 532/545/532 521/534/521 520/533/520
f 528/541/528 530/543/530 533/546/533 529/542/529
f 529/542/529 533/546/533 520/533/520 522/535/522
f 481/487/481 534/547/534 535/548/535 482/488/482
f 534/547/534 536/549/536 537/550/537 535/548/535
f 482/488/482 535/548/535 538/551/538 484/490/484
f 535/548/535 537/550/537 539/552/539 538/551/538
f 540/553/540 514/527/514 517/530/517 541/554/541
f 541/554/541 517/530/517 521/534/521 542/555/542
f 536/549/536 540/553/540 541/554/541 537/550/537
f 537/550/537 541/554/541 542/555/542 539/552/539
f 531/544/531 543/556/543 544/557/544 532/545/532
f 543/556/543 545/558/545 546/559/546 544/557/544
f 532/545/532 544/557/544 542/555/542 521/534/521
f 544/557/544 546/559/546 539/552/539 542/555/542
f 547/560/547 486/492/486 489/495/489 548/561/548
f 548/561/548 489/495/489 484/490/484 538/551/538
f 545/558/545 547/560/547 548/561/548 546/559/546
f 546/559/546 548/561/548 538/551/538 539/552/539
f 550/562/549 551/563/550 552/564/551 553/565/552
f 551/563/550 554/566/553 555/567/554 552/564/551
f 553/565/552 552/564/551 556/568/555 557/569/556
f 552/564/551 555/567/554 558/570/557 556/568/555
f 559/571/558 454/456/452 453/455/451 560/572/559
f 560/572/559 453/455/451 451/453/449 561/573/560
f 554/566/553 559/571/558 560/572/559 555/567/554
f 555/567/554 560/572/559 561/573/560 558/570/557
f 14/449/13 143/574/140 562/575/561 449/450/447
f 143/574/140 140/576/137 563/577/562 562/575/561
f 449/450/447 562/575/561 561/573/560 451/453/449
f 562/575/561 563/577/562 558/570/557 561/573/560
f 138/578/135 137/579/134 564/580/563 565/581/564
f 565/581/564 564/580/563 557/569/556 556/568/555
f 140/576/137 138/578/135 565/581/564 563/577/562
f 563/577/562 565/581/564 556/568/555 558/570/557
f 466/467/463 465/466/462 566/582/565 567/583/566
f 465/466/462 463/462/458 568/584/567 566/582/565
f 567/583/566 566/582/565 569/585/568 570/586/569
f 566/582/565 568/584/567 571/587/570 569/585/568
f 461/460/456 454/456/452 559/571/558 572/588/571
f 572/588/571 559/571/558 554/566/553 573/589/572
f 463/462/458 461/460/456 572/588/571 568/584/567
f 568/584/567 572/588/571 573/589/572 571/587/570
f 550/562/549 574/590/573 575/591/574 551/563/550
f 574/590/573 576/592/575 577/593/576 575/591/574
f 551/563/550 575/591/574 573/589/572 554/566/553
f 575/591/574 577/593/576 571/587/570 573/589/572
f 578/594/577 579/595/578 580/596/579 581/597/580
f 581/597/580 580/596/579 570/586/569 569/585/568
f 576/592/575 578/594/577 581/597/580 577/593/576
f 577/593/576 581/597/580 569/585/568 571/587/570
f 469/472/468 466/467/463 567/583/566 585/598/581
f 585/598/581 567/583/566 570/586/569 586/599/582
f 471/474/470 469/472/468 585/598/581 582/600/583
f 582/600/583 585/598/581 586/599/582 584/601/584
f 579/595/578 587/602/585 588/603/586 580/596/579
f 587/602/585 589/604/587 590/605/588 588/603/586
f 580/596/579 588/603/586 586/599/582 570/586/569
f 588/603/586 590/605/588 584/601/584 586/599/582
f 589/604/587 591/606/589 592/607/590 590/605/588
f 590/605/588 592/607/590 583/608/591 584/601/584
f 175/609/174 178/610/177 593/611/592 594/612/593
f 178/610/177 182/613/181 595/614/594 593/611/592
f 594/612/593 593/611/592 596/615/595 597/616/596
f 593/611/592 595/614/594 598/617/597 596/615/595
f 198/618/197 197/619/196 599/620/598 600/621/599
f 600/621/599 599/620/598 601/622/600 602/623/601
f 182/613/181 198/618/197 600/621/599 595/614/594
f 595/614/594 600/621/599 602/623/601 598/617/597
f 603/624/602 604/625/603 605/626/604 606/627/605
f 604/625/603 607/628/606 608/629/607 605/626/604
f 606/627/605 605/626/604 602/623/601 601/622/600
f 605/626/604 608/629/607 598/617/597 602/623/601
f 609/630/608 610/631/609 611/632/610 612/633/611
f 612/633/611 611/632/610 597/616/596 596/615/595
f 607/628/606 609/630/608 612/633/611 608/629/607
f 608/629/607 612/633/611 596/615/595 598/617/597
f 613/634/612 614/635/613 615/636/614 616/637/615
f 614/635/613 617/638/616 618/639/617 615/636/614
f 616/637/615 615/636/614 619/640/618 620/641/619
f 615/636/614 618/639/617 621/642/620 619/640/618
f 622/643/621 623/644/622 624/645/623 625/646/624
f 625/646/624 624/645/623 626/647/625 627/648/626
f 617/638/616 622/643/621 625/646/624 618/639/617
f 618/639/617 625/646/624 627/648/626 621/642/620
f 215/649/214 218/650/217 628/651/627 629/652/628
f 218/650/217 213/653/212 630/654/629 628/651/627
f 629/652/628 628/651/627 627/648/626 626/647/625
f 628/651/627 630/654/629 621/642/620 627/648/626
f 211/655/210 210/656/209 631/657/630 632/658/631
f 632/658/631 631/657/630 620/641/619 619/640/618
f 213/653/212 211/655/210 632/658/631 630/654/629
f 630/654/629 632/658/631 619/640/618 621/642/620
f 633/659/632 634/660/633 635/661/634 636/662/635
f 634/660/633 637/663/636 638/664/637 635/661/634
f 636/662/635 635/661/634 639/665/638 640/666/639
f 635/661/634 638/664/637 641/667/640 639/665/638
f 642/668/641 643/669/642 644/670/643 645/671/644
f 645/671/644 644/670/643 646/672/645 647/673/646
f 637/663/636 642/668/641 645/671/644 638/664/637
f 638/664/637 645/671/644 647/673/646 641/667/640
f 623/644/622 622/643/621 648/674/647 649/675/648
f 622/643/621 617/638/616 650/676/649 648/674/647
f 649/675/648 648/674/647 647/673/646 646/672/645
f 648/674/647 650/676/649 641/667/640 647/673/646
f 614/635/613 613/634/612 651/677/650 652/678/651
f 652/678/651 651/677/650 640/666/639 639/665/638
f 617/638/616 614/635/613 652/678/651 650/676/649
f 650/676/649 652/678/651 639/665/638 641/667/640
f 610/631/609 609/630/608 653/679/652 654/680/653
f 609/630/608 607/628/606 655/681/654 653/679/652
f 654/680/653 653/679/652 656/682/655 657/683/656
f 653/679/652 655/681/654 658/684/657 656/682/655
f 604/625/603 603/624/602 659/685/658 660/686/659
f 660/686/659 659/685/658 661/687/660 662/688/661
f 607/628/606 604/625/603 660/686/659 655/681/654
f 655/681/654 660/686/659 662/688/661 658/684/657
f 643/669/642 642/668/641 663/689/662 664/690/663
f 642/668/641 637/663/636 665/691/664 663/689/662
f 664/690/663 663/689/662 662/688/661 661/687/660
f 663/689/662 665/691/664 658/684/657 662/688/661
f 634/660/633 633/659/632 666/692/665 667/693/666
f 667/693/666 666/692/665 657/683/656 656/682/655
f 637/663/636 634/660/633 667/693/666 665/691/664
f 665/691/664 667/693/666 656/682/655 658/684/657
f 260/694/259 263/695/262 668/696/667 669/697/668
f 263/695/262 267/698/266 670/699/669 668/696/667
f 669/697/668 668/696/667 671/700/670 672/701/671
f 668/696/667 670/699/669 673/702/672 671/700/670
f 278/703/277 175/609/174 594/612/593 674/704/673
f 674/704/673 594/612/593 597/616/596 675/705/674
f 267/698/266 278/703/277 674/704/673 670/699/669
f 670/699/669 674/704/673 675/705/674 673/702/672
f 610/631/609 676/706/675 677/707/676 611/632/610
f 676/706/675 678/708/677 679/709/678 677/707/676
f 611/632/610 677/707/676 675/705/674 597/616/596
f 677/707/676 679/709/678 673/702/672 675/705/674
f 680/710/679 681/711/680 682/712/681 683/713/682
f 683/713/682 682/712/681 672/701/671 671/700/670
f 678/708/677 680/710/679 683/713/682 679/709/678
f 679/709/678 683/713/682 671/700/670 673/702/672
f 684/714/683 685/715/684 686/716/685 687/717/686
f 685/715/684 688/718/687 689/719/688 686/716/685
f 687/717/686 686/716/685 690/720/689 691/721/690
f 686/716/685 689/719/688 692/722/691 690/720/689
f 693/723/692 613/634/612 616/637/615 694/724/693
f 694/724/693 616/637/615 620/641/619 695/725/694
f 688/718/687 693/723/692 694/724/693 689/719/688
f 689/719/688 694/724/693 695/725/694 692/722/691
f 210/656/209 296/726/295 696/727/695 631/657/630
f 296/726/295 293/728/292 697/729/696 696/727/695
f 631/657/630 696/727/695 695/725/694 620/641/619
f 696/727/695 697/729/696 692/722/691 695/725/694
f 291/730/290 290/731/289 698/732/697 699/733/698
f 699/733/698 698/732/697 691/721/690 690/720/689
f 293/728/292 291/730/290 699/733/698 697/729/696
f 697/729/696 699/733/698 690/720/689 692/722/691
f 700/734/699 701/735/700 702/736/701 703/737/702
f 701/735/700 704/738/703 705/739/704 702/736/701
f 703/737/702 702/736/701 706/740/705 707/741/706
f 702/736/701 705/739/704 708/742/707 706/740/705
f 709/743/708 633/659/632 636/662/635 710/744/709
f 710/744/709 636/662/635 640/666/639 711/745/710
f 704/738/703 709/743/708 710/744/709 705/739/704
f 705/739/704 710/744/709 711/745/710 708/742/707
f 613/634/612 693/723/692 712/746/711 651/677/650
f 693/723/692 688/718/687 713/747/712 712/746/711
f 651/677/650 712/746/711 711/745/710 640/666/639
f 712/746/711 713/747/712 708/742/707 711/745/710
f 685/715/684 684/714/683 714/748/713 715/749/714
f 715/749/714 714/748/713 707/741/706 706/740/705
f 688/718/687 685/715/684 715/749/714 713/747/712
f 713/747/712 715/749/714 706/740/705 708/742/707
f 681/711/680 680/710/679 716/750/715 717/751/716
f 680/710/679 678/708/677 718/752/717 716/750/715
f 717/751/716 716/750/715 719/753/718 720/754/719
f 716/750/715 718/752/717 721/755/720 719/753/718
f 676/706/675 610/631/609 654/680/653 722/756/721
f 722/756/721 654/680/653 657/683/656 723/757/722
f 678/708/677 676/706/675 722/756/721 718/752/717
f 718/752/717 722/756/721 723/757/722 721/755/720
f 633/659/632 709/743/708 724/758/723 666/692/665
f 709/743/708 704/738/703 725/759/724 724/758/723
f 666/692/665 724/758/723 723/757/722 657/683/656
f 724/758/723 725/759/724 721/755/720 723/757/722
f 701/735/700 700/734/699 726/760/725 727/761/726
f 727/761/726 726/760/725 720/754/719 719/753/718
f 704/738/703 701/735/700 727/761/726 725/759/724
f 725/759/724 727/761/726 719/753/718 721/755/720
f 56/499/53 492/498/492 728/762/727 328/763/327
f 492/498/492 490/496/490 729/764/728 728/762/727
f 328/763/327 728/762/727 730/765/729 330/766/329
f 728/762/727 729/764/728 731/767/730 730/765/729
f 487/493/487 486/492/486 732/768/731 733/769/732
f 733/769/732 732/768/731 734/770/733 735/771/734
f 490/496/490 487/493/487 733/769/732 729/764/728
f 729/764/728 733/769/732 735/771/734 731/767/730
f 603/624/602 606/627/605 736/772/735 737/773/736
f 606/627/605 601/622/600 738/774/737 736/772/735
f 737/773/736 736/772/735 735/771/734 734/770/733
f 736/772/735 738/774/737 731/767/730 735/771/734
f 599/620/598 197/619/196 334/775/333 739/776/738
f 739/776/738 334/775/333 330/766/329 730/765/729
f 601/622/600 599/620/598 739/776/738 738/774/737
f 738/774/737 739/776/738 730/765/729 731/767/730
f 494/502/494 497/505/497 740/777/739 741/778/740
f 497/505/497 501/509/501 742/779/741 740/777/739
f 740/777/739 742/779/741 744/780/742 743/781/743
f 512/525/512 77/524/75 356/782/355 745/783/744
f 745/783/744 356/782/355 354/784/353 746/785/745
f 501/509/501 512/525/512 745/783/744 742/779/741
f 742/779/741 745/783/744 746/785/745 744/780/742
f 215/649/214 629/652/628 747/786/746 352/787/351
f 629/652/628 626/647/625 748/788/747 747/786/746
f 352/787/351 747/786/746 746/785/745 354/784/353
f 747/786/746 748/788/747 744/780/742 746/785/745
f 624/645/623 623/644/622 749/789/748 750/790/749
f 626/647/625 624/645/623 750/790/749 748/788/747
f 748/788/747 750/790/749 743/781/743 744/780/742
f 531/544/531 530/543/530 751/791/750 752/792/751
f 530/543/530 528/541/528 753/793/752 751/791/750
f 752/792/751 751/791/750 754/794/753 755/795/754
f 751/791/750 753/793/752 756/796/755 754/794/753
f 526/539/526 494/502/494 741/778/740 757/797/756
f 528/541/528 526/539/526 757/797/756 753/793/752
f 753/793/752 757/797/756 758/798/757 756/796/755
f 623/644/622 649/675/648 759/799/758 749/789/748
f 649/675/648 646/672/645 760/800/759 759/799/758
f 759/799/758 760/800/759 756/796/755 758/798/757
f 644/670/643 643/669/642 761/801/760 762/802/761
f 762/802/761 761/801/760 755/795/754 754/794/753
f 646/672/645 644/670/643 762/802/761 760/800/759
f 760/800/759 762/802/761 754/794/753 756/796/755
f 486/492/486 547/560/547 763/803/762 732/768/731
f 547/560/547 545/558/545 764/804/763 763/803/762
f 732/768/731 763/803/762 765/805/764 734/770/733
f 763/803/762 764/804/763 766/806/765 765/805/764
f 543/556/543 531/544/531 752/792/751 767/807/766
f 767/807/766 752/792/751 755/795/754 768/808/767
f 545/558/545 543/556/543 767/807/766 764/804/763
f 764/804/763 767/807/766 768/808/767 766/806/765
f 643/669/642 664/690/663 769/809/768 761/801/760
f 664/690/663 661/687/660 770/810/769 769/809/768
f 761/801/760 769/809/768 768/808/767 755/795/754
f 769/809/768 770/810/769 766/806/765 768/808/767
f 659/685/658 603/624/602 737/773/736 771/811/770
f 771/811/770 737/773/736 734/770/733 765/805/764
f 661/687/660 659/685/658 771/811/770 770/810/769
f 770/810/769 771/811/770 765/805/764 766/806/765
f 481/487/481 480/486/480 776/812/771 777/813/772
f 480/486/480 476/481/476 778/814/773 776/812/771
f 777/813/772 776/812/771 775/815/774 774/816/775
f 776/812/771 778/814/773 772/817/776 775/815/774
f 476/481/476 474/478/474 779/818/777 778/814/773
f 504/512/504 780/819/778 781/820/779 505/513/505
f 780/819/778 782/821/780 783/822/781 781/820/779
f 505/513/505 781/820/779 784/823/782 507/515/507
f 781/820/779 783/822/781 785/824/783 784/823/782
f 786/825/784 550/562/549 553/565/552 787/826/785
f 787/826/785 553/565/552 557/569/556 788/827/786
f 782/821/780 786/825/784 787/826/785 783/822/781
f 783/822/781 787/826/785 788/827/786 785/824/783
f 137/579/134 390/828/389 789/829/787 564/580/563
f 390/828/389 387/830/386 790/831/788 789/829/787
f 564/580/563 789/829/787 788/827/786 557/569/556
f 789/829/787 790/831/788 785/824/783 788/827/786
f 385/832/384 82/517/80 510/520/510 791/833/789
f 791/833/789 510/520/510 507/515/507 784/823/782
f 387/830/386 385/832/384 791/833/789 790/831/788
f 790/831/788 791/833/789 784/823/782 785/824/783
f 514/527/514 792/834/790 793/835/791 515/528/515
f 792/834/790 794/836/792 795/837/793 793/835/791
f 515/528/515 793/835/791 796/838/794 518/531/518
f 793/835/791 795/837/793 797/839/795 796/838/794
f 798/840/796 579/595/578 578/594/577 799/841/797
f 799/841/797 578/594/577 576/592/575 800/842/798
f 794/836/792 798/840/796 799/841/797 795/837/793
f 795/837/793 799/841/797 800/842/798 797/839/795
f 550/562/549 786/825/784 801/843/799 574/590/573
f 786/825/784 782/821/780 802/844/800 801/843/799
f 574/590/573 801/843/799 800/842/798 576/592/575
f 801/843/799 802/844/800 797/839/795 800/842/798
f 780/819/778 504/512/504 523/536/523 803/845/801
f 803/845/801 523/536/523 518/531/518 796/838/794
f 782/821/780 780/819/778 803/845/801 802/844/800
f 802/844/800 803/845/801 796/838/794 797/839/795
f 549/846/802 591/606/589 804/847/803 773/848/804
f 591/606/589 589/604/587 805/849/805 804/847/803
f 773/848/804 804/847/803 806/850/806 774/816/775
f 804/847/803 805/849/805 807/851/807 806/850/806
f 587/602/585 579/595/578 798/840/796 808/852/808
f 808/852/808 798/840/796 794/836/792 809/853/809
f 589/604/587 587/602/585 808/852/808 805/849/805
f 805/849/805 808/852/808 809/853/809 807/851/807
f 514/527/514 540/553/540 810/854/810 792/834/790
f 540/553/540 536/549/536 811/855/811 810/854/810
f 792/834/790 810/854/810 809/853/809 794/836/792
f 810/854/810 811/855/811 807/851/807 809/853/809
f 534/547/534 481/487/481 777/813/772 812/856/812
f 812/856/812 777/813/772 774/816/775 806/850/806
f 536/549/536 534/547/534 812/856/812 811/855/811
f 811/855/811 812/856/812 806/850/806 807/851/807
f 290/731/289 415/857/414 813/858/813 698/732/697
f 415/857/414 418/859/417 814/860/814 813/858/813
f 698/732/697 813/858/813 815/861/815 691/721/690
f 813/858/813 814/860/814 816/862/816 815/861/815
f 428/863/427 427/864/426 817/865/817 818/866/818
f 818/866/818 817/865/817 819/867/819 820/868/820
f 418/859/417 428/863/427 818/866/818 814/860/814
f 814/860/814 818/866/818 820/868/820 816/862/816
f 700/734/699 703/737/702 821/869/821 822/870/822
f 703/737/702 707/741/706 823/871/823 821/869/821
f 822/870/822 821/869/821 820/868/820 819/867/819
f 821/869/821 823/871/823 816/862/816 820/868/820
f 714/748/713 684/714/683 687/717/686 824/872/824
f 824/872/824 687/717/686 691/721/690 815/861/815
f 707/741/706 714/748/713 824/872/824 823/871/823
f 823/871/823 824/872/824 815/861/815 816/862/816
f 681/711/680 717/751/716 825/873/825 682/712/681
f 717/751/716 720/754/719 826/874/826 825/873/825
f 682/712/681 825/873/825 827/875/827 672/701/671
f 825/873/825 826/874/826 828/876/828 827/875/827
f 726/760/725 700/734/699 822/870/822 829/877/829
f 829/877/829 822/870/822 819/867/819 830/878/830
f 720/754/719 726/760/725 829/877/829 826/874/826
f 826/874/826 829/877/829 830/878/830 828/876/828
f 427/864/426 439/879/438 831/880/831 817/865/817
f 439/879/438 436/881/435 832/882/832 831/880/831
f 817/865/817 831/880/831 830/878/830 819/867/819
f 831/880/831 832/882/832 828/876/828 830/878/830
f 434/883/433 260/694/259 669/697/668 833/884/833
f 833/884/833 669/697/668 672/701/671 827/875/827
f 436/881/435 434/883/433 833/884/833 832/882/832
f 832/882/832 833/884/833 827/875/827 828/876/828
