# Blender 5.0.0
# www.blender.org
mtllib BraDerPo.mtl
g BraDerPo_Mesh
v 0.796522 1.883831 0.912104
v 0.902168 2.038761 0.823394
v 0.990544 2.103724 0.648710
v 1.040151 2.107796 0.464223
v 1.027427 2.079215 0.299941
v 1.126697 2.014298 0.494439
v 1.086285 1.997542 0.663177
v 1.011695 1.930476 0.822989
v 0.926124 1.788675 0.906735
v 0.710772 1.718730 0.918647
v 1.616503 1.532323 0.144109
v 1.767033 1.424368 0.155337
v 1.651687 1.611511 0.250209
v 1.514684 1.696401 0.245040
v 1.479165 1.621497 0.137387
v 1.393678 1.766321 0.243407
v 1.360007 1.695490 0.136427
v 1.297848 1.825830 0.236179
v 1.266900 1.754488 0.127338
v 1.204078 1.886021 0.225703
v 1.169904 1.814621 0.118003
v 1.098593 1.953666 0.206454
v 1.123719 1.994413 0.342131
v 1.219016 1.921354 0.365443
v 1.219391 1.931727 0.514919
v 1.189447 1.900018 0.673468
v 1.133491 1.822286 0.823241
v 1.311542 1.859282 0.379709
v 1.312702 1.864185 0.528241
v 1.287296 1.819442 0.679814
v 1.410720 1.800668 0.387767
v 1.413564 1.803094 0.535728
v 1.533121 1.730446 0.391340
v 0.669211 1.597033 0.859130
v 0.852860 1.638470 0.918756
v 1.068421 1.689411 0.908530
v 1.240420 1.730712 0.822441
v 1.388386 1.750407 0.683354
v 1.537154 1.730862 0.542541
v 1.668863 1.643694 0.392492
v 1.800569 1.501928 0.258780
v 1.867071 1.342860 0.167450
v 1.808529 1.213516 0.086482
v 1.905896 1.148269 0.109558
v 1.960500 1.269988 0.182502
v 1.815905 1.533490 0.393590
v 1.672820 1.642653 0.540504
v 1.512017 1.677305 0.692858
v 1.341787 1.655414 0.822011
v 1.184880 1.605007 0.907048
v 1.004173 1.549746 0.927175
v 0.809267 1.516702 0.865047
v 0.648280 1.481493 0.745966
v 0.680112 1.382577 0.569386
v 0.774581 1.397438 0.744939
v 1.898170 1.415660 0.267024
v 1.910443 1.445494 0.390820
v 1.912112 1.443885 0.517866
v 1.819180 1.531852 0.533294
v 1.649217 1.592355 0.688456
v 1.798522 1.484156 0.672283
v 1.895381 1.401122 0.644189
v 1.863229 1.329838 0.761872
v 1.757503 1.402831 0.803894
v 1.601342 1.503641 0.829470
v 1.463435 1.583334 0.835545
v 1.819316 1.232377 0.837796
v 1.706510 1.300682 0.886528
v 1.542578 1.392073 0.916164
v 1.404794 1.466991 0.921033
v 1.286343 1.535111 0.904776
v 1.121683 1.473953 0.930357
v 1.220639 1.409234 0.932251
v 1.337172 1.342777 0.955482
v 1.480862 1.265954 0.956247
v 1.650625 1.180441 0.927371
v 1.770810 1.122987 0.876145
v 1.719349 0.997666 0.856968
v 1.593556 1.043746 0.909242
v 1.419217 1.130005 0.932408
v 1.266015 1.221440 0.927124
v 1.151314 1.295647 0.896606
v 1.057245 1.361271 0.887622
v 0.946077 1.434652 0.879357
v 1.818597 0.963519 0.801119
v 1.770473 0.847755 0.684875
v 1.660332 0.859697 0.734209
v 1.527274 0.887117 0.776267
v 1.345783 0.973884 0.796719
v 1.196649 1.076565 0.792985
v 1.075599 1.172653 0.769218
v 0.989061 1.242864 0.759123
v 0.893455 1.313441 0.751849
v 0.784835 1.309016 0.557996
v 0.887567 1.226447 0.552392
v 0.973437 1.155966 0.551899
v 1.055525 1.086295 0.555575
v 1.170272 0.997908 0.563966
v 1.313630 0.906193 0.565779
v 1.493796 0.829483 0.558908
v 1.629084 0.815920 0.539127
v 1.751208 0.816250 0.509480
v 1.899126 0.934669 0.755690
v 1.866858 0.841685 0.644794
v 1.857120 0.817235 0.485340
v 2.010952 0.987116 0.734122
v 1.975214 0.904012 0.700925
v 1.944465 1.034137 0.780206
v 1.953043 0.845934 0.604568
v 1.945270 0.827375 0.461541
v 1.939334 0.827989 0.356796
v 1.864910 0.832018 0.353488
v 1.755017 0.841456 0.347121
v 1.628837 0.847122 0.350153
v 1.497225 0.861217 0.352012
v 1.325683 0.927275 0.345910
v 1.180902 1.004649 0.342534
v 1.987112 1.096924 0.132014
v 2.039274 1.209248 0.203477
v 1.987463 1.336604 0.276712
v 2.065113 1.271394 0.290277
v 1.996651 1.366068 0.386775
v 2.071880 1.297312 0.391191
v 1.995311 1.365046 0.499616
v 2.068342 1.297161 0.491378
v 1.978886 1.326239 0.613399
v 2.052720 1.265213 0.595677
v 1.951813 1.263810 0.718830
v 2.026622 1.208007 0.684647
v 1.916959 1.181703 0.787756
v 1.992923 1.130337 0.751451
v 1.867385 1.075022 0.823720
v 1.952532 1.022060 0.121983
v 2.030784 1.063695 0.146503
v 2.088428 1.166651 0.217399
v 2.119917 1.222999 0.305894
v 2.128299 1.241616 0.393951
v 2.124399 1.240782 0.480806
v 2.108364 1.206406 0.573886
v 2.084969 1.151771 0.655774
v 2.052217 1.076717 0.714603
v 0.833554 1.819686 0.016507
v 0.913621 1.615726 0.018992
v 0.973403 1.741161 0.024186
v 1.041440 1.542812 0.019547
v 1.100575 1.671147 0.032805
v 1.145306 1.485003 0.023632
v 1.203688 1.613437 0.044252
v 1.233162 1.434290 0.027887
v 1.293624 1.560498 0.053912
v 1.353162 1.359491 0.021229
v 1.412158 1.483721 0.050035
v 1.497406 1.268546 0.027666
v 1.552674 1.389291 0.054868
v 1.655780 1.176348 0.045896
v 1.706763 1.287251 0.068603
v 1.763758 1.118071 0.068786
v 1.867904 1.065544 0.095707
v 0.752068 1.572053 0.066359
v 0.780873 1.691822 0.019425
v 0.868627 1.504421 0.065907
v 0.989192 1.426141 0.053230
v 1.088339 1.366094 0.043466
v 1.176933 1.315470 0.039362
v 1.300621 1.246168 0.031522
v 1.448049 1.164823 0.041365
v 1.610962 1.084039 0.063043
v 1.725766 1.040487 0.087579
v 1.836532 1.001506 0.114090
v 1.997176 0.992359 0.135139
v 1.973557 0.939454 0.155247
v 1.927594 0.966641 0.140144
v 1.882614 0.879155 0.237191
v 1.784186 0.902702 0.213630
v 1.666559 0.923845 0.197168
v 1.541970 0.949476 0.183290
v 1.373216 1.017537 0.167595
v 1.224602 1.089427 0.160979
v 1.100650 1.157441 0.170918
v 1.942025 0.862251 0.258767
v 1.864910 0.832018 0.353488
v 1.755017 0.841456 0.347121
v 1.628837 0.847122 0.350153
v 1.497225 0.861217 0.352012
v 1.325683 0.927275 0.345910
v 1.180902 1.004649 0.342534
v 1.063538 1.081684 0.344493
v 1.008690 1.216518 0.181510
v 0.977601 1.148499 0.346968
v 0.919305 1.282490 0.194508
v 1.939334 0.827989 0.356796
v 0.820437 1.362304 0.203641
v 0.731927 1.417213 0.199404
v 0.895616 1.216933 0.349685
v 0.805464 1.293340 0.351217
v 0.717949 1.350029 0.355105
v 0.918496 1.964419 0.079026
v 1.051934 1.885068 0.106134
v 0.980457 2.034543 0.161451
v 2.506351 0.731529 0.644452
v 2.505500 0.736767 0.652495
v 2.506860 0.748115 0.632315
v 2.506113 0.759479 0.646604
v 2.494414 0.754828 0.659838
v 2.497810 0.730443 0.625153
v 2.501663 0.723305 0.640329
v 2.498597 0.724861 0.652206
v 2.499244 0.735212 0.659731
v 2.480305 0.739546 0.664329
v 2.491622 0.728497 0.661936
v 2.473716 0.726387 0.657832
v 2.487823 0.722221 0.657790
v 2.476522 0.717942 0.643758
v 2.489089 0.717780 0.649780
v 2.489089 0.717780 0.649780
v 2.494919 0.718557 0.642515
v 2.476522 0.717942 0.643758
v 2.486490 0.719927 0.630258
v 2.461044 0.724971 0.613709
v 2.478405 0.745217 0.607029
v 2.491350 0.772889 0.615870
v 2.489830 0.788754 0.634439
v 2.474621 0.781322 0.653018
v 2.454840 0.757140 0.659538
v 2.444447 0.733406 0.650826
v 2.447796 0.721245 0.631956
v 2.447796 0.721245 0.631956
v 1.063538 1.081684 0.344493
v 0.977601 1.148499 0.346968
v 0.895616 1.216933 0.349685
v 0.805464 1.293340 0.351217
v 0.717949 1.350029 0.355105
v 2.492857 0.751232 0.590728
v 2.491936 0.751987 0.615508
v 2.497581 0.777264 0.625903
v 2.479519 0.757365 0.642973
v 2.483098 0.846703 0.638438
v 2.451782 0.823834 0.676721
v 2.462398 0.872889 0.627015
v 2.469361 0.800475 0.672708
v 2.449375 0.770471 0.684114
v 2.467557 0.762529 0.669417
v 2.478812 0.780120 0.662856
v 2.491805 0.789902 0.646638
v 2.502311 0.795865 0.607969
v 2.480968 0.755893 0.559794
v 2.495933 0.817153 0.587387
v 2.453830 0.769352 0.535422
v 2.473238 0.838243 0.567712
v 2.424366 0.784751 0.523106
v 2.446594 0.852386 0.555341
v 2.381304 0.808025 0.510173
v 2.492177 0.817362 0.644599
v 2.437461 0.891203 0.616144
v 2.427888 0.846071 0.672346
v 2.422523 0.782442 0.692265
v 2.439781 0.736414 0.672650
v 2.462103 0.742787 0.662627
v 2.467563 0.728372 0.639234
v 2.479519 0.757365 0.642973
v 2.481956 0.736736 0.620191
v 2.491936 0.751987 0.615508
v 2.475222 0.723487 0.598387
v 2.492857 0.751232 0.590728
v 2.455297 0.717597 0.569743
v 2.480968 0.755893 0.559794
v 2.421399 0.730857 0.544296
v 2.453830 0.769352 0.535422
v 2.394719 0.748011 0.531647
v 2.422959 0.707451 0.616732
v 2.450332 0.711559 0.631240
v 2.408568 0.737028 0.676655
v 2.393136 0.796730 0.690543
v 2.402990 0.864202 0.664182
v 2.369009 0.751436 0.666028
v 2.387956 0.722131 0.594493
v 2.366328 0.811055 0.681890
v 2.345211 0.764624 0.653821
v 2.362770 0.737019 0.579095
v 2.367805 0.816287 0.497504
v 2.403673 0.874470 0.531734
v 2.396884 0.912038 0.601160
v 2.361939 0.890121 0.647380
v 2.326483 0.834200 0.662731
v 2.314284 0.787369 0.633756
v 2.326901 0.763343 0.560771
v 2.353149 0.770861 0.509739
v 2.424366 0.784751 0.523106
v 2.381304 0.808025 0.510173
v 2.337254 0.775715 0.485248
v 2.310342 0.772940 0.552514
v 2.296203 0.798620 0.623605
v 2.305336 0.848436 0.654446
v 2.340698 0.901884 0.639194
v 2.376730 0.926610 0.593648
v 2.390976 0.887591 0.510132
v 2.404559 0.852767 0.473823
v 2.367805 0.816287 0.497504
v 2.378710 0.809071 0.475574
v 2.398214 0.926584 0.237080
v 2.414896 0.905693 0.233513
v 2.413992 0.856492 0.299514
v 2.408960 0.913455 0.302797
v 2.442809 0.918717 0.367835
v 2.428144 0.937330 0.361424
v 2.425060 0.914492 0.451376
v 2.409707 0.936912 0.457144
v 2.382296 0.924196 0.527509
v 2.362817 0.938655 0.589603
v 2.327487 0.911852 0.636466
v 2.289430 0.853423 0.653252
v 2.277960 0.800633 0.623475
v 2.288410 0.770271 0.549512
v 2.433903 0.838640 0.327234
v 2.374749 0.883605 0.166386
v 2.352359 0.898333 0.169715
v 2.321638 0.921664 0.174971
v 2.368506 0.961515 0.241735
v 2.386331 0.961238 0.307609
v 2.400192 0.971862 0.364351
v 2.389224 0.964600 0.454350
v 2.363245 0.958041 0.525027
v 2.343117 0.956708 0.587792
v 2.308640 0.923524 0.636318
v 2.270799 0.856198 0.655589
v 2.349991 1.015223 0.314961
v 2.331872 0.994897 0.244569
v 2.356166 1.022192 0.371757
v 2.349555 1.014946 0.449300
v 2.331653 1.005261 0.523740
v 2.305146 0.987360 0.589588
v 2.272433 0.943239 0.640709
v 2.235325 0.868762 0.661799
v 2.256234 0.805628 0.624531
v 2.211868 0.815978 0.633537
v 2.268170 0.775875 0.546737
v 2.214009 0.788302 0.550268
v 2.274638 0.765128 0.464960
v 2.271261 1.014966 0.593299
v 2.292370 1.048722 0.527179
v 2.304767 1.064263 0.451658
v 2.308106 1.069185 0.379029
v 2.302131 1.061302 0.319875
v 2.287069 1.033831 0.245752
v 2.262372 0.990763 0.165345
v 2.293224 0.954837 0.165762
v 2.246748 0.955386 0.137168
v 2.245507 0.861144 0.146344
v 2.239046 0.865164 0.124659
v 2.274123 0.850706 0.160967
v 2.258363 1.116645 0.385458
v 2.251020 1.105288 0.323995
v 2.229046 1.072085 0.245961
v 2.211782 1.029234 0.160535
v 2.206534 1.007525 0.122157
v 2.254936 0.931755 0.114275
v 2.255262 0.857052 0.097275
v 2.267183 0.920190 0.088881
v 2.268626 0.850545 0.064260
v 2.277782 0.911505 0.056699
v 2.271117 0.848306 0.017076
v 2.278047 0.900785 0.011977
v 2.254042 0.854756 -0.009722
v 2.230988 0.977121 0.032480
v 2.222936 0.987936 0.063166
v 2.212398 0.993388 0.091271
v 2.129673 1.002834 0.113912
v 2.137655 0.988373 0.080126
v 2.144544 0.978953 0.048686
v 2.150613 0.968339 0.014537
v 2.237604 0.955723 -0.007806
v 2.168424 0.946566 -0.023756
v 2.231307 0.927384 -0.023612
v 2.183415 0.919308 -0.034152
v 2.222529 0.901923 -0.030181
v 2.240605 0.873552 -0.023208
v 2.260285 0.887085 -0.011730
v 2.236081 0.855193 -0.022061
v 2.209538 0.868237 -0.027527
v 2.194999 0.894628 -0.034818
v 2.165719 0.894307 -0.034965
v 2.136108 0.907806 -0.025618
v 2.111596 0.921284 0.014474
v 2.102692 0.927687 0.054394
v 2.091986 0.934138 0.092282
v 2.036038 0.959707 0.147157
v 2.183330 0.878894 -0.035288
v 2.125535 1.034210 0.155857
v 2.171436 1.106210 0.240458
v 2.200133 1.149666 0.328133
v 2.209614 1.162474 0.393055
v 2.255627 1.111905 0.456819
v 2.208656 1.161340 0.463993
v 2.243546 1.089861 0.534608
v 2.196998 1.129777 0.545796
v 2.220774 1.048452 0.604247
v 2.175406 1.081106 0.618990
v 2.190132 0.984986 0.656925
v 2.146770 1.010356 0.672247
v 2.156713 0.906282 0.676166
v 2.115093 0.928783 0.689224
v 2.169395 0.769799 0.314298
v 2.093867 0.804196 0.387278
v 2.175244 0.787276 0.394416
v 2.107567 0.812727 0.445007
v 2.180754 0.791550 0.447594
v 2.111659 0.823552 0.553043
v 2.170232 0.804420 0.550215
v 2.128505 0.849882 0.646269
v 2.176826 0.831760 0.637410
v 2.201542 0.885329 0.667751
v 2.238049 0.958985 0.646241
v 2.239046 0.865164 0.124659
v 2.201238 0.819553 0.156354
v 2.245507 0.861144 0.146344
v 2.215766 0.789772 0.187181
v 2.170389 0.783553 0.205092
v 2.216448 0.761749 0.310840
v 2.223766 0.774209 0.393331
v 2.227177 0.776913 0.453974
v 2.277225 0.761299 0.388897
v 2.273927 0.751261 0.299459
v 2.260720 0.785902 0.179757
v 2.274123 0.850706 0.160967
v 2.305877 0.760794 0.472869
v 2.313284 0.756301 0.377863
v 2.312896 0.750567 0.282595
v 2.299837 0.782391 0.179052
v 2.312689 0.837982 0.154714
v 2.338402 0.827930 0.149286
v 2.324736 0.782050 0.178481
v 2.338596 0.756329 0.377720
v 2.343570 0.761153 0.288762
v 2.348398 0.758319 0.172078
v 2.370644 0.811233 0.134774
v 2.409227 0.790767 0.111947
v 2.384256 0.730972 0.154374
v 2.439279 0.770374 0.100768
v 2.417547 0.713053 0.142754
v 2.477987 0.753292 0.100011
v 2.460058 0.697985 0.133561
v 2.511856 0.739372 0.111836
v 2.504913 0.695726 0.135282
v 2.534813 0.704678 0.186186
v 2.523797 0.703384 0.148730
v 2.520389 0.688756 0.202400
v 2.483322 0.688090 0.224533
v 2.440557 0.703944 0.237501
v 2.407815 0.721028 0.243781
v 2.371602 0.745188 0.250154
v 2.529860 0.731019 0.133984
v 2.543643 0.737380 0.166375
v 2.549143 0.724233 0.202980
v 2.541801 0.727639 0.233345
v 2.521312 0.736621 0.263528
v 2.485466 0.753511 0.280749
v 2.453803 0.768199 0.283848
v 2.413332 0.789534 0.287230
v 2.389879 0.801871 0.296956
v 2.411048 0.793468 0.322620
v 2.383682 0.761671 0.335072
v 2.459978 0.768006 0.320168
v 2.432115 0.734389 0.334799
v 2.500743 0.747519 0.320198
v 2.469416 0.714253 0.333856
v 2.531587 0.732674 0.327351
v 2.510782 0.696266 0.339052
v 2.559412 0.720665 0.349836
v 2.545641 0.693411 0.357862
v 2.574996 0.714510 0.378991
v 2.566641 0.697989 0.382619
v 2.572539 0.715891 0.408361
v 2.558670 0.684447 0.404093
v 2.534659 0.674588 0.397233
v 2.534102 0.688872 0.463094
v 2.489510 0.694550 0.474107
v 2.512050 0.745883 0.500784
v 2.477910 0.761753 0.499877
v 2.493370 0.677684 0.390492
v 2.451589 0.696928 0.389024
v 2.407632 0.721396 0.388986
v 2.445117 0.713922 0.470489
v 2.405686 0.735335 0.462797
v 2.355793 0.762914 0.452461
v 2.359225 0.747600 0.387837
v 2.550357 0.727171 0.480007
v 2.559102 0.694497 0.439168
v 2.558670 0.684447 0.404093
v 2.569308 0.717704 0.447008
v 2.467557 0.762529 0.669417
v 2.198250 0.845352 -0.049584
v 2.190171 0.865390 -0.040145
v 2.187744 0.849833 -0.036391
v 2.198958 0.852357 -0.052394
v 2.204679 0.880877 -0.042186
v 2.205675 0.858833 -0.053752
v 2.221129 0.883890 -0.040816
v 2.213607 0.859577 -0.053045
v 2.228700 0.869946 -0.036403
v 2.217760 0.853427 -0.050652
v 2.224355 0.849634 -0.031864
v 2.216024 0.844664 -0.048005
v 2.212234 0.838436 -0.029867
v 2.210248 0.839914 -0.046221
v 2.196861 0.838226 -0.032116
v 2.202716 0.839961 -0.047115
v 2.207484 0.846640 -0.053061
v 2.202716 0.839961 -0.047115
v 2.196861 0.838226 -0.032116
v 2.184879 0.831182 -0.008180
v 2.173890 0.856430 -0.010621
v 2.182438 0.881618 -0.015575
v 2.201707 0.910373 -0.018154
v 2.223505 0.902806 -0.012059
v 2.234305 0.872930 -0.003926
v 2.227753 0.851203 -0.000695
v 2.206943 0.832244 -0.004778
v 2.184879 0.831182 -0.008180
v 2.254042 0.854756 -0.009722
v 2.236081 0.855193 -0.022061
v 2.224151 0.839251 -0.022380
v 2.209538 0.868237 -0.027527
v 2.195252 0.837287 -0.028161
v 2.233887 0.828973 -0.010549
v 2.271117 0.848306 0.017076
v 2.240327 0.810492 0.015253
v 2.268626 0.850545 0.064260
v 2.232002 0.808902 0.061067
v 2.255262 0.857052 0.097275
v 2.218255 0.815503 0.094764
v 2.206403 0.821759 0.123049
v 2.116414 0.827054 0.147385
v 2.092340 0.799747 0.195268
v 2.080877 0.790033 0.302864
v 2.064538 0.878754 0.133263
v 2.129014 0.826656 0.108976
v 2.137005 0.826031 0.083627
v 2.152999 0.818344 0.040437
v 2.173168 0.815670 -0.004602
v 2.188306 0.828255 -0.021097
v 2.178687 0.860185 -0.034081
v 2.159235 0.864310 -0.033251
v 2.128933 0.864554 -0.022520
v 2.103963 0.870870 0.021149
v 2.091341 0.876273 0.064184
v 2.082658 0.879268 0.096603
v 2.020622 0.816395 0.283028
v 2.036144 0.847063 0.177059
v 2.036038 0.959707 0.147157
v 2.091986 0.934138 0.092282
v 2.102692 0.927687 0.054394
v 2.111596 0.921284 0.014474
v 2.136108 0.907806 -0.025618
v 2.165719 0.894307 -0.034965
v 2.183330 0.878894 -0.035288
v 2.085393 0.865220 0.652557
v 2.064317 0.835510 0.557342
v 2.061079 0.826956 0.442066
v 2.039367 0.816683 0.373556
v 1.989791 0.824323 0.363006
v 1.989586 0.834954 0.272162
v 1.939334 0.827989 0.356796
v 1.942025 0.862251 0.258767
v 2.009938 0.900451 0.172632
v 1.973557 0.939454 0.155247
v 1.997176 0.992359 0.135139
v 2.157301 1.163673 0.556871
v 2.172946 1.194664 0.470609
v 2.135299 1.111087 0.633713
v 2.104755 1.037360 0.688573
v 2.069047 0.952487 0.704169
v 2.038842 0.881317 0.665801
v 2.019120 0.843678 0.572241
v 2.010680 0.829811 0.451442
v 1.945270 0.827375 0.461541
v 1.953043 0.845934 0.604568
v 1.975214 0.904012 0.700925
v 2.010952 0.987116 0.734122
v 2.052217 1.076717 0.714603
v 2.084969 1.151771 0.655774
v 2.108364 1.206406 0.573886
v 2.124399 1.240782 0.480806
v 2.128299 1.241616 0.393951
v 2.176064 1.198194 0.396080
v 2.119917 1.222999 0.305894
v 2.166712 1.181147 0.320215
v 2.088428 1.166651 0.217399
v 2.131779 1.133102 0.232377
v 2.030784 1.063695 0.146503
v 2.068984 1.034356 0.156951
v 1.997176 0.992359 0.135139
v 2.590172 0.688656 0.407238
v 2.590699 0.688497 0.418964
v 2.595618 0.695779 0.410815
v 2.583091 0.697230 0.395704
v 2.593169 0.712456 0.401795
v 2.597213 0.699444 0.418971
v 2.596488 0.720081 0.416494
v 2.589831 0.714074 0.430870
v 2.593684 0.696845 0.426919
v 2.578254 0.699176 0.436254
v 2.587430 0.690154 0.430014
v 2.570363 0.687930 0.430297
v 2.582781 0.684811 0.426436
v 2.581569 0.681854 0.418295
v 2.568649 0.682348 0.415754
v 2.541903 0.693867 0.435032
v 2.554682 0.715039 0.440670
v 2.571155 0.738868 0.432752
v 2.579438 0.748490 0.413224
v 2.575437 0.736582 0.393520
v 2.560755 0.711827 0.385185
v 2.573706 0.686329 0.401314
v 2.539501 0.685003 0.412808
v 2.584723 0.683757 0.410329
v 2.581569 0.681854 0.418295
v 2.568649 0.682348 0.415754
v 2.539501 0.685003 0.412808
v 2.547285 0.691404 0.391792
v 2.584432 0.746110 0.432464
v 2.577455 0.733922 0.443933
v 2.577192 0.777922 0.449591
v 2.583095 0.779133 0.395672
v 2.570398 0.817293 0.389798
v 2.553363 0.773079 0.339261
v 2.526141 0.791610 0.332883
v 2.546945 0.840076 0.385914
v 2.560352 0.816879 0.455295
v 2.534440 0.838923 0.455261
v 2.506668 0.867183 0.381621
v 2.490607 0.865521 0.453749
v 2.457026 0.894864 0.378199
v 2.438774 0.897295 0.450192
v 2.485249 0.812880 0.328719
v 2.461750 0.823917 0.483967
v 2.508307 0.800398 0.489111
v 2.536912 0.782229 0.488775
v 2.563907 0.754564 0.473298
v 2.378710 0.809071 0.475574
v 2.434758 0.781562 0.490075
v 2.477910 0.761753 0.499877
v 2.512050 0.745883 0.500784
v 2.550357 0.727171 0.480007
v 2.569308 0.717704 0.447008
v 2.572539 0.715891 0.408361
v 2.588041 0.747010 0.403738
v 2.572168 0.749859 0.356737
v 2.531587 0.732674 0.327351
v 2.582571 0.731083 0.382583
v 2.574996 0.714510 0.378991
v 2.559412 0.720665 0.349836
v 2.500743 0.747519 0.320198
v 2.459978 0.768006 0.320168
v 2.411048 0.793468 0.322620
v 2.389879 0.801871 0.296956
v 2.413332 0.789534 0.287230
v 2.510295 0.807938 0.259963
v 2.485466 0.753511 0.280749
v 2.481471 0.823045 0.265629
v 2.453803 0.768199 0.283848
v 2.435066 0.840463 0.280636
v 2.443220 0.887945 0.222032
v 2.408866 0.867902 0.156038
v 2.338402 0.827930 0.149286
v 2.312689 0.837982 0.154714
v 2.370644 0.811233 0.134774
v 2.452543 0.847059 0.140090
v 2.486279 0.862955 0.210800
v 2.513166 0.845131 0.203452
v 2.540386 0.784972 0.244639
v 2.539912 0.815895 0.192568
v 2.556038 0.763645 0.217560
v 2.554880 0.782906 0.180629
v 2.557834 0.743885 0.199783
v 2.557484 0.761648 0.171256
v 2.535923 0.776492 0.129732
v 2.512872 0.806011 0.125441
v 2.481513 0.832139 0.131111
v 2.409227 0.790767 0.111947
v 2.439279 0.770374 0.100768
v 2.477987 0.753292 0.100011
v 2.511856 0.739372 0.111836
v 2.546105 0.757161 0.144272
v 2.543643 0.737380 0.166375
v 2.549143 0.724233 0.202980
v 2.541801 0.727639 0.233345
v 2.521312 0.736621 0.263528
v 2.529860 0.731019 0.133984
v 2.548942 0.687632 0.159940
v 2.537385 0.686172 0.162785
v 2.553964 0.689824 0.167310
v 2.559443 0.696707 0.158111
v 2.549177 0.691578 0.151835
v 2.554214 0.698485 0.147714
v 2.562320 0.706906 0.150000
v 2.567865 0.710018 0.157347
v 2.548942 0.687632 0.159940
v 2.537385 0.686172 0.162785
v 2.537009 0.693354 0.149395
v 2.544674 0.707329 0.142772
v 2.558901 0.725260 0.147002
v 2.568892 0.732277 0.159688
v 2.567291 0.721887 0.173458
v 2.567130 0.705151 0.165479
v 2.556523 0.702658 0.180159
v 2.561005 0.696003 0.169613
v 2.545257 0.690167 0.175725
v 2.516630 0.702206 0.170646
v 2.525367 0.706857 0.189747
v 2.537157 0.720451 0.195806
v 2.550218 0.745477 0.186016
v 2.552558 0.759848 0.166868
v 2.540849 0.749318 0.148936
v 2.523910 0.725932 0.142492
v 2.516053 0.710647 0.151300
v 2.516630 0.702206 0.170646
vn -0.2929 -0.9559 -0.0222
vn -0.5719 -0.8162 0.0824
vn -0.5128 -0.5293 -0.6759
vn -0.2810 -0.6609 -0.6959
vn -0.0580 -0.0567 -0.9967
vn 0.0672 -0.1714 -0.9829
vn 0.4043 0.3616 -0.8401
vn 0.4875 0.1830 -0.8537
vn 0.8349 0.5259 -0.1624
vn 0.9143 0.3345 -0.2284
vn 0.7632 0.2302 0.6038
vn 0.8746 0.0388 0.4832
vn 0.4294 -0.2698 0.8619
vn 0.5444 -0.3797 0.7480
vn -0.0785 -0.7063 0.7036
vn 0.0729 -0.8116 0.5797
vn -0.5718 -0.8162 0.0824
vn -0.2928 -0.9559 -0.0221
vn 0.4837 -0.8605 0.1599
vn 0.7335 -0.6171 0.2850
vn 0.7070 -0.6443 -0.2915
vn 0.9239 -0.3580 0.1354
vn 0.9312 -0.1922 -0.3097
vn 0.6785 -0.2538 -0.6894
vn 0.4291 -0.4812 -0.7644
vn 0.2702 -0.7679 -0.5807
vn 0.2982 -0.9347 -0.1932
vn 0.2983 -0.9347 -0.1930
vn 0.8736 -0.1472 -0.4639
vn 0.8680 -0.4100 -0.2801
vn 0.7626 -0.3585 -0.5384
vn 0.4208 -0.2389 -0.8751
vn 0.5264 0.4330 0.7317
vn 0.1614 -0.2381 0.9577
vn 0.4857 -0.3642 0.7946
vn 0.7790 0.2686 0.5666
vn 0.7685 -0.4411 0.4635
vn 0.9548 0.0617 0.2908
vn 0.8624 -0.5019 0.0654
vn 0.9646 -0.2569 0.0592
vn 0.9699 -0.0582 -0.2364
vn 0.7169 0.2390 -0.6549
vn 0.0731 -0.1261 -0.9893
vn 0.4969 0.5110 -0.7014
vn -0.1961 -0.0350 -0.9800
vn 0.2861 0.6785 -0.6767
vn -0.3660 0.1237 -0.9223
vn 0.1342 0.7351 -0.6646
vn -0.4068 0.0948 -0.9086
vn 0.3968 0.4613 0.7936
vn 0.5294 0.8477 0.0342
vn 0.5859 0.2503 0.7708
vn 0.5217 0.8506 0.0656
vn 0.0978 0.6939 -0.7134
vn 0.6369 0.7704 0.0290
vn 0.8075 0.5874 -0.0541
vn 0.9320 0.3376 -0.1322
vn -0.2673 0.0069 -0.9636
vn 0.7910 0.5313 -0.3033
vn 0.6674 0.6282 -0.3999
vn 0.6125 0.6588 -0.4368
vn 0.5520 0.2924 -0.7809
vn 0.3820 0.3210 -0.8666
vn 0.0833 -0.1561 -0.9842
vn -0.1607 -0.0148 -0.9869
vn 0.2374 0.5121 -0.8254
vn 0.1667 0.6091 -0.7753
vn 0.6573 0.7534 -0.0179
vn 0.9934 0.1127 -0.0228
vn 0.1072 -0.3232 0.9402
vn 0.0052 -0.1814 0.9834
vn 0.6987 -0.6986 0.1541
vn 0.5616 0.1482 -0.8140
vn 0.3158 -0.2833 -0.9056
vn 0.2436 0.3642 -0.8989
vn -0.0372 -0.0583 -0.9976
vn 0.3562 0.3671 -0.8592
vn 0.0745 -0.0916 -0.9930
vn 0.5974 0.2311 -0.7679
vn 0.3354 -0.2053 -0.9194
vn 0.8216 0.0234 -0.5696
vn 0.6502 -0.3310 -0.6838
vn 0.9477 -0.2309 -0.2204
vn 0.8713 -0.4229 -0.2491
vn 0.8999 -0.4255 0.0950
vn 0.9950 -0.0963 -0.0244
vn 0.9605 0.2260 -0.1622
vn 0.9662 -0.1290 0.2232
vn 0.8924 -0.2885 0.3469
vn 0.8332 -0.4175 0.3625
vn 0.7261 -0.0182 0.6873
vn 0.5473 -0.3272 0.7703
vn 0.4204 0.2446 0.8737
vn 0.1315 -0.1672 0.9771
vn 0.1755 0.3759 0.9099
vn -0.1405 -0.0635 0.9880
vn 0.0322 0.3480 0.9370
vn -0.2536 -0.0425 0.9664
vn 0.2915 -0.3816 0.8771
vn 0.4525 -0.0625 0.8896
vn 0.8994 -0.4053 -0.1638
vn 0.9052 0.1975 0.3764
vn 0.7140 0.5239 0.4645
vn 0.4964 0.7112 0.4977
vn 0.4033 0.7415 0.5362
vn 0.6303 0.5765 0.5200
vn 0.9831 0.0576 0.1738
vn 0.7695 0.5094 0.3852
vn 0.7187 0.6352 -0.2828
vn 0.8605 0.4774 -0.1777
vn 0.5036 0.7911 -0.3472
vn 0.6122 0.7240 -0.3179
vn 0.8201 0.5148 -0.2499
vn 0.1129 -0.7970 -0.5933
vn 0.0755 -0.7777 -0.6241
vn 0.3324 -0.2168 -0.9179
vn -0.1003 -0.9938 0.0475
vn -0.0797 -0.9959 0.0419
vn 0.3653 -0.8903 -0.2719
vn 0.2164 -0.9711 0.1007
vn 0.7292 -0.6714 0.1326
vn 0.6608 -0.6091 -0.4385
vn -0.0245 -0.6995 0.7142
vn -0.1003 -0.9938 0.0476
vn -0.0797 -0.9959 0.0420
vn 0.4348 -0.3313 -0.8374
vn 0.7961 0.0989 -0.5970
vn 0.6921 0.2750 -0.6674
vn 0.9386 0.3355 0.0804
vn 0.8516 0.5203 0.0643
vn 0.6402 0.1909 0.7441
vn 0.5413 0.3505 0.7643
vn 0.2049 -0.2101 0.9560
vn 0.1562 -0.1062 0.9820
vn -0.0503 -0.7237 0.6883
vn 0.2517 -0.8355 0.4884
vn 0.2164 -0.9711 0.1008
vn 0.5032 -0.5112 0.6968
vn 0.7979 -0.2341 0.5554
vn 0.9774 -0.1615 0.1362
vn 0.9084 -0.3105 -0.2800
vn 0.7063 0.6835 0.1841
vn 0.6887 0.6954 0.2054
vn 0.6438 0.6164 0.4533
vn 0.6954 0.7133 -0.0868
vn 0.7030 0.7041 -0.1001
vn 0.6750 0.6207 -0.3989
vn 0.6354 0.6758 -0.3736
vn 0.5415 0.4717 -0.6959
vn 0.4604 0.6184 -0.6369
vn 0.2207 0.2566 -0.9410
vn -0.0413 0.7332 -0.6788
vn -0.2857 -0.0344 -0.9577
vn 0.1626 -0.1796 -0.9702
vn 0.3965 0.1587 -0.9042
vn 0.5703 0.4195 -0.7063
vn 0.6691 0.6263 -0.4000
vn 0.6887 0.7198 -0.0869
vn 0.7043 0.6819 0.1973
vn 0.6593 0.5989 0.4545
vn 0.6986 0.5661 0.4376
vn 0.6073 0.4420 0.6602
vn 0.6564 0.4030 0.6377
vn 0.4910 0.1738 0.8536
vn 0.5625 0.1356 0.8156
vn 0.2466 -0.2671 0.9316
vn 0.3777 -0.2603 0.8886
vn -0.0010 -0.7642 0.6450
vn 0.1788 -0.7019 0.6894
vn -0.0110 -0.9668 0.2555
vn 0.1454 -0.9350 0.3236
vn -0.0082 -0.9941 0.1077
vn 0.0778 -0.9947 0.0674
vn -0.1232 -0.9924 -0.0017
vn -0.0695 -0.9859 -0.1522
vn -0.2234 -0.9653 0.1353
vn -0.1795 -0.9729 0.1461
vn -0.1772 -0.9611 0.2119
vn -0.1287 -0.7623 0.6344
vn 0.1839 -0.2312 0.9554
vn 0.4517 0.2142 0.8661
vn 0.5759 0.4713 0.6680
vn -0.4204 -0.8987 -0.1251
vn -0.4133 -0.8503 -0.3258
vn -0.5905 -0.5717 -0.5696
vn -0.3966 -0.4703 -0.7884
vn -0.2857 -0.0345 -0.9577
vn 0.1625 -0.1797 -0.9702
vn -0.0831 -0.5419 -0.8364
vn -0.2025 -0.8534 -0.4802
vn -0.3010 -0.9533 0.0259
vn -0.2509 -0.9456 0.2072
vn -0.2729 -0.9520 0.1384
vn -0.2597 -0.9428 0.2092
vn -0.1600 -0.7458 0.6467
vn 0.1479 -0.2030 0.9679
vn 0.0136 -0.2126 -0.9771
vn 0.1955 -0.1140 -0.9741
vn 0.0435 -0.4196 -0.9067
vn 0.0853 -0.0667 -0.9941
vn -0.2375 -0.2511 -0.9384
vn -0.1612 0.0514 -0.9856
vn -0.6538 -0.3261 -0.6827
vn -0.5740 0.2335 -0.7849
vn -0.8838 -0.3275 -0.3342
vn -0.8330 0.3547 -0.4245
vn -0.9283 -0.2956 -0.2255
vn -0.8766 0.3858 -0.2877
vn -0.8577 -0.3491 -0.3774
vn -0.7713 0.2770 -0.5731
vn -0.7329 -0.4274 -0.5292
vn -0.3247 -0.8653 -0.3820
vn -0.3985 -0.9097 -0.1168
vn -0.4389 -0.8970 -0.0520
vn -0.4340 -0.8981 -0.0707
vn -0.2931 -0.8630 -0.4115
vn -0.0875 -0.6699 -0.7373
vn 0.4202 -0.6159 -0.6663
vn 0.4340 -0.8653 -0.2506
vn 0.3500 -0.9192 0.1807
vn 0.3024 -0.8961 0.3248
vn 0.3651 -0.9168 0.1616
vn -0.3455 -0.8464 -0.4053
vn -0.1809 -0.9827 0.0390
vn -0.0605 -0.9431 -0.3270
vn 0.2341 -0.8517 -0.4689
vn 0.8982 -0.4042 0.1726
vn 0.7948 -0.3755 0.4768
vn 0.8824 -0.4016 0.2451
vn 0.8884 -0.3929 -0.2375
vn 0.6733 -0.3055 -0.6733
vn 0.2905 -0.3904 -0.8736
vn 0.3827 -0.2129 -0.8990
vn -0.3170 -0.8907 -0.3258
vn 0.3732 -0.9147 -0.1552
vn -0.4328 -0.8190 -0.3766
vn 0.4086 -0.9044 -0.1225
vn 0.8515 -0.5201 -0.0672
vn 0.8490 -0.4983 -0.1760
vn 0.9882 -0.0164 -0.1523
vn 0.9116 0.0505 -0.4080
vn 0.6963 0.5855 -0.4152
vn 0.4866 0.5093 -0.7098
vn -0.1375 0.6977 -0.7031
vn -0.3349 0.5227 -0.7840
vn -0.7739 0.3611 -0.5203
vn -0.7430 0.2638 -0.6151
vn -0.8843 0.1537 -0.4410
vn -0.8064 -0.2841 -0.5187
vn -0.3171 -0.8907 -0.3258
vn -0.2796 -0.9161 -0.2874
vn -0.2506 -0.8412 -0.4791
vn -0.6010 -0.4580 -0.6550
vn 0.0669 -0.3894 -0.9186
vn -0.5478 -0.0221 -0.8363
vn -0.1853 0.2354 -0.9541
vn 0.3300 0.1758 -0.9275
vn 0.6741 -0.1589 -0.7213
vn 0.6355 -0.5674 -0.5237
vn 0.2809 -0.8734 -0.3979
vn 0.3731 -0.1785 0.9105
vn 0.5594 -0.5333 0.6346
vn 0.6695 -0.3068 0.6765
vn 0.8222 -0.3703 0.4323
vn 0.9000 -0.4254 0.0950
vn 0.8332 -0.4176 0.3625
vn 0.6541 -0.6797 0.3319
vn 0.5472 -0.3273 0.7703
vn 0.3345 -0.9423 -0.0129
vn 0.2740 -0.7944 0.5420
vn 0.1315 -0.1673 0.9771
vn -0.1062 -0.9943 0.0092
vn 0.2130 -0.9604 -0.1798
vn -0.0030 -0.8440 -0.5363
vn -0.4127 -0.9079 -0.0733
vn 0.3980 -0.9134 0.0854
vn -0.1758 -0.9375 0.3004
vn 0.7827 -0.4467 0.4334
vn -0.1767 -0.7732 0.6090
vn -0.2900 -0.0738 0.9542
vn -0.4275 -0.8012 0.4187
vn -0.3295 -0.5918 -0.7356
vn -0.4791 -0.8695 -0.1206
vn -0.4952 -0.8565 0.1455
vn -0.4430 -0.8868 -0.1318
vn -0.2319 -0.9640 -0.1302
vn 0.1628 -0.9817 -0.0988
vn 0.4162 -0.7271 -0.5459
vn 0.7626 -0.6054 -0.2279
vn -0.2609 -0.6179 -0.7417
vn 0.0242 -0.7134 -0.7003
vn 0.6421 -0.7666 -0.0047
vn 0.8999 -0.4256 0.0950
vn 0.6502 -0.3311 -0.6838
vn 0.3354 -0.2054 -0.9194
vn 0.0744 -0.0917 -0.9930
vn -0.0372 -0.0584 -0.9976
vn 0.3157 -0.2834 -0.9056
vn 0.7516 -0.1954 -0.6300
vn -0.4515 -0.8339 0.3175
vn 0.1071 -0.3233 0.9402
vn -0.3495 -0.4807 0.8042
vn -0.3792 -0.7895 0.4826
vn 0.0051 -0.1814 0.9834
vn -0.2712 -0.8492 0.4531
vn -0.0186 -0.9300 0.3671
vn 0.4857 -0.3642 0.7947
vn 0.4281 -0.8915 0.1482
vn 0.7685 -0.4412 0.4635
vn 0.7987 -0.5935 -0.0991
vn 0.8624 -0.5020 0.0654
vn 0.7023 -0.6147 -0.3590
vn 0.7626 -0.3584 -0.5384
vn 0.2481 -0.8004 -0.5457
vn 0.4207 -0.2390 -0.8751
vn -0.6749 -0.6241 -0.3937
vn -0.6084 -0.6738 -0.4194
vn -0.4564 -0.7603 -0.4622
vn -0.2174 -0.8174 -0.5334
vn 0.0731 -0.1262 -0.9893
vn -0.3660 0.1237 -0.9224
vn -0.4068 0.0947 -0.9086
vn -0.2673 0.0068 -0.9636
vn -0.3483 -0.7269 -0.5919
vn 0.1111 -0.9836 -0.1418
vn -0.0387 -0.9958 0.0836
vn 0.1260 -0.9865 0.1047
vn -0.0809 -0.9750 0.2071
vn -0.2068 -0.9746 0.0856
vn -0.0788 -0.7633 -0.6412
vn -0.1608 -0.0149 -0.9869
vn -0.1564 -0.7008 -0.6960
vn 0.0832 -0.1562 -0.9842
vn -0.1157 -0.9918 -0.0552
vn -0.1672 -0.9834 0.0711
vn -0.1986 -0.9776 0.0697
vn -0.2386 -0.9514 0.1946
vn -0.1082 -0.7696 0.6293
vn -0.1072 -0.7650 0.6351
vn 0.0903 -0.2003 0.9756
vn 0.0135 -0.1302 0.9914
vn -0.0417 -0.8285 -0.5584
vn 0.6064 -0.4033 -0.6853
vn -0.1802 -0.9835 -0.0167
vn -0.2403 -0.9645 0.1092
vn -0.2795 -0.9579 0.0656
vn -0.2797 -0.9403 0.1940
vn 0.3370 0.3188 0.8859
vn 0.3176 0.3597 0.8773
vn 0.5207 0.5635 0.6413
vn 0.1040 -0.1812 0.9779
vn 0.0997 -0.1672 0.9809
vn -0.1659 -0.7531 0.6366
vn -0.2088 -0.7383 0.6414
vn -0.3149 -0.9293 0.1930
vn -0.2911 -0.9523 0.0922
vn -0.2376 -0.9577 0.1623
vn 0.7148 0.6795 0.1653
vn 0.6781 0.7313 -0.0734
vn 0.7021 0.6911 0.1715
vn 0.6648 0.6462 0.3747
vn 0.6350 0.6447 0.4256
vn 0.5369 0.5157 0.6677
vn 0.4021 0.2639 0.8767
vn 0.5971 0.7262 -0.3408
vn 0.4507 0.7412 -0.4974
vn 0.3042 0.8075 -0.5054
vn -0.2641 0.8207 -0.5067
vn -0.1611 0.0514 -0.9856
vn 0.1266 -0.0232 -0.9917
vn -0.3752 0.8202 -0.4318
vn -0.7712 0.2771 -0.5731
vn -0.4324 0.8346 -0.3413
vn -0.4008 0.7980 -0.4500
vn -0.8330 0.3548 -0.4245
vn -0.2179 0.6010 -0.7690
vn -0.0005 0.2308 -0.9730
vn 0.2765 0.0359 -0.9603
vn 0.4060 -0.0990 -0.9085
vn 0.6933 0.0009 -0.7206
vn 0.6733 -0.3054 -0.6733
vn 0.9334 0.1608 -0.3207
vn 0.4611 0.8479 -0.2618
vn 0.9677 0.2308 0.1013
vn 0.4786 0.6586 -0.5807
vn 0.3859 0.2863 -0.8770
vn 0.4446 0.8901 -0.1005
vn 0.4519 0.8778 -0.1590
vn 0.3661 0.8045 -0.4677
vn 0.9350 0.2117 0.2845
vn 0.9239 0.2391 0.2987
vn 0.8884 -0.3928 -0.2375
vn 0.8824 -0.4015 0.2450
vn 0.7948 -0.3754 0.4768
vn 0.8983 -0.4042 0.1726
vn 0.7830 0.2807 -0.5550
vn 0.5781 0.5307 -0.6197
vn 0.5484 0.7106 -0.4408
vn 0.6223 0.7286 -0.2862
vn 0.6912 0.7215 -0.0414
vn 0.6065 -0.4032 -0.6853
vn 0.7035 0.6538 -0.2788
vn 0.7268 0.6867 -0.0154
vn 0.7479 0.6350 0.1932
vn 0.7355 0.5977 0.3192
vn 0.5408 0.5946 0.5950
vn 0.2973 0.4016 0.8662
vn 0.5809 0.6402 0.5027
vn 0.7987 0.5392 0.2673
vn 0.7630 0.5980 0.2454
vn 0.7724 0.6322 -0.0618
vn 0.2416 0.4649 0.8517
vn 0.5896 0.6977 0.4070
vn 0.9150 0.3376 0.2208
vn 0.8045 0.4934 0.3305
vn 0.8033 0.5764 -0.1498
vn 0.9067 0.2860 -0.3100
vn 0.7475 0.5970 -0.2912
vn -0.3780 -0.7195 0.5826
vn -0.2250 -0.0423 0.9735
vn 0.1247 0.5470 0.8278
vn 0.5866 0.7569 0.2881
vn 0.5092 -0.0595 -0.8586
vn 0.7582 0.3724 -0.5352
vn 0.4780 0.8666 0.1434
vn 0.0511 0.6217 0.7816
vn -0.4112 0.0224 0.9112
vn -0.6709 -0.5718 0.4721
vn -0.5066 -0.8601 -0.0600
vn 0.1592 -0.8130 -0.5601
vn 0.3478 -0.0371 -0.9368
vn -0.0486 -0.6889 -0.7233
vn 0.4852 -0.1412 -0.8629
vn -0.4034 -0.9118 -0.0766
vn 0.3273 -0.8355 -0.4413
vn -0.1481 -0.9872 0.0592
vn 0.0271 -0.7453 -0.6662
vn -0.4909 -0.8624 -0.1239
vn -0.6426 -0.5698 0.5122
vn -0.3391 0.0691 0.9382
vn 0.0960 0.5949 0.7981
vn 0.4863 0.8625 0.1403
vn 0.5782 0.5042 -0.6415
vn 0.5092 -0.0594 -0.8586
vn -0.5145 -0.6053 0.6074
vn -0.1806 0.0334 0.9830
vn -0.1887 -0.6554 0.7314
vn 0.2946 -0.9217 0.2523
vn 0.2035 0.5187 0.8304
vn 0.0763 -0.0504 0.9958
vn 0.2446 -0.6235 0.7426
vn 0.5572 -0.7449 0.3669
vn 0.7583 -0.6369 0.1390
vn 0.6441 -0.7606 -0.0811
vn 0.7381 -0.2713 -0.6178
vn 0.9100 -0.3582 -0.2090
vn 0.8868 -0.4509 0.1015
vn 0.3750 0.3610 0.8538
vn 0.6068 0.7645 0.2173
vn 0.7594 0.5516 0.3451
vn 0.5890 0.1201 0.7992
vn 0.8697 0.2328 0.4352
vn 0.6851 0.4711 -0.5557
vn 0.8938 0.2946 -0.3381
vn 0.9985 0.0407 -0.0372
vn 0.8784 -0.1105 0.4650
vn 0.7633 -0.1733 0.6224
vn 0.3478 -0.0370 -0.9368
vn 0.4852 -0.1411 -0.8629
vn 0.7381 -0.2712 -0.6178
vn 0.9100 -0.3581 -0.2090
vn 0.9397 -0.2144 0.2665
vn 0.8158 -0.3747 0.4406
vn 0.6695 -0.3069 0.6765
vn 0.8981 -0.3879 0.2073
vn -0.5443 -0.8079 0.2259
vn -0.6205 -0.7547 -0.2132
vn -0.5793 -0.7960 0.1751
vn -0.5878 -0.7843 -0.1984
vn -0.6182 -0.7661 0.1757
vn -0.6341 -0.7493 -0.1909
vn -0.6333 -0.7525 0.1806
vn -0.6194 -0.7595 -0.1991
vn -0.6260 -0.7612 0.1695
vn -0.5713 -0.7888 -0.2268
vn -0.5699 -0.8088 0.1449
vn -0.4937 -0.8271 -0.2686
vn 0.2155 -0.8836 -0.4157
vn -0.1853 -0.9700 0.1573
vn 0.1289 -0.8565 -0.4998
vn -0.1492 -0.9762 0.1572
vn 0.3489 -0.9285 -0.1273
vn -0.3116 -0.5893 0.7454
vn -0.1853 -0.9700 0.1574
vn -0.0861 -0.9746 0.2068
vn -0.2847 -0.6057 0.7431
vn -0.1538 0.0203 0.9879
vn -0.0658 -0.0643 0.9958
vn 0.3084 0.4501 0.8381
vn 0.4081 0.2995 0.8624
vn 0.8019 0.5457 0.2430
vn 0.8839 0.3635 0.2943
vn 0.8461 0.2036 -0.4926
vn 0.9281 0.0264 -0.3714
vn 0.5230 -0.3038 -0.7964
vn 0.6356 -0.4319 -0.6399
vn 0.7382 -0.6581 -0.1482
vn 0.6499 -0.6040 0.4613
vn 0.0677 -0.9908 0.1174
vn 0.2636 -0.3934 0.8807
vn 0.5902 -0.1327 0.7962
vn 0.1189 -0.7159 0.6880
vn 0.3465 -0.8703 0.3501
vn 0.8892 -0.1165 0.4425
vn 0.9451 -0.3248 0.0364
vn 0.6860 0.7243 0.0693
vn 0.6624 0.7175 -0.2153
vn 0.7160 0.6977 0.0216
vn 0.7076 0.6250 -0.3295
vn 0.5785 0.6527 -0.4892
vn 0.6383 0.4897 -0.5939
vn 0.4154 0.4605 -0.7845
vn 0.4005 0.5219 -0.7532
vn 0.2052 0.2223 -0.9531
vn 0.2364 0.2407 -0.9414
vn 0.4073 0.5320 -0.7423
vn 0.2065 0.2786 -0.9379
vn 0.3801 0.5507 -0.7432
vn 0.1977 0.2947 -0.9349
vn 0.3672 0.5510 -0.7494
vn 0.2411 0.2719 -0.9316
vn 0.3994 0.5245 -0.7519
vn 0.2920 0.2412 -0.9255
vn 0.4505 0.4935 -0.7440
vn 0.3320 0.2041 -0.9209
vn 0.4442 0.2954 -0.8458
vn 0.1685 0.1811 -0.9689
vn 0.1671 0.1742 -0.9704
vn -0.0862 -0.1385 -0.9866
vn -0.0900 -0.1503 -0.9845
vn -0.4039 -0.6836 -0.6079
vn -0.5878 -0.7843 -0.1985
vn -0.6850 -0.6821 -0.2559
vn -0.4841 -0.6629 -0.5711
vn -0.6341 -0.7493 -0.1910
vn -0.5419 -0.6195 -0.5680
vn -0.6194 -0.7594 -0.1992
vn -0.2551 -0.4370 -0.8625
vn -0.3181 -0.4354 -0.8421
vn -0.3156 -0.3742 -0.8720
vn -0.5041 -0.6232 -0.5979
vn -0.2509 -0.3322 -0.9092
vn -0.4402 -0.6397 -0.6300
vn -0.2024 -0.8535 -0.4802
vn -0.0691 -0.9656 -0.2507
vn -0.5713 -0.7888 -0.2269
vn -0.4937 -0.8271 -0.2687
vn -0.3580 -0.6646 -0.6558
vn -0.3892 -0.8684 -0.3074
vn -0.2698 -0.7025 -0.6586
vn -0.2237 -0.9200 -0.3218
vn -0.1629 -0.7520 -0.6387
vn -0.0809 -0.9449 -0.3174
vn -0.0744 -0.7877 -0.6115
vn -0.0579 -0.9526 -0.2986
vn -0.0585 -0.8097 -0.5840
vn -0.0814 -0.8390 -0.5380
vn -0.0830 -0.5419 -0.8363
vn -0.0016 -0.5360 -0.8442
vn -0.2133 -0.3022 -0.9291
vn -0.1674 -0.3103 -0.9358
vn -0.1022 -0.3682 -0.9241
vn -0.0357 -0.4341 -0.9002
vn 0.0179 -0.4862 -0.8736
vn 0.0324 -0.5242 -0.8510
vn 0.1999 -0.1497 -0.9683
vn 0.1976 -0.1717 -0.9651
vn 0.3965 0.1586 -0.9042
vn 0.1730 -0.1117 -0.9786
vn 0.1326 -0.0578 -0.9895
vn 0.0844 0.0005 -0.9964
vn 0.0313 0.0473 -0.9984
vn 0.0253 0.0379 -0.9990
vn 0.0337 -0.0152 -0.9993
vn -0.0262 -0.0708 -0.9971
vn 0.3523 0.1774 -0.9189
vn 0.4473 -0.1924 0.8734
vn 0.5815 0.1751 0.7945
vn 0.6581 0.4234 0.6226
vn 0.6891 0.5929 0.4167
vn 0.7003 0.6912 0.1784
vn 0.7043 0.6819 0.1972
vn 0.6898 0.7170 -0.1000
vn 0.6488 0.6394 -0.4124
vn 0.5517 0.4381 -0.7097
vn 0.5702 0.4195 -0.7063
vn 0.3858 0.1553 -0.9094
vn 0.6348 0.7625 -0.1251
vn 0.6209 0.6591 -0.4243
vn 0.5811 0.6870 -0.4363
vn 0.4829 0.4694 -0.7392
vn 0.5086 0.4567 -0.7299
vn 0.6260 0.6568 -0.4203
vn 0.6735 0.7292 -0.1210
vn 0.6711 0.7317 -0.1197
vn 0.6923 0.7026 0.1644
vn 0.6894 0.7048 0.1675
vn 0.6686 0.6116 0.4230
vn 0.6634 0.6229 0.4147
vn 0.6123 0.4569 0.6452
vn 0.6264 0.4615 0.6282
vn 0.5173 0.2209 0.8268
vn 0.5409 0.2298 0.8091
vn 0.3969 -0.0845 0.9140
vn 0.4275 -0.1330 0.8942
vn 0.2251 -0.4957 0.8388
vn 0.2619 -0.5446 0.7967
vn 0.2833 -0.5958 0.7515
vn -0.4579 -0.8822 0.1096
vn -0.3892 -0.8684 -0.3072
vn -0.2455 -0.9667 0.0724
vn -0.2237 -0.9200 -0.3217
vn -0.0496 -0.9983 0.0306
vn -0.0809 -0.9449 -0.3172
vn 0.0014 -1.0000 0.0030
vn -0.0579 -0.9527 -0.2985
vn 0.0481 -0.9986 0.0211
vn -0.0691 -0.9656 -0.2506
vn 0.1623 -0.9118 0.3773
vn 0.1454 -0.9349 0.3236
vn 0.1789 -0.7019 0.6895
vn 0.1026 -0.8989 0.4259
vn 0.0449 -0.8690 0.4928
vn -0.1601 -0.8159 0.5556
vn -0.3844 -0.7212 0.5764
vn -0.5194 -0.6357 0.5710
vn -0.5710 -0.6050 0.5549
vn -0.5400 -0.6356 0.5518
vn -0.5156 -0.6661 0.5389
vn -0.4849 -0.6943 0.5317
vn -0.3254 -0.4602 0.8260
vn -0.4454 -0.6858 0.5756
vn -0.3360 -0.4199 0.8431
vn -0.3319 -0.3902 0.8589
vn -0.3742 -0.3241 0.8689
vn -0.3196 -0.3080 0.8961
vn -0.1548 -0.3707 0.9158
vn 0.0514 -0.4316 0.9006
vn -0.0912 -0.0814 0.9925
vn -0.0602 -0.0565 0.9966
vn -0.1062 0.0140 0.9943
vn -0.0697 0.0575 0.9959
vn 0.0876 0.0193 0.9960
vn 0.2616 -0.0282 0.9648
vn 0.4148 0.2749 0.8674
vn 0.2754 0.3313 0.9024
vn 0.1519 0.3618 0.9198
vn 0.1510 0.3315 0.9313
vn 0.2079 0.2797 0.9373
vn 0.3471 0.5793 0.7375
vn 0.3242 0.5997 0.7316
vn 0.4170 0.5654 0.7116
vn 0.5257 0.5079 0.6824
vn 0.4439 0.7523 0.4868
vn 0.5125 0.7194 0.4689
vn 0.6043 0.6575 0.4500
vn 0.6450 0.7447 0.1713
vn 0.5670 0.8050 0.1747
vn -0.2936 -0.4731 0.8306
vn -0.1015 -0.1314 0.9861
vn 0.1828 0.2607 0.9480
vn 0.4204 0.5376 0.7309
vn 0.4549 0.7470 0.4847
vn 0.5122 0.8394 0.1817
vn 0.5659 0.8142 -0.1298
vn 0.5159 0.7320 -0.4451
vn 0.5152 0.8462 -0.1361
vn 0.5010 0.8487 0.1696
vn 0.5204 0.7235 0.4536
vn 0.4397 0.5236 0.7298
vn 0.1687 0.2115 0.9627
vn -0.0776 -0.1569 0.9846
vn 0.4712 0.7628 -0.4429
vn 0.5050 0.8516 -0.1405
vn 0.4792 0.7663 -0.4279
vn 0.5435 0.8273 0.1419
vn 0.5449 0.8265 -0.1413
vn 0.5172 0.7476 -0.4167
vn 0.5784 0.7027 0.4144
vn 0.6136 0.7825 0.1059
vn 0.6010 0.7828 -0.1614
vn 0.5383 0.7227 -0.4335
vn 0.4550 0.4920 0.7422
vn 0.6309 0.6691 0.3927
vn 0.1861 0.1849 0.9650
vn 0.4738 0.4783 0.7394
vn 0.6547 0.6532 0.3804
vt 0.206909 0.209737
vt 0.224374 0.210368
vt 0.229061 0.197623
vt 0.210401 0.199310
vt 0.230561 0.183254
vt 0.212157 0.188947
vt 0.225576 0.163460
vt 0.210024 0.176298
vt 0.213920 0.150607
vt 0.203572 0.168767
vt 0.196926 0.146773
vt 0.193885 0.167356
vt 0.177183 0.152424
vt 0.182168 0.172176
vt 0.165727 0.160985
vt 0.174106 0.178777
vt 0.157271 0.171934
vt 0.166563 0.186826
vt 0.181071 0.186701
vt 0.185712 0.182878
vt 0.190485 0.191767
vt 0.191559 0.180804
vt 0.196200 0.181688
vt 0.199391 0.185297
vt 0.200720 0.191426
vt 0.199777 0.197331
vt 0.197254 0.204209
vt 0.176269 0.192287
vt 0.343006 0.132962
vt 0.341034 0.138490
vt 0.351166 0.135442
vt 0.355812 0.128320
vt 0.312271 0.124326
vt 0.307521 0.131582
vt 0.314119 0.136910
vt 0.319166 0.129799
vt 0.320780 0.140372
vt 0.325097 0.134082
vt 0.333463 0.143809
vt 0.331031 0.137420
vt 0.336428 0.134891
vt 0.343325 0.128213
vt 0.356287 0.122096
vt 0.342366 0.121949
vt 0.351671 0.114066
vt 0.338004 0.115023
vt 0.342746 0.107912
vt 0.330242 0.107780
vt 0.333823 0.101211
vt 0.306476 0.116902
vt 0.302578 0.103500
vt 0.295984 0.109932
vt 0.312075 0.108931
vt 0.317480 0.102277
vt 0.321885 0.115285
vt 0.328549 0.122342
vt 0.332967 0.130925
vt 0.328816 0.094831
vt 0.277826 0.084980
vt 0.292675 0.083225
vt 0.292693 0.072975
vt 0.312391 0.072629
vt 0.311973 0.082049
vt 0.329808 0.082909
vt 0.328546 0.089525
vt 0.312763 0.090026
vt 0.313767 0.095420
vt 0.295936 0.098004
vt 0.282752 0.103040
vt 0.297246 0.119406
vt 0.302265 0.124688
vt 0.287943 0.115013
vt 0.277758 0.112853
vt 0.286979 0.119071
vt 0.277388 0.122680
vt 0.288895 0.126261
vt 0.277512 0.131779
vt 0.286728 0.135027
vt 0.275508 0.137614
vt 0.282478 0.141893
vt 0.271656 0.143124
vt 0.274929 0.147229
vt 0.266008 0.147226
vt 0.266584 0.149993
vt 0.259159 0.148411
vt 0.261259 0.145043
vt 0.263297 0.139759
vt 0.255510 0.144508
vt 0.252065 0.145591
vt 0.249305 0.147554
vt 0.246661 0.140560
vt 0.241306 0.142680
vt 0.243581 0.134230
vt 0.235038 0.134487
vt 0.242502 0.129276
vt 0.233767 0.127069
vt 0.242216 0.121509
vt 0.235336 0.118839
vt 0.235912 0.111279
vt 0.241923 0.106779
vt 0.231937 0.108263
vt 0.253109 0.139094
vt 0.252809 0.132805
vt 0.252370 0.128092
vt 0.250953 0.119860
vt 0.251770 0.105251
vt 0.227448 0.095975
vt 0.245703 0.096475
vt 0.264183 0.107610
vt 0.264539 0.098223
vt 0.263945 0.118876
vt 0.264638 0.128274
vt 0.264178 0.133497
vt 0.210590 0.198181
vt 0.229902 0.198787
vt 0.231319 0.182040
vt 0.224643 0.211965
vt 0.206387 0.208993
vt 0.199004 0.195897
vt 0.196114 0.202643
vt 0.190306 0.190941
vt 0.200166 0.190558
vt 0.164072 0.160773
vt 0.155256 0.172094
vt 0.166773 0.186302
vt 0.212432 0.187906
vt 0.209770 0.176718
vt 0.225291 0.163102
vt 0.202838 0.169532
vt 0.213420 0.151149
vt 0.193097 0.167360
vt 0.197141 0.147055
vt 0.182049 0.170870
vt 0.177812 0.151420
vt 0.174257 0.177495
vt 0.181689 0.185936
vt 0.177299 0.191857
vt 0.185715 0.182169
vt 0.190980 0.180703
vt 0.195566 0.181920
vt 0.198855 0.185320
vt 0.250294 0.033650
vt 0.250619 0.024979
vt 0.232755 0.033304
vt 0.264477 0.026347
vt 0.264278 0.034780
vt 0.279341 0.026938
vt 0.277720 0.035040
vt 0.300133 0.025437
vt 0.298736 0.034876
vt 0.328040 0.022777
vt 0.323867 0.034089
vt 0.347230 0.015328
vt 0.343916 0.009370
vt 0.326170 0.012390
vt 0.300279 0.015097
vt 0.280628 0.015939
vt 0.265188 0.015330
vt 0.250601 0.013129
vt 0.233120 0.023501
vt 0.232950 0.011446
vt 0.215045 0.022530
vt 0.215100 0.010066
vt 0.196611 0.022098
vt 0.197402 0.009123
vt 0.178711 0.022340
vt 0.179932 0.008701
vt 0.162144 0.023430
vt 0.163510 0.009335
vt 0.142170 0.025454
vt 0.143529 0.012072
vt 0.118171 0.027773
vt 0.117407 0.016423
vt 0.100267 0.024457
vt 0.098363 0.015864
vt 0.103329 0.033181
vt 0.117900 0.036622
vt 0.141534 0.034500
vt 0.162364 0.033502
vt 0.178342 0.032845
vt 0.196259 0.032255
vt 0.214842 0.032449
vt 0.084570 0.029177
vt 0.081665 0.022543
vt 0.061617 0.028483
vt 0.056839 0.018020
vt 0.042695 0.014097
vt 0.040958 0.005529
vt 0.052719 0.008729
vt 0.078863 0.012974
vt 0.089045 0.041187
vt 0.107102 0.043252
vt 0.119673 0.045266
vt 0.142519 0.043844
vt 0.163176 0.042844
vt 0.177904 0.042791
vt 0.013096 0.044659
vt 0.008585 0.049063
vt 0.015411 0.049374
vt 0.009543 0.042992
vt 0.014571 0.041401
vt 0.009932 0.037710
vt 0.019065 0.038235
vt 0.014653 0.032270
vt 0.027796 0.035522
vt 0.023513 0.028286
vt 0.036122 0.033814
vt 0.030447 0.026694
vt 0.042334 0.031990
vt 0.035468 0.024550
vt 0.049440 0.029192
vt 0.066454 0.041546
vt 0.045446 0.044622
vt 0.040161 0.045439
vt 0.031048 0.047172
vt 0.021836 0.048637
vt 0.017473 0.049265
vt 0.015797 0.056882
vt 0.021869 0.059507
vt 0.030884 0.060763
vt 0.038245 0.060061
vt 0.045022 0.059239
vt 0.053882 0.043060
vt 0.091532 0.057497
vt 0.067596 0.056033
vt 0.053000 0.059435
vt 0.043873 0.069434
vt 0.036588 0.070104
vt 0.027638 0.069701
vt 0.017023 0.065700
vt 0.011206 0.060378
vt 0.013253 0.054022
vt 0.009781 0.055400
vt 0.165948 0.183575
vt 0.165273 0.160292
vt 0.157677 0.170005
vt 0.172777 0.175704
vt 0.178460 0.149833
vt 0.181038 0.169362
vt 0.193399 0.145789
vt 0.192343 0.165879
vt 0.213133 0.149998
vt 0.202548 0.167909
vt 0.225525 0.160449
vt 0.209506 0.175583
vt 0.231879 0.180293
vt 0.213383 0.187457
vt 0.230702 0.196498
vt 0.212021 0.198063
vt 0.208654 0.208368
vt 0.224666 0.209836
vt 0.195236 0.203695
vt 0.197504 0.197689
vt 0.188354 0.193644
vt 0.198324 0.192423
vt 0.196842 0.187181
vt 0.193765 0.183867
vt 0.189462 0.182858
vt 0.184396 0.184430
vt 0.180331 0.187769
vt 0.176434 0.192788
vt 0.179450 0.113294
vt 0.169205 0.115684
vt 0.172726 0.117821
vt 0.164777 0.120522
vt 0.100991 0.138886
vt 0.108644 0.141064
vt 0.107346 0.136416
vt 0.118799 0.139582
vt 0.101021 0.135110
vt 0.114376 0.133577
vt 0.129100 0.133022
vt 0.106816 0.091906
vt 0.086240 0.093103
vt 0.096354 0.099579
vt 0.109070 0.097524
vt 0.131145 0.092057
vt 0.123918 0.098268
vt 0.135466 0.102122
vt 0.119750 0.126961
vt 0.133537 0.124519
vt 0.122356 0.118566
vt 0.096461 0.109414
vt 0.108064 0.108056
vt 0.123160 0.109851
vt 0.106011 0.116851
vt 0.103762 0.124063
vt 0.102389 0.130454
vt 0.093835 0.129652
vt 0.096743 0.134672
vt 0.094391 0.116309
vt 0.093130 0.123384
vt 0.101354 0.134770
vt 0.093769 0.136295
vt 0.087952 0.131099
vt 0.084728 0.123923
vt 0.084874 0.117055
vt 0.088705 0.109134
vt 0.087326 0.105153
vt 0.080817 0.103157
vt 0.071674 0.099770
vt 0.075143 0.108338
vt 0.061835 0.104413
vt 0.071618 0.113596
vt 0.058272 0.110669
vt 0.066916 0.121071
vt 0.052690 0.117125
vt 0.057873 0.127770
vt 0.045966 0.121137
vt 0.047526 0.129873
vt 0.040923 0.122835
vt 0.039183 0.128375
vt 0.033552 0.122941
vt 0.035405 0.117788
vt 0.026360 0.118843
vt 0.034904 0.114077
vt 0.022665 0.112998
vt 0.055032 0.091168
vt 0.045347 0.096845
vt 0.041332 0.102048
vt 0.037397 0.107908
vt 0.022199 0.105093
vt 0.025181 0.097564
vt 0.030544 0.091963
vt 0.038181 0.087746
vt 0.045468 0.084686
vt 0.062382 0.087273
vt 0.086099 0.085522
vt 0.106987 0.086072
vt 0.128030 0.084303
vt 0.145763 0.079909
vt 0.146509 0.084062
vt 0.063559 0.081623
vt 0.049002 0.080336
vt 0.063856 0.073834
vt 0.050351 0.074940
vt 0.089835 0.077380
vt 0.109280 0.078234
vt 0.126356 0.077670
vt 0.145081 0.075458
vt 0.163648 0.070805
vt 0.164126 0.075972
vt 0.178224 0.069803
vt 0.179082 0.074787
vt 0.064108 0.064703
vt 0.047744 0.070349
vt 0.091447 0.066094
vt 0.109800 0.067598
vt 0.123505 0.068247
vt 0.144584 0.064705
vt 0.196427 0.054068
vt 0.196821 0.062518
vt 0.214565 0.055713
vt 0.177839 0.061411
vt 0.177977 0.053127
vt 0.163449 0.061394
vt 0.163369 0.053359
vt 0.143604 0.055555
vt 0.121468 0.059073
vt 0.109482 0.058254
vt 0.248174 0.058460
vt 0.264325 0.046730
vt 0.249311 0.045918
vt 0.231305 0.056980
vt 0.232249 0.044878
vt 0.214754 0.043637
vt 0.196355 0.042745
vt 0.277576 0.047214
vt 0.296041 0.047613
vt 0.316290 0.049917
vt 0.333467 0.034407
vt 0.384058 0.045364
vt 0.379423 0.053183
vt 0.385603 0.052710
vt 0.384650 0.059931
vt 0.344435 0.034481
vt 0.357107 0.021504
vt 0.354397 0.036606
vt 0.363717 0.024717
vt 0.363093 0.038943
vt 0.372590 0.031318
vt 0.371470 0.043757
vt 0.380322 0.039285
vt 0.376123 0.048343
vt 0.375343 0.056979
vt 0.374233 0.062990
vt 0.379080 0.067194
vt 0.369493 0.063700
vt 0.373210 0.070707
vt 0.364190 0.063957
vt 0.356527 0.050636
vt 0.356501 0.063642
vt 0.363931 0.052868
vt 0.368901 0.054793
vt 0.350597 0.049763
vt 0.338177 0.049007
vt 0.326508 0.048415
vt 0.337035 0.063194
vt 0.349859 0.063557
vt 0.365795 0.072448
vt 0.357085 0.072390
vt 0.348147 0.072206
vt 0.340695 0.072704
vt 0.322929 0.064341
vt 0.313249 0.062647
vt 0.293848 0.060954
vt 0.276966 0.059732
vt 0.263994 0.059279
vt 0.333048 0.075334
vt 0.276685 0.072390
vt 0.263944 0.071810
vt 0.246590 0.070814
vt 0.229531 0.068193
vt 0.213454 0.064858
vt 0.196489 0.071650
vt 0.212057 0.075009
vt 0.226853 0.079205
vt 0.243805 0.082727
vt 0.264186 0.084346
vt 0.195898 0.077210
vt 0.210739 0.081216
vt 0.225059 0.087393
vt 0.242767 0.089695
vt 0.264408 0.092804
vt 0.279256 0.095514
vt 0.294123 0.092443
vt 0.164704 0.080133
vt 0.179425 0.078937
vt 0.195147 0.081156
vt 0.209352 0.085843
vt 0.137963 0.098568
vt 0.136192 0.099553
vt 0.222439 0.099110
vt 0.207497 0.090910
vt 0.194452 0.086113
vt 0.179177 0.084257
vt 0.166056 0.084738
vt 0.148459 0.087169
vt 0.137045 0.092785
vt 0.139000 0.101216
vt 0.144681 0.098524
vt 0.139155 0.107427
vt 0.156181 0.100746
vt 0.149822 0.110917
vt 0.159407 0.107720
vt 0.146795 0.104221
vt 0.153300 0.095025
vt 0.168461 0.092514
vt 0.179450 0.093439
vt 0.192264 0.095197
vt 0.204167 0.099021
vt 0.215636 0.106831
vt 0.229942 0.110206
vt 0.170164 0.098001
vt 0.179933 0.099632
vt 0.171509 0.105760
vt 0.161535 0.112041
vt 0.190935 0.101156
vt 0.180422 0.106550
vt 0.171469 0.110976
vt 0.163205 0.115545
vt 0.158526 0.118090
vt 0.153976 0.115468
vt 0.142365 0.114601
vt 0.149244 0.119481
vt 0.156423 0.120909
vt 0.189154 0.107596
vt 0.201836 0.104163
vt 0.198645 0.109471
vt 0.187071 0.113713
vt 0.195373 0.114258
vt 0.211918 0.111536
vt 0.206694 0.116162
vt 0.201268 0.119409
vt 0.192432 0.118012
vt 0.187202 0.117523
vt 0.227358 0.116643
vt 0.221472 0.122231
vt 0.212418 0.126461
vt 0.203016 0.127307
vt 0.195560 0.121447
vt 0.188124 0.122793
vt 0.182015 0.118013
vt 0.195526 0.126066
vt 0.039053 0.306329
vt 0.013194 0.319872
vt 0.038486 0.329672
vt 0.013276 0.337347
vt 0.037601 0.354551
vt 0.012916 0.357773
vt 0.036924 0.374797
vt 0.011958 0.377036
vt 0.036523 0.394506
vt 0.010932 0.397764
vt 0.037168 0.420764
vt 0.010560 0.425631
vt 0.210530 0.198319
vt 0.224525 0.211586
vt 0.229482 0.199029
vt 0.206614 0.209396
vt 0.199157 0.196221
vt 0.164729 0.161309
vt 0.156387 0.171684
vt 0.166928 0.186166
vt 0.174602 0.177480
vt 0.178626 0.151351
vt 0.182625 0.170874
vt 0.197924 0.146677
vt 0.193722 0.167259
vt 0.214226 0.150815
vt 0.203386 0.169291
vt 0.225661 0.162773
vt 0.209994 0.176609
vt 0.231156 0.181853
vt 0.212518 0.187958
vt 0.200256 0.190751
vt 0.190490 0.191335
vt 0.196317 0.203243
vt 0.186121 0.182490
vt 0.191364 0.181014
vt 0.181938 0.186174
vt 0.177264 0.192073
vt 0.195834 0.182196
vt 0.199042 0.185490
vt 0.188700 0.305111
vt 0.207341 0.309660
vt 0.194201 0.281664
vt 0.214323 0.286283
vt 0.224879 0.313340
vt 0.232954 0.287535
vt 0.240730 0.317064
vt 0.235495 0.341983
vt 0.256276 0.351303
vt 0.251456 0.372586
vt 0.231606 0.363252
vt 0.247584 0.391847
vt 0.228102 0.384094
vt 0.243981 0.417942
vt 0.224516 0.410420
vt 0.239830 0.448968
vt 0.220263 0.440861
vt 0.234876 0.482556
vt 0.215887 0.475080
vt 0.231721 0.505737
vt 0.248021 0.289701
vt 0.262289 0.325827
vt 0.268902 0.298157
vt 0.278296 0.334281
vt 0.284371 0.307823
vt 0.319916 0.338887
vt 0.333043 0.370443
vt 0.337257 0.355122
vt 0.315426 0.357896
vt 0.330405 0.390249
vt 0.311075 0.380858
vt 0.327990 0.409314
vt 0.298531 0.319511
vt 0.292862 0.343300
vt 0.286918 0.368703
vt 0.307012 0.400711
vt 0.282132 0.389186
vt 0.302803 0.419998
vt 0.255967 0.572563
vt 0.265747 0.583834
vt 0.271483 0.573029
vt 0.325008 0.429595
vt 0.319852 0.455667
vt 0.296608 0.444509
vt 0.312562 0.485760
vt 0.289619 0.473261
vt 0.301994 0.518028
vt 0.280711 0.504380
vt 0.291064 0.538674
vt 0.272384 0.524982
vt 0.280004 0.556710
vt 0.264283 0.544149
vt 0.258546 0.561342
vt 0.241354 0.562271
vt 0.242786 0.552489
vt 0.278127 0.407265
vt 0.272550 0.432071
vt 0.266575 0.461599
vt 0.259377 0.493322
vt 0.253407 0.514672
vt 0.247357 0.535087
vt 0.238840 0.531413
vt 0.235102 0.548712
vt 0.233825 0.558549
vt 0.223639 0.554975
vt 0.243619 0.510437
vt 0.248224 0.488335
vt 0.254274 0.455655
vt 0.259162 0.425008
vt 0.263502 0.399450
vt 0.267337 0.381091
vt 0.272249 0.359984
vt 0.228131 0.527255
vt 0.108662 0.528725
vt 0.106998 0.545338
vt 0.123694 0.528934
vt 0.122328 0.544640
vt 0.138182 0.529217
vt 0.137366 0.544719
vt 0.152648 0.530008
vt 0.152098 0.545165
vt 0.167091 0.531304
vt 0.166426 0.545890
vt 0.180146 0.533377
vt 0.178736 0.547751
vt 0.193530 0.536042
vt 0.191289 0.549354
vt 0.207355 0.539586
vt 0.205931 0.551535
vt 0.224901 0.544827
vt 0.186250 0.467641
vt 0.198787 0.494990
vt 0.201480 0.470427
vt 0.213164 0.499239
vt 0.210278 0.521209
vt 0.196196 0.517306
vt 0.184156 0.492295
vt 0.182424 0.514474
vt 0.169613 0.490616
vt 0.168676 0.512644
vt 0.154172 0.489986
vt 0.153754 0.511891
vt 0.138065 0.488977
vt 0.138327 0.510965
vt 0.123255 0.489293
vt 0.124377 0.511085
vt 0.109111 0.490060
vt 0.109138 0.511303
vt 0.093635 0.492963
vt 0.093759 0.513579
vt 0.093591 0.530707
vt 0.039009 0.451302
vt 0.012941 0.458947
vt 0.043528 0.484724
vt 0.019393 0.495280
vt 0.047721 0.508567
vt 0.025905 0.521302
vt 0.051634 0.530353
vt 0.033325 0.543758
vt 0.055487 0.548907
vt 0.040980 0.561001
vt 0.045438 0.572382
vt 0.057772 0.564823
vt 0.074845 0.538000
vt 0.075832 0.554569
vt 0.092108 0.548145
vt 0.072866 0.519929
vt 0.071225 0.499438
vt 0.069105 0.475894
vt 0.066777 0.442833
vt 0.065596 0.413971
vt 0.063938 0.388942
vt 0.063766 0.369222
vt 0.063456 0.347005
vt 0.062881 0.318031
vt 0.083926 0.309499
vt 0.062366 0.289849
vt 0.086042 0.339800
vt 0.086956 0.363490
vt 0.087453 0.383631
vt 0.089531 0.407462
vt 0.091128 0.435071
vt 0.092750 0.468479
vt 0.103059 0.333857
vt 0.103762 0.358842
vt 0.104126 0.379853
vt 0.105372 0.403719
vt 0.106859 0.431245
vt 0.108304 0.464969
vt 0.122742 0.463773
vt 0.122012 0.429458
vt 0.121257 0.401069
vt 0.121363 0.376103
vt 0.121546 0.353676
vt 0.139827 0.373256
vt 0.138392 0.399675
vt 0.138142 0.429250
vt 0.137610 0.463840
vt 0.158254 0.399827
vt 0.156865 0.430333
vt 0.154925 0.465119
vt 0.171033 0.465956
vt 0.173901 0.431415
vt 0.081807 0.279846
vt 0.101051 0.302530
vt 0.121890 0.327550
vt 0.140983 0.349640
vt 0.160396 0.372593
vt 0.176213 0.400722
vt 0.189853 0.433147
vt 0.205713 0.436071
vt 0.192960 0.402608
vt 0.178878 0.373439
vt 0.162056 0.349204
vt 0.142751 0.323550
vt 0.121767 0.296094
vt 0.098902 0.272413
vt 0.209718 0.405858
vt 0.195925 0.375684
vt 0.213061 0.379362
vt 0.181250 0.350656
vt 0.198890 0.353478
vt 0.216240 0.357737
vt 0.164483 0.325203
vt 0.184430 0.328513
vt 0.202516 0.332145
vt 0.219818 0.336542
vt 0.144786 0.293610
vt 0.167746 0.298762
vt 0.121748 0.266832
vt 0.147276 0.265331
vt 0.171880 0.272552
s 1
g ValveBiped.Bip01_R_Finger11
g BraDerPo_PoMaterial
usemtl PoMaterial
f 698/1/1 716/2/2 715/3/3
f 698/1/1 715/3/3 699/4/4
f 699/4/4 715/3/3 714/5/5
f 699/4/4 714/5/5 700/6/6
f 700/6/6 714/5/5 713/7/7
f 700/6/6 713/7/7 701/8/8
f 701/8/8 713/7/7 712/9/9
f 701/8/8 712/9/9 702/10/10
f 702/10/10 712/9/9 711/11/11
f 702/10/10 711/11/11 703/12/12
f 703/12/12 711/11/11 710/13/13
f 703/12/12 710/13/13 705/14/14
f 705/14/14 710/13/13 709/15/15
f 705/14/14 709/15/15 707/16/16
f 707/16/16 709/15/15 708/17/17
f 707/16/16 708/17/17 690/18/18
f 707/16/16 690/18/18 691/19/19
f 706/20/20 707/16/16 691/19/19
f 691/19/19 692/21/21 706/20/20
f 706/20/20 692/21/21 704/22/22
f 704/22/22 692/21/21 696/23/23
f 705/14/14 707/16/16 706/20/20
f 704/22/22 705/14/14 706/20/20
f 703/12/12 705/14/14 704/22/22
f 696/23/23 703/12/12 704/22/22
f 702/10/10 703/12/12 696/23/23
f 701/8/8 702/10/10 696/23/23
f 701/8/8 696/23/23 695/24/24
f 701/8/8 695/24/24 700/6/6
f 700/6/6 695/24/24 694/25/25
f 699/4/4 700/6/6 694/25/25
f 699/4/4 694/25/25 693/26/26
f 699/4/4 693/26/26 698/1/1
f 698/1/1 693/26/26 697/27/27
f 693/26/26 692/21/21 697/27/27
f 696/23/23 692/21/21 695/24/24
f 695/24/24 692/21/21 694/25/25
f 694/25/25 692/21/21 693/26/26
f 691/19/19 689/28/28 692/21/21
f 691/19/19 690/18/18 689/28/28
f 683/29/29 684/30/30 688/31/31
f 683/29/29 688/31/31 682/32/32
f 657/33/33 658/34/34 687/35/35
f 657/33/33 687/35/35 670/36/36
f 670/36/36 687/35/35 686/37/37
f 670/36/36 686/37/37 672/38/38
f 672/38/38 686/37/37 685/39/39
f 672/38/38 685/39/39 674/40/40
f 674/40/40 685/39/39 684/30/30
f 674/40/40 684/30/30 675/41/41
f 683/29/29 675/41/41 684/30/30
f 676/42/42 675/41/41 683/29/29
f 683/29/29 682/32/32 676/42/42
f 676/42/42 682/32/32 681/43/43
f 676/42/42 681/43/43 677/44/44
f 677/44/44 681/43/43 680/45/45
f 677/44/44 680/45/45 678/46/46
f 678/46/46 680/45/45 679/47/47
f 678/46/46 679/47/47 667/48/48
f 667/48/48 679/47/47 666/49/49
g ValveBiped.Bip01_R_Finger1
f 659/50/50 662/51/51 661/52/52
g ValveBiped.Bip01_R_Finger11
f 659/50/50 668/53/53 662/51/51
g ValveBiped.Bip01_R_Finger1
f 663/54/54 662/51/51 668/53/53
g ValveBiped.Bip01_R_Finger11
f 663/54/54 668/53/53 667/48/48
f 667/48/48 668/53/53 669/55/55
f 667/48/48 669/55/55 678/46/46
f 678/46/46 669/55/55 671/56/56
f 678/46/46 671/56/56 677/44/44
f 677/44/44 671/56/56 673/57/57
f 677/44/44 673/57/57 676/42/42
f 676/42/42 673/57/57 675/41/41
f 674/40/40 675/41/41 673/57/57
f 674/40/40 673/57/57 672/38/38
f 672/38/38 673/57/57 671/56/56
f 672/38/38 671/56/56 670/36/36
f 670/36/36 671/56/56 669/55/55
f 670/36/36 669/55/55 657/33/33
f 657/33/33 669/55/55 668/53/53
f 657/33/33 668/53/53 659/50/50
g ValveBiped.Bip01_R_Finger1
f 667/48/48 666/49/49 663/54/54
f 663/54/54 666/49/49 664/58/58
g ValveBiped.Bip01_R_Hand
f 319/59/59 318/60/60 327/61/61
f 346/62/62 327/61/61 318/60/60
f 346/62/62 318/60/60 317/63/63
f 317/63/63 350/64/64 346/62/62
f 317/63/63 665/65/65 350/64/64
g ValveBiped.Bip01_R_Finger1
f 316/66/66 665/65/65 317/63/63
f 316/66/66 664/58/58 665/65/65
f 315/67/67 664/58/58 316/66/66
f 663/54/54 664/58/58 315/67/67
f 315/67/67 301/68/68 663/54/54
f 663/54/54 301/68/68 662/51/51
f 302/69/69 662/51/51 301/68/68
f 661/52/52 662/51/51 302/69/69
f 302/69/69 656/70/70 661/52/52
f 661/52/52 656/70/70 659/50/50
g ValveBiped.Bip01_R_Finger11
f 659/50/50 656/70/70 660/71/71
f 659/50/50 660/71/71 658/34/34
f 659/50/50 658/34/34 657/33/33
g ValveBiped.Bip01_R_Finger1
f 302/69/69 655/72/72 656/70/70
g ValveBiped.Bip01_R_Finger2
f 314/73/73 655/72/72 302/69/69
f 314/73/73 654/74/74 655/72/72
f 634/75/75 654/74/74 314/73/73
g ValveBiped.Bip01_R_Finger22
f 634/75/75 653/76/76 654/74/74
f 626/77/77 653/76/76 634/75/75
f 626/77/77 652/78/78 653/76/76
f 625/79/79 652/78/78 626/77/77
f 625/79/79 648/80/80 652/78/78
f 647/81/81 651/82/82 648/80/80
f 649/83/83 651/82/82 647/81/81
f 649/83/83 650/84/84 651/82/82
f 649/83/83 645/85/85 650/84/84
f 646/86/86 645/85/85 649/83/83
f 646/86/86 649/83/83 647/81/81
f 647/81/81 648/80/80 625/79/79
f 623/87/87 647/81/81 625/79/79
f 646/86/86 647/81/81 623/87/87
f 623/87/87 620/88/88 646/86/86
f 646/86/86 620/88/88 645/85/85
f 620/88/88 621/89/89 645/85/85
f 645/85/85 621/89/89 644/90/90
f 644/90/90 621/89/89 638/91/91
f 644/90/90 638/91/91 643/92/92
f 643/92/92 638/91/91 637/93/93
f 643/92/92 637/93/93 642/94/94
f 642/94/94 637/93/93 636/95/95
f 642/94/94 636/95/95 641/96/96
f 641/96/96 636/95/95 635/97/97
f 641/96/96 635/97/97 640/98/98
f 640/98/98 635/97/97 639/99/99
g ValveBiped.Bip01_R_Finger2
f 639/99/99 635/97/97 297/100/100
f 297/100/100 280/101/101 639/99/99
g ValveBiped.Bip01_R_Finger22
f 622/102/102 638/91/91 621/89/89
f 628/103/103 638/91/91 622/102/102
f 628/103/103 637/93/93 638/91/91
f 629/104/104 637/93/93 628/103/103
f 629/104/104 636/95/95 637/93/93
f 631/105/105 636/95/95 629/104/104
f 631/105/105 635/97/97 636/95/95
f 633/106/106 635/97/97 631/105/105
g ValveBiped.Bip01_R_Finger2
f 297/100/100 635/97/97 633/106/106
f 297/100/100 633/106/106 296/107/107
f 296/107/107 633/106/106 306/108/108
f 632/109/109 306/108/108 633/106/106
f 632/109/109 304/110/110 306/108/108
f 314/73/73 304/110/110 632/109/109
f 630/111/111 314/73/73 632/109/109
g ValveBiped.Bip01_R_Finger22
f 630/111/111 634/75/75 314/73/73
f 627/112/112 634/75/75 630/111/111
f 627/112/112 626/77/77 634/75/75
f 624/113/113 628/103/103 622/102/102
g ValveBiped.Bip01_R_Finger2
f 632/109/109 633/106/106 631/105/105
g ValveBiped.Bip01_R_Finger22
f 632/109/109 631/105/105 630/111/111
f 630/111/111 631/105/105 629/104/104
f 630/111/111 629/104/104 627/112/112
f 627/112/112 629/104/104 628/103/103
f 627/112/112 628/103/103 624/113/113
f 624/113/113 626/77/77 627/112/112
f 624/113/113 625/79/79 626/77/77
f 623/87/87 625/79/79 624/113/113
f 624/113/113 622/102/102 623/87/87
f 623/87/87 622/102/102 620/88/88
f 622/102/102 621/89/89 620/88/88
f 613/114/114 619/115/115 612/116/116
f 613/114/114 618/117/117 619/115/115
f 617/118/118 618/117/117 613/114/114
f 613/114/114 615/119/119 617/118/118
f 617/118/118 615/119/119 616/120/120
f 615/119/119 593/121/121 616/120/120
f 592/122/122 593/121/121 615/119/119
f 613/114/114 592/122/122 615/119/119
f 607/123/123 614/124/124 606/125/125
f 613/114/114 595/126/126 592/122/122
f 613/114/114 612/116/116 595/126/126
f 596/127/127 595/126/126 612/116/116
f 596/127/127 612/116/116 611/128/128
f 596/127/127 611/128/128 598/129/129
f 598/129/129 611/128/128 610/130/130
f 598/129/129 610/130/130 599/131/131
f 599/131/131 610/130/130 609/132/132
f 609/132/132 601/133/133 599/131/131
f 609/132/132 608/134/134 601/133/133
f 608/134/134 603/135/135 601/133/133
f 608/134/134 607/123/123 603/135/135
f 607/123/123 606/125/125 603/135/135
f 603/135/135 606/125/125 604/136/136
f 604/136/136 606/125/125 605/137/137
f 604/136/136 605/137/137 593/121/121
f 604/136/136 593/121/121 602/138/138
f 602/138/138 593/121/121 600/139/139
f 600/139/139 593/121/121 597/140/140
f 597/140/140 593/121/121 594/141/141
f 602/138/138 603/135/135 604/136/136
f 601/133/133 603/135/135 602/138/138
f 600/139/139 601/133/133 602/138/138
f 599/131/131 601/133/133 600/139/139
f 599/131/131 600/139/139 597/140/140
f 599/131/131 597/140/140 598/129/129
f 598/129/129 597/140/140 596/127/127
f 596/127/127 597/140/140 594/141/141
f 594/141/141 595/126/126 596/127/127
f 594/141/141 592/122/122 595/126/126
f 594/141/141 593/121/121 592/122/122
g ValveBiped.Bip01_R_Hand
f 393/142/142 568/143/143 395/144/144
f 393/142/142 584/145/145 568/143/143
f 391/146/146 584/145/145 393/142/142
f 391/146/146 586/147/147 584/145/145
f 390/148/148 586/147/147 391/146/146
f 390/148/148 588/149/149 586/147/147
f 389/150/150 588/149/149 390/148/148
f 389/150/150 590/151/151 588/149/149
g ValveBiped.Bip01_R_Finger0
f 389/150/150 388/152/152 590/151/151
f 386/153/153 590/151/151 388/152/152
f 591/154/154 590/151/151 386/153/153
g ValveBiped.Bip01_R_Hand
f 589/155/155 590/151/151 591/154/154
f 589/155/155 588/149/149 590/151/151
f 587/156/156 588/149/149 589/155/155
f 587/156/156 586/147/147 588/149/149
f 585/157/157 586/147/147 587/156/156
f 585/157/157 584/145/145 586/147/147
f 583/158/158 584/145/145 585/157/157
f 583/158/158 568/143/143 584/145/145
f 582/159/159 568/143/143 583/158/158
f 582/159/159 567/160/160 568/143/143
f 581/161/161 567/160/160 582/159/159
f 581/161/161 569/162/162 567/160/160
f 580/163/163 569/162/162 581/161/161
f 580/163/163 570/164/164 569/162/162
f 579/165/165 570/164/164 580/163/163
f 579/165/165 571/166/166 570/164/164
f 578/167/167 571/166/166 579/165/165
f 578/167/167 572/168/168 571/166/166
f 577/169/169 572/168/168 578/167/167
f 577/169/169 573/170/170 572/168/168
f 576/171/171 573/170/170 577/169/169
f 576/171/171 574/172/172 573/170/170
f 575/173/173 574/172/172 576/171/171
f 575/173/173 560/174/174 574/172/172
f 562/175/175 560/174/174 575/173/173
f 559/176/176 574/172/172 560/174/174
f 558/177/177 574/172/172 559/176/176
f 558/177/177 573/170/170 574/172/172
f 557/178/178 573/170/170 558/177/177
f 557/178/178 572/168/168 573/170/170
f 556/179/179 572/168/168 557/178/178
f 556/179/179 571/166/166 572/168/168
f 401/180/180 571/166/166 556/179/179
f 401/180/180 570/164/164 571/166/166
f 399/181/181 570/164/164 401/180/180
f 399/181/181 569/162/162 570/164/164
f 397/182/182 569/162/162 399/181/181
f 397/182/182 567/160/160 569/162/162
f 395/144/144 567/160/160 397/182/182
f 395/144/144 568/143/143 567/160/160
f 547/183/183 561/184/184 548/185/185
f 548/185/185 561/184/184 564/186/186
g ValveBiped.Bip01_R_Finger0
f 548/185/185 564/186/186 549/187/187
g ValveBiped.Bip01_R_Hand
f 549/187/187 564/186/186 566/188/188
f 566/188/188 564/186/186 565/189/189
f 565/189/189 564/186/186 563/190/190
f 563/190/190 564/186/186 561/184/184
f 563/190/190 561/184/184 562/175/175
f 562/175/175 561/184/184 560/174/174
f 547/183/183 560/174/174 561/184/184
f 559/176/176 560/174/174 547/183/183
f 534/191/191 559/176/176 547/183/183
f 403/192/192 559/176/176 534/191/191
f 403/192/192 558/177/177 559/176/176
f 405/193/193 558/177/177 403/192/192
f 405/193/193 557/178/178 558/177/177
f 407/194/194 557/178/178 405/193/193
f 407/194/194 556/179/179 557/178/178
f 409/195/195 556/179/179 407/194/194
f 409/195/195 401/180/180 556/179/179
f 400/196/196 401/180/180 409/195/195
g ValveBiped.Bip01_R_Finger01
f 541/197/197 522/198/198 523/199/199
f 541/197/197 555/200/200 522/198/198
f 542/201/201 555/200/200 541/197/197
f 542/201/201 554/202/202 555/200/200
f 543/203/203 554/202/202 542/201/201
f 543/203/203 553/204/204 554/202/202
f 543/203/203 544/205/205 553/204/204
f 553/204/204 544/205/205 552/206/206
f 545/207/207 552/206/206 544/205/205
f 551/208/208 552/206/206 545/207/207
f 545/207/207 546/209/209 551/208/208
f 551/208/208 546/209/209 550/210/210
f 546/209/209 549/187/187 550/210/210
g ValveBiped.Bip01_R_Finger0
f 535/211/211 549/187/187 546/209/209
f 535/211/211 548/185/185 549/187/187
f 533/212/212 548/185/185 535/211/211
g ValveBiped.Bip01_R_Hand
f 533/212/212 547/183/183 548/185/185
f 534/191/191 547/183/183 533/212/212
g ValveBiped.Bip01_R_Finger01
f 536/213/213 535/211/211 546/209/209
f 545/207/207 536/213/213 546/209/209
f 537/214/214 536/213/213 545/207/207
f 545/207/207 544/205/205 537/214/214
f 537/214/214 544/205/205 538/215/215
f 543/203/203 538/215/215 544/205/205
f 543/203/203 539/216/216 538/215/215
f 542/201/201 539/216/216 543/203/203
f 542/201/201 540/217/217 539/216/216
f 541/197/197 540/217/217 542/201/201
f 541/197/197 523/199/199 540/217/217
f 524/218/218 540/217/217 523/199/199
f 526/219/219 540/217/217 524/218/218
f 526/219/219 539/216/216 540/217/217
f 528/220/220 539/216/216 526/219/219
f 528/220/220 538/215/215 539/216/216
f 530/221/221 538/215/215 528/220/220
f 537/214/214 538/215/215 530/221/221
f 530/221/221 531/222/222 537/214/214
f 537/214/214 531/222/222 536/213/213
f 536/213/213 531/222/222 532/223/223
g ValveBiped.Bip01_R_Finger0
f 532/223/223 535/211/211 536/213/213
f 532/223/223 533/212/212 535/211/211
g ValveBiped.Bip01_R_Hand
f 402/224/224 403/192/192 534/191/191
f 402/224/224 534/191/191 417/225/225
f 417/225/225 534/191/191 533/212/212
f 417/225/225 533/212/212 532/223/223
g ValveBiped.Bip01_R_Finger0
f 532/223/223 414/226/226 417/225/225
f 532/223/223 531/222/222 414/226/226
g ValveBiped.Bip01_R_Finger01
f 413/227/227 414/226/226 531/222/222
f 530/221/221 413/227/227 531/222/222
f 530/221/221 529/228/228 413/227/227
f 528/220/220 529/228/228 530/221/221
f 528/220/220 527/229/229 529/228/228
f 526/219/219 527/229/229 528/220/220
f 526/219/219 525/230/230 527/229/229
f 524/218/218 525/230/230 526/219/219
f 524/218/218 519/231/231 525/230/230
f 521/232/232 519/231/231 524/218/218
f 524/218/218 523/199/199 521/232/232
f 521/232/232 523/199/199 522/198/198
f 521/232/232 522/198/198 520/233/233
f 521/232/232 520/233/233 519/231/231
f 505/234/234 517/235/235 518/236/236
f 503/237/237 517/235/235 505/234/234
f 503/237/237 516/238/238 517/235/235
f 501/239/239 516/238/238 503/237/237
f 501/239/239 515/240/240 516/238/238
f 499/241/241 515/240/240 501/239/239
f 499/241/241 514/242/242 515/240/240
f 497/243/243 514/242/242 499/241/241
f 497/243/243 513/244/244 514/242/242
f 495/245/245 513/244/244 497/243/243
f 495/245/245 512/246/246 513/244/244
f 492/247/247 512/246/246 495/245/245
f 492/247/247 511/248/248 512/246/246
f 493/249/249 511/248/248 492/247/247
f 493/249/249 509/250/250 510/251/251
f 493/249/249 508/252/252 509/250/250
f 491/253/253 508/252/252 493/249/249
f 491/253/253 507/254/254 508/252/252
f 491/253/253 494/255/255 507/254/254
f 496/256/256 507/254/254 494/255/255
f 496/256/256 498/257/257 507/254/254
f 500/258/258 507/254/254 498/257/257
f 500/258/258 502/259/259 507/254/254
f 504/260/260 507/254/254 502/259/259
f 504/260/260 506/261/252 507/254/254
f 504/260/260 505/234/234 506/261/252
f 503/237/237 505/234/234 504/260/260
f 504/260/260 502/259/259 503/237/237
f 503/237/237 502/259/259 501/239/239
f 500/258/258 501/239/239 502/259/259
f 499/241/241 501/239/239 500/258/258
f 500/258/258 498/257/257 499/241/241
f 499/241/241 498/257/257 497/243/243
f 496/256/256 497/243/243 498/257/257
f 495/245/245 497/243/243 496/256/256
f 496/256/256 494/255/255 495/245/245
f 495/245/245 494/255/255 492/247/247
f 491/253/253 492/247/247 494/255/255
f 493/249/249 492/247/247 491/253/253
g ValveBiped.Bip01_R_Finger31
f 241/262/261 258/263/262 490/264/263
f 490/264/263 258/263/262 260/265/264
g ValveBiped.Bip01_R_Finger22
f 472/266/265 489/267/266 487/268/267
f 487/268/267 489/267/266 486/269/268
f 488/270/269 487/268/267 475/271/270
f 487/268/267 486/269/268 475/271/270
f 475/271/270 486/269/268 477/272/271
g ValveBiped.Bip01_R_Finger2
f 432/273/272 433/274/273 461/275/274
f 432/273/272 461/275/274 485/276/275
f 485/276/275 290/277/276 432/273/272
f 485/276/275 484/278/277 290/277/276
f 484/278/277 299/279/278 290/277/276
g ValveBiped.Bip01_R_Finger22
f 476/280/279 478/281/280 482/282/281
g ValveBiped.Bip01_R_Finger2
f 485/276/275 461/275/274 463/283/282
g ValveBiped.Bip01_R_Finger22
f 485/276/275 463/283/282 481/284/283
g ValveBiped.Bip01_R_Finger2
f 481/284/283 484/278/277 485/276/275
g ValveBiped.Bip01_R_Finger22
f 481/284/283 483/285/284 484/278/277
f 480/286/285 483/285/284 481/284/283
f 480/286/285 482/282/281 483/285/284
f 479/287/286 482/282/281 480/286/285
f 479/287/286 476/280/279 482/282/281
f 474/288/287 476/280/279 479/287/286
f 479/287/286 469/289/288 474/288/287
f 474/288/287 469/289/288 471/290/289
f 481/284/283 463/283/282 465/291/290
f 481/284/283 465/291/290 480/286/285
f 480/286/285 465/291/290 467/292/291
f 480/286/285 467/292/291 479/287/286
f 479/287/286 467/292/291 469/289/288
f 476/280/279 477/272/271 478/281/280
f 475/271/270 477/272/271 476/280/279
f 475/271/270 476/280/279 474/288/287
f 475/271/270 474/288/287 473/293/292
f 473/293/292 474/288/287 471/290/289
f 473/293/292 471/290/289 472/266/293
f 472/266/293 471/290/289 470/294/84
f 470/294/84 471/290/289 469/289/288
f 470/294/84 469/289/288 468/295/294
f 468/295/294 469/289/288 467/292/291
f 468/295/294 467/292/291 466/296/295
f 466/296/295 467/292/291 465/291/290
f 466/296/295 465/291/290 464/297/296
f 464/297/296 465/291/290 463/283/282
f 464/297/296 463/283/282 462/298/297
f 462/298/297 463/283/282 461/275/274
g ValveBiped.Bip01_R_Finger2
f 462/298/297 461/275/274 460/299/298
f 460/299/298 461/275/274 433/274/273
f 460/299/298 433/274/273 459/300/299
g ValveBiped.Bip01_R_Finger1
f 450/301/300 458/302/301 459/300/302
f 449/303/303 458/302/301 450/301/300
g ValveBiped.Bip01_R_Finger11
f 449/303/303 457/304/304 458/302/301
f 448/305/305 457/304/304 449/303/303
f 448/305/305 456/306/34 457/304/304
f 447/307/306 456/306/34 448/305/305
f 447/307/306 455/308/307 456/306/34
f 446/309/308 455/308/307 447/307/306
f 446/309/308 454/310/309 455/308/307
f 446/309/308 444/311/310 454/310/309
f 454/310/309 444/311/310 453/312/311
f 453/312/311 444/311/310 452/313/30
f 452/313/30 444/311/310 445/314/312
f 452/313/30 445/314/312 451/315/313
f 451/315/313 445/314/312 443/316/314
f 451/315/313 443/316/314 442/317/315
g ValveBiped.Bip01_R_Finger1
f 450/301/300 433/274/273 434/318/316
f 450/301/300 434/318/316 437/319/317
g ValveBiped.Bip01_R_Finger11
f 450/301/300 437/319/317 449/303/303
f 449/303/303 437/319/317 439/320/318
f 449/303/303 439/320/318 448/305/305
f 448/305/305 439/320/318 441/321/319
f 448/305/305 441/321/319 447/307/306
f 447/307/306 441/321/319 443/316/314
f 447/307/306 443/316/314 446/309/308
f 446/309/308 443/316/314 445/314/312
f 446/309/308 445/314/312 444/311/310
f 442/317/315 443/316/314 441/321/319
f 442/317/315 441/321/319 440/322/320
f 440/322/320 441/321/319 439/320/318
f 440/322/320 439/320/318 438/323/45
f 438/323/45 439/320/318 437/319/317
f 438/323/45 437/319/317 436/324/321
f 436/324/321 437/319/317 434/318/316
g ValveBiped.Bip01_R_Finger1
f 436/324/321 434/318/316 435/325/322
f 435/325/322 434/318/316 430/326/323
f 430/326/323 434/318/316 431/327/324
f 431/327/324 434/318/316 433/274/273
f 431/327/324 433/274/273 427/328/325
f 432/273/272 427/328/325 433/274/273
g ValveBiped.Bip01_R_Hand
f 426/329/326 427/328/325 432/273/272
f 432/273/272 290/277/276 426/329/326
f 426/329/326 290/277/276 425/330/327
f 313/331/328 425/330/327 290/277/276
g ValveBiped.Bip01_R_Finger3
f 291/332/329 313/331/328 290/277/276
g ValveBiped.Bip01_R_Finger1
f 431/327/324 427/328/325 428/333/330
f 431/327/324 428/333/330 430/326/323
f 430/326/323 428/333/330 429/334/331
g ValveBiped.Bip01_R_Hand
f 429/334/331 423/335/332 424/336/333
g ValveBiped.Bip01_R_Finger1
f 429/334/331 428/333/330 423/335/332
g ValveBiped.Bip01_R_Hand
f 428/333/330 422/337/334 423/335/332
g ValveBiped.Bip01_R_Finger1
f 427/328/325 422/337/334 428/333/330
g ValveBiped.Bip01_R_Hand
f 421/338/335 422/337/334 427/328/325
f 426/329/326 421/338/335 427/328/325
f 426/329/326 338/339/336 421/338/335
f 426/329/326 425/330/327 338/339/336
f 336/340/337 338/339/336 425/330/327
g ValveBiped.Bip01_R_Finger3
f 336/340/337 425/330/327 313/331/328
f 313/331/328 334/341/338 336/340/337
f 312/342/339 334/341/338 313/331/328
f 312/342/339 325/343/340 334/341/338
f 311/344/341 325/343/340 312/342/339
g ValveBiped.Bip01_R_Hand
f 424/336/333 416/345/342 415/346/343
f 424/336/333 423/335/332 416/345/342
f 423/335/332 418/347/344 416/345/342
f 423/335/332 422/337/334 418/347/344
f 419/348/345 418/347/344 422/337/334
f 419/348/345 422/337/334 421/338/335
f 421/338/335 420/349/346 419/348/345
f 338/339/336 420/349/346 421/338/335
f 338/339/336 337/350/347 420/349/346
f 412/351/348 332/352/349 339/353/350
f 412/351/348 333/354/351 332/352/349
f 411/355/352 333/354/351 412/351/348
f 411/355/352 335/356/353 333/354/351
f 410/357/354 335/356/353 411/355/352
f 410/357/354 337/350/347 335/356/353
f 408/358/355 337/350/347 410/357/354
f 408/358/355 420/349/346 337/350/347
f 406/359/356 420/349/346 408/358/355
f 406/359/356 419/348/345 420/349/346
f 404/360/357 419/348/345 406/359/356
f 404/360/357 418/347/344 419/348/345
f 402/224/224 418/347/344 404/360/357
f 402/224/224 416/345/342 418/347/344
f 417/225/225 416/345/342 402/224/224
f 417/225/225 414/226/226 416/345/342
g ValveBiped.Bip01_R_Finger0
f 415/346/343 416/345/342 414/226/226
f 415/346/343 414/226/226 413/227/227
g ValveBiped.Bip01_R_Hand
f 341/361/358 351/362/359 392/363/360
f 341/361/358 392/363/360 340/364/361
f 340/364/361 392/363/360 394/365/362
f 340/364/361 394/365/362 339/353/350
f 339/353/350 394/365/362 396/366/363
f 339/353/350 396/366/363 412/351/348
f 412/351/348 396/366/363 398/367/364
f 412/351/348 398/367/364 411/355/352
f 411/355/352 398/367/364 400/196/196
f 411/355/352 400/196/196 410/357/354
f 410/357/354 400/196/196 409/195/195
f 410/357/354 409/195/195 408/358/355
f 408/358/355 409/195/195 407/194/194
f 408/358/355 407/194/194 406/359/356
f 406/359/356 407/194/194 405/193/193
f 406/359/356 405/193/193 404/360/357
f 404/360/357 405/193/193 403/192/192
f 404/360/357 403/192/192 402/224/224
f 400/196/196 399/181/181 401/180/180
f 398/367/364 399/181/181 400/196/196
f 398/367/364 397/182/182 399/181/181
f 396/366/363 397/182/182 398/367/364
f 396/366/363 395/144/144 397/182/182
f 394/365/362 395/144/144 396/366/363
f 394/365/362 393/142/142 395/144/144
f 392/363/360 393/142/142 394/365/362
f 392/363/360 391/146/146 393/142/142
f 351/362/359 391/146/146 392/363/360
f 351/362/359 390/148/148 391/146/146
f 352/368/365 390/148/148 351/362/359
f 352/368/365 389/150/150 390/148/148
f 352/368/365 353/369/366 389/150/150
f 353/369/366 388/152/152 389/150/150
g ValveBiped.Bip01_R_Finger0
f 353/369/366 354/370/367 388/152/152
f 367/371/368 388/152/152 354/370/367
f 386/153/153 388/152/152 367/371/368
g ValveBiped.Bip01_R_Finger01
f 381/372/369 380/373/370 387/374/200
f 387/374/200 380/373/370 379/375/198
g ValveBiped.Bip01_R_Finger0
f 367/371/368 368/376/371 386/153/153
g ValveBiped.Bip01_R_Finger01
f 386/153/153 368/376/371 385/377/372
f 385/377/372 368/376/371 369/378/373
f 385/377/372 369/378/373 384/379/208
f 384/379/208 369/378/373 370/380/374
f 384/379/208 370/380/374 383/381/375
f 383/381/375 370/380/374 372/382/376
f 383/381/375 372/382/376 382/383/204
f 382/383/204 372/382/376 374/384/377
f 382/383/204 374/384/377 381/372/369
f 381/372/369 374/384/377 380/373/370
f 374/384/377 375/385/378 380/373/370
f 379/375/198 380/373/370 375/385/378
f 379/375/198 375/385/378 376/386/379
f 379/375/198 376/386/379 378/387/233
f 378/387/233 376/386/379 377/388/380
f 378/387/233 377/388/380 363/389/381
f 363/389/381 377/388/380 362/390/382
f 364/391/383 360/392/384 362/390/382
f 364/391/383 362/390/382 371/393/385
f 371/393/385 362/390/382 377/388/380
f 371/393/385 377/388/380 373/394/386
f 373/394/386 377/388/380 376/386/379
f 373/394/386 376/386/379 375/385/378
f 373/394/386 375/385/378 374/384/377
f 373/394/386 374/384/377 372/382/376
f 373/394/386 372/382/376 371/393/385
f 371/393/385 372/382/376 370/380/374
f 371/393/385 370/380/374 364/391/383
f 364/391/383 370/380/374 369/378/373
f 364/391/383 369/378/373 365/395/387
f 365/395/387 369/378/373 368/376/371
f 365/395/387 368/376/371 366/396/388
f 367/371/368 366/396/388 368/376/371
g ValveBiped.Bip01_R_Finger0
f 355/397/389 366/396/388 367/371/368
f 367/371/368 354/370/367 355/397/389
g ValveBiped.Bip01_R_Finger01
f 355/397/389 356/398/390 366/396/388
f 366/396/388 356/398/390 358/399/391
f 366/396/388 358/399/391 365/395/387
f 365/395/387 358/399/391 360/392/384
f 365/395/387 360/392/384 364/391/383
f 363/389/381 362/390/382 361/400/392
f 361/400/392 362/390/382 360/392/384
f 361/400/392 360/392/384 359/401/393
f 359/401/393 360/392/384 358/399/391
f 359/401/393 358/399/391 357/402/394
f 357/402/394 358/399/391 356/398/390
f 357/402/394 356/398/390 349/403/395
f 349/403/395 356/398/390 347/404/396
g ValveBiped.Bip01_R_Finger0
f 347/404/396 356/398/390 355/397/389
f 355/397/389 345/405/397 347/404/396
f 355/397/389 354/370/367 345/405/397
f 344/406/398 345/405/397 354/370/367
g ValveBiped.Bip01_R_Hand
f 344/406/398 354/370/367 353/369/366
f 343/407/399 344/406/398 353/369/366
f 343/407/399 353/369/366 352/368/365
f 342/408/400 343/407/399 352/368/365
f 342/408/400 352/368/365 351/362/359
f 342/408/400 351/362/359 341/361/358
f 346/62/62 350/64/64 348/409/401
g ValveBiped.Bip01_R_Finger0
f 347/404/396 348/409/401 349/403/395
f 346/62/62 348/409/401 347/404/396
f 347/404/396 345/405/397 346/62/62
g ValveBiped.Bip01_R_Hand
f 346/62/62 345/405/397 327/61/61
f 344/406/398 327/61/61 345/405/397
f 326/410/402 327/61/61 344/406/398
f 343/407/399 326/410/402 344/406/398
f 328/411/403 326/410/402 343/407/399
f 342/408/400 328/411/403 343/407/399
f 342/408/400 329/412/404 328/411/403
f 341/361/358 329/412/404 342/408/400
f 341/361/358 330/413/405 329/412/404
f 340/364/361 330/413/405 341/361/358
f 340/364/361 331/414/406 330/413/405
f 339/353/350 331/414/406 340/364/361
f 339/353/350 332/352/349 331/414/406
f 336/340/337 337/350/347 338/339/336
f 336/340/337 335/356/353 337/350/347
g ValveBiped.Bip01_R_Finger3
f 336/340/337 334/341/338 335/356/353
g ValveBiped.Bip01_R_Hand
f 335/356/353 334/341/338 333/354/351
g ValveBiped.Bip01_R_Finger3
f 333/354/351 334/341/338 325/343/340
g ValveBiped.Bip01_R_Hand
f 333/354/351 325/343/340 332/352/349
g ValveBiped.Bip01_R_Finger3
f 332/352/349 325/343/340 324/415/407
g ValveBiped.Bip01_R_Hand
f 332/352/349 324/415/407 331/414/406
g ValveBiped.Bip01_R_Finger3
f 331/414/406 324/415/407 323/416/408
g ValveBiped.Bip01_R_Hand
f 331/414/406 323/416/408 330/413/405
g ValveBiped.Bip01_R_Finger3
f 330/413/405 323/416/408 322/417/409
g ValveBiped.Bip01_R_Hand
f 330/413/405 322/417/409 329/412/404
f 329/412/404 322/417/409 321/418/410
f 321/418/410 328/411/403 329/412/404
f 320/419/411 328/411/403 321/418/410
f 320/419/411 326/410/402 328/411/403
f 320/419/411 319/59/59 326/410/402
f 319/59/59 327/61/61 326/410/402
g ValveBiped.Bip01_R_Finger3
f 311/344/341 324/415/407 325/343/340
f 310/420/412 324/415/407 311/344/341
f 310/420/412 323/416/408 324/415/407
f 309/421/413 323/416/408 310/420/412
f 309/421/413 322/417/409 323/416/408
f 308/422/414 322/417/409 309/421/413
f 321/418/410 322/417/409 308/422/414
g ValveBiped.Bip01_R_Hand
f 307/423/415 321/418/410 308/422/414
f 307/423/415 320/419/411 321/418/410
f 305/424/416 320/419/411 307/423/415
f 305/424/416 319/59/59 320/419/411
f 305/424/416 303/425/417 319/59/59
f 303/425/417 318/60/60 319/59/59
g ValveBiped.Bip01_R_Finger1
f 303/425/417 300/426/418 318/60/60
g ValveBiped.Bip01_R_Hand
f 317/63/63 318/60/60 300/426/418
g ValveBiped.Bip01_R_Finger1
f 317/63/63 300/426/418 316/66/66
f 316/66/66 300/426/418 301/68/68
f 316/66/66 301/68/68 315/67/67
g ValveBiped.Bip01_R_Finger2
f 314/73/73 302/69/69 304/110/110
g ValveBiped.Bip01_R_Finger3
f 291/332/329 312/342/339 313/331/328
f 292/427/419 312/342/339 291/332/329
f 292/427/419 311/344/341 312/342/339
f 293/428/420 311/344/341 292/427/419
f 293/428/420 310/420/412 311/344/341
f 294/429/421 310/420/412 293/428/420
f 294/429/421 309/421/413 310/420/412
f 295/430/422 309/421/413 294/429/421
f 295/430/422 308/422/414 309/421/413
f 295/430/422 296/107/107 308/422/414
f 307/423/415 308/422/414 296/107/107
g ValveBiped.Bip01_R_Hand
f 307/423/415 296/107/107 306/108/108
g ValveBiped.Bip01_R_Finger2
f 307/423/415 306/108/108 305/424/416
f 305/424/416 306/108/108 304/110/110
f 304/110/110 303/425/417 305/424/416
f 304/110/110 302/69/69 303/425/417
g ValveBiped.Bip01_R_Finger1
f 302/69/69 300/426/418 303/425/417
f 302/69/69 301/68/68 300/426/418
g ValveBiped.Bip01_R_Finger3
f 289/431/423 290/277/276 298/432/101
g ValveBiped.Bip01_R_Hand
f 299/279/278 298/432/101 290/277/276
g ValveBiped.Bip01_R_Finger3
f 296/107/107 280/101/101 297/100/100
f 281/433/424 280/101/101 296/107/107
f 281/433/424 296/107/107 295/430/422
f 295/430/422 282/434/425 281/433/424
f 294/429/421 282/434/425 295/430/422
f 294/429/421 283/435/426 282/434/425
f 293/428/420 283/435/426 294/429/421
f 293/428/420 284/436/427 283/435/426
f 292/427/419 284/436/427 293/428/420
f 292/427/419 285/437/428 284/436/427
f 291/332/329 285/437/428 292/427/419
f 286/438/429 285/437/428 291/332/329
f 291/332/329 290/277/276 286/438/429
f 286/438/429 290/277/276 287/439/430
f 289/431/423 287/439/430 290/277/276
f 288/440/431 287/439/430 289/431/423
g ValveBiped.Bip01_R_Finger31
f 288/440/431 269/441/432 287/439/430
f 268/442/433 269/441/432 288/440/431
f 276/443/434 265/444/435 270/445/436
f 276/443/434 267/446/437 265/444/435
f 279/447/438 267/446/437 276/443/434
f 279/447/438 269/441/432 267/446/437
f 279/447/438 287/439/430 269/441/432
g ValveBiped.Bip01_R_Finger3
f 286/438/429 287/439/430 279/447/438
f 279/447/438 285/437/428 286/438/429
g ValveBiped.Bip01_R_Finger31
f 279/447/438 278/448/439 285/437/428
g ValveBiped.Bip01_R_Finger3
f 285/437/428 278/448/439 284/436/427
g ValveBiped.Bip01_R_Finger31
f 284/436/427 278/448/439 277/449/440
g ValveBiped.Bip01_R_Finger3
f 284/436/427 277/449/440 283/435/426
g ValveBiped.Bip01_R_Finger31
f 283/435/426 277/449/440 274/450/441
g ValveBiped.Bip01_R_Finger3
f 283/435/426 274/450/441 282/434/425
g ValveBiped.Bip01_R_Finger31
f 282/434/425 274/450/441 254/451/442
g ValveBiped.Bip01_R_Finger3
f 281/433/424 282/434/425 254/451/442
g ValveBiped.Bip01_R_Finger31
f 281/433/424 254/451/442 251/452/443
g ValveBiped.Bip01_R_Finger3
f 251/452/443 252/453/444 281/433/424
f 281/433/424 252/453/444 280/101/101
g ValveBiped.Bip01_R_Finger31
f 276/443/434 278/448/439 279/447/438
f 276/443/434 275/454/445 278/448/439
f 277/449/440 278/448/439 275/454/445
f 277/449/440 275/454/445 273/455/446
f 277/449/440 273/455/446 274/450/441
f 270/445/436 275/454/445 276/443/434
f 270/445/436 272/456/447 275/454/445
f 273/455/446 275/454/445 272/456/447
f 271/457/448 272/456/447 270/445/436
f 254/451/442 274/450/441 255/458/449
f 274/450/441 273/455/446 255/458/449
f 273/455/446 256/459/450 255/458/449
f 273/455/446 272/456/447 256/459/450
f 257/460/451 256/459/450 272/456/447
f 257/460/451 272/456/447 271/457/448
f 271/457/448 259/461/452 257/460/451
f 271/457/448 261/462/453 259/461/452
f 271/457/448 263/463/454 261/462/453
f 270/445/436 263/463/454 271/457/448
f 270/445/436 265/444/435 263/463/454
f 268/442/433 267/446/437 269/441/432
f 266/464/455 267/446/437 268/442/433
f 266/464/455 265/444/435 267/446/437
f 264/465/456 265/444/435 266/464/455
f 264/465/456 263/463/454 265/444/435
f 262/466/457 263/463/454 264/465/456
f 262/466/457 261/462/453 263/463/454
f 257/460/451 259/461/452 258/263/262
f 257/460/451 258/263/262 241/262/261
f 241/262/261 256/459/450 257/460/451
f 241/262/261 238/467/458 256/459/450
f 255/458/449 256/459/450 238/467/458
f 239/468/459 255/458/449 238/467/458
f 254/451/442 255/458/449 239/468/459
f 251/452/443 254/451/442 239/468/459
f 237/469/460 240/470/461 253/471/462
f 251/452/443 239/468/459 249/472/463
f 249/472/463 239/468/459 237/469/460
f 249/472/463 237/469/460 247/473/464
f 247/473/464 237/469/460 253/471/462
f 247/473/464 253/471/462 245/474/465
f 245/474/465 253/471/462 244/475/466
f 253/471/462 243/476/467 244/475/466
f 253/471/462 240/470/461 243/476/467
f 251/452/443 250/477/468 252/453/444
f 249/472/463 250/477/468 251/452/443
f 249/472/463 248/478/469 250/477/468
f 247/473/464 248/478/469 249/472/463
f 247/473/464 246/479/470 248/478/469
f 245/474/465 246/479/470 247/473/464
f 245/474/465 233/480/471 246/479/470
f 235/481/472 233/480/471 245/474/465
f 245/474/465 244/475/466 235/481/472
f 235/481/472 244/475/466 236/482/473
f 244/475/466 243/476/467 236/482/473
f 236/482/473 243/476/467 242/483/474
f 242/483/474 243/476/467 240/470/461
f 242/483/474 240/470/461 241/262/261
f 241/262/261 240/470/461 238/467/458
f 237/469/460 238/467/458 240/470/461
f 239/468/459 238/467/458 237/469/460
f 235/481/472 236/482/473 234/484/475
f 235/481/472 234/484/475 233/480/471
g ValveBiped.Bip01_R_UpperArm
f 54/485/476 232/486/477 94/487/478
f 94/487/478 232/486/477 231/488/479
f 94/487/478 231/488/479 95/489/480
f 95/489/480 231/488/479 230/490/481
f 95/489/480 230/490/481 96/491/482
f 96/491/482 230/490/481 229/492/483
g ValveBiped.Bip01_R_Forearm
f 96/491/482 229/492/483 97/493/484
f 97/493/484 229/492/483 228/494/485
f 97/493/484 228/494/485 98/495/486
f 98/495/486 228/494/485 117/496/487
g ValveBiped.Bip01_R_Finger31
f 218/497/488 227/498/489 219/499/490
f 217/500/491 227/498/489 218/497/488
f 218/497/488 216/501/492 217/500/491
f 225/502/493 226/503/494 213/504/495
f 225/502/493 213/504/495 211/505/496
f 224/506/497 225/502/493 211/505/496
f 224/506/497 211/505/496 209/507/498
f 209/507/498 223/508/499 224/506/497
f 204/509/500 223/508/499 209/507/498
f 204/509/500 222/510/501 223/508/499
f 204/509/500 203/511/502 222/510/501
f 221/512/503 222/510/501 203/511/502
f 221/512/503 203/511/502 202/513/504
f 202/513/504 220/514/505 221/512/503
f 205/515/506 220/514/505 202/513/504
f 219/499/490 220/514/505 205/515/506
f 219/499/490 205/515/506 218/497/488
f 218/497/488 205/515/506 206/516/507
f 218/497/488 206/516/507 216/501/492
f 206/516/507 207/517/508 216/501/492
f 217/500/491 216/501/492 215/518/509
f 210/519/510 207/517/508 208/520/511
f 212/521/512 207/517/508 210/519/510
f 212/521/512 214/522/513 207/517/508
f 211/505/496 213/504/495 212/521/512
f 210/519/510 211/505/496 212/521/512
f 209/507/498 211/505/496 210/519/510
f 209/507/498 210/519/510 208/520/511
f 209/507/498 208/520/511 204/509/500
f 204/509/500 208/520/511 201/523/514
f 208/520/511 207/517/508 201/523/514
f 201/523/514 207/517/508 200/524/515
f 200/524/515 207/517/508 206/516/507
f 205/515/506 200/524/515 206/516/507
f 202/513/504 200/524/515 205/515/506
f 204/509/500 201/523/514 203/511/502
f 202/513/504 203/511/502 201/523/514
f 202/513/504 201/523/514 200/524/515
g ValveBiped.Bip01_R_UpperArm
f 6/525/516 23/526/517 4/527/518
f 4/527/518 23/526/517 5/528/519
f 23/526/517 22/529/520 5/528/519
f 5/528/519 22/529/520 199/530/521
f 22/529/520 198/531/522 199/530/521
f 22/529/520 21/532/523 198/531/522
f 21/532/523 146/533/524 198/531/522
f 21/532/523 148/534/525 146/533/524
f 19/535/526 148/534/525 21/532/523
f 19/535/526 150/536/527 148/534/525
f 17/537/528 150/536/527 19/535/526
g ValveBiped.Bip01_R_Forearm
f 17/537/528 152/538/529 150/536/527
f 15/539/530 152/538/529 17/537/528
f 15/539/530 154/540/531 152/538/529
f 11/541/532 154/540/531 15/539/530
f 11/541/532 156/542/533 154/540/531
f 12/543/534 156/542/533 11/541/532
f 12/543/534 43/544/535 156/542/533
g ValveBiped.Bip01_R_UpperArm
f 199/530/521 198/531/522 197/545/536
f 198/531/522 144/546/537 197/545/536
f 198/531/522 146/533/524 144/546/537
f 197/545/536 144/546/537 142/547/538
f 142/547/538 143/548/539 160/549/540
f 193/550/541 195/551/542 196/552/543
f 192/553/544 195/551/542 193/550/541
f 192/553/544 194/554/545 195/551/542
f 190/555/546 194/554/545 192/553/544
f 190/555/546 189/556/547 194/554/545
f 159/557/548 192/553/544 193/550/541
f 161/558/549 192/553/544 159/557/548
f 161/558/549 190/555/546 192/553/544
f 162/559/550 190/555/546 161/558/549
f 162/559/550 188/560/551 190/555/546
f 163/561/552 188/560/551 162/559/550
f 163/561/552 179/562/553 188/560/551
g ValveBiped.Bip01_R_Hand
f 180/563/554 191/564/175 181/565/555
g ValveBiped.Bip01_R_UpperArm
f 188/560/551 189/556/547 190/555/546
f 188/560/551 187/566/556 189/556/547
g ValveBiped.Bip01_R_Forearm
f 179/562/553 187/566/556 188/560/551
f 179/562/553 186/567/557 187/566/556
f 178/568/558 186/567/557 179/562/553
f 178/568/558 185/569/559 186/567/557
f 177/570/560 185/569/559 178/568/558
f 177/570/560 184/571/561 185/569/559
f 176/572/562 184/571/561 177/570/560
f 176/572/562 183/573/563 184/571/561
f 175/574/564 183/573/563 176/572/562
f 175/574/564 182/575/565 183/573/563
f 174/576/566 182/575/565 175/574/564
f 174/576/566 181/565/555 182/575/565
f 173/577/567 181/565/555 174/576/566
f 180/563/554 181/565/555 173/577/567
g ValveBiped.Bip01_R_Hand
f 171/578/568 180/563/554 173/577/567
g ValveBiped.Bip01_R_Forearm
f 171/578/568 173/577/567 172/579/569
f 164/580/570 179/562/553 163/561/552
f 164/580/570 178/568/558 179/562/553
f 165/581/571 178/568/558 164/580/570
f 165/581/571 177/570/560 178/568/558
f 166/582/572 177/570/560 165/581/571
f 166/582/572 176/572/562 177/570/560
f 167/583/573 176/572/562 166/582/572
f 167/583/573 175/574/564 176/572/562
f 168/584/574 175/574/564 167/583/573
f 168/584/574 174/576/566 175/574/564
f 169/585/575 174/576/566 168/584/574
f 169/585/575 173/577/567 174/576/566
f 172/579/569 173/577/567 169/585/575
f 158/586/576 172/579/569 169/585/575
f 133/587/577 172/579/569 158/586/576
f 133/587/577 171/578/568 172/579/569
g ValveBiped.Bip01_R_Hand
f 133/587/577 170/588/154 171/578/568
f 133/587/577 134/589/578 170/588/154
g ValveBiped.Bip01_R_Forearm
f 158/586/576 169/585/575 157/590/579
f 157/590/579 169/585/575 168/584/574
f 157/590/579 168/584/574 155/591/580
f 155/591/580 168/584/574 167/583/573
f 155/591/580 167/583/573 153/592/581
f 153/592/581 167/583/573 166/582/572
f 153/592/581 166/582/572 151/593/582
f 151/593/582 166/582/572 165/581/571
f 151/593/582 165/581/571 149/594/583
f 149/594/583 165/581/571 164/580/570
f 149/594/583 164/580/570 147/595/584
g ValveBiped.Bip01_R_UpperArm
f 147/595/584 164/580/570 163/561/552
f 147/595/584 163/561/552 145/596/585
f 145/596/585 163/561/552 162/559/550
f 145/596/585 162/559/550 143/548/539
f 143/548/539 162/559/550 161/558/549
f 143/548/539 161/558/549 160/549/540
f 160/549/540 161/558/549 159/557/548
g ValveBiped.Bip01_R_Forearm
f 44/597/586 133/587/577 158/586/576
f 44/597/586 158/586/576 43/544/535
f 43/544/535 158/586/576 157/590/579
f 43/544/535 157/590/579 156/542/533
f 156/542/533 157/590/579 155/591/580
f 156/542/533 155/591/580 154/540/531
f 154/540/531 155/591/580 153/592/581
f 154/540/531 153/592/581 152/538/529
f 152/538/529 153/592/581 151/593/582
f 152/538/529 151/593/582 150/536/527
f 150/536/527 151/593/582 149/594/583
g ValveBiped.Bip01_R_UpperArm
f 150/536/527 149/594/583 148/534/525
f 148/534/525 149/594/583 147/595/584
f 148/534/525 147/595/584 146/533/524
f 146/533/524 147/595/584 145/596/585
f 146/533/524 145/596/585 144/546/537
f 144/546/537 145/596/585 143/548/539
f 144/546/537 143/548/539 142/547/538
g ValveBiped.Bip01_R_Forearm
f 108/598/587 106/599/167 131/600/588
g ValveBiped.Bip01_R_Hand
f 131/600/588 106/599/167 141/601/165
g ValveBiped.Bip01_R_Forearm
f 131/600/588 141/601/165 129/602/589
g ValveBiped.Bip01_R_Hand
f 129/602/589 141/601/165 140/603/163
g ValveBiped.Bip01_R_Forearm
f 129/602/589 140/603/163 127/604/590
g ValveBiped.Bip01_R_Hand
f 127/604/590 140/603/163 139/605/161
g ValveBiped.Bip01_R_Forearm
f 127/604/590 139/605/161 125/606/591
g ValveBiped.Bip01_R_Hand
f 125/606/591 139/605/161 138/607/592
g ValveBiped.Bip01_R_Forearm
f 125/606/591 138/607/592 123/608/593
g ValveBiped.Bip01_R_Hand
f 123/608/593 138/607/592 137/609/158
g ValveBiped.Bip01_R_Forearm
f 123/608/593 137/609/158 121/610/594
g ValveBiped.Bip01_R_Hand
f 121/610/594 137/609/158 136/611/157
g ValveBiped.Bip01_R_Forearm
f 121/610/594 136/611/157 119/612/595
g ValveBiped.Bip01_R_Hand
f 119/612/595 136/611/157 135/613/596
g ValveBiped.Bip01_R_Forearm
f 119/612/595 135/613/596 118/614/597
g ValveBiped.Bip01_R_Hand
f 118/614/597 135/613/596 134/589/578
g ValveBiped.Bip01_R_Forearm
f 118/614/597 134/589/578 133/587/577
f 44/597/586 118/614/597 133/587/577
f 46/615/598 56/616/599 41/617/600
f 41/617/600 56/616/599 42/618/601
f 56/616/599 45/619/602 42/618/601
f 56/616/599 120/620/603 45/619/602
f 57/621/604 120/620/603 56/616/599
f 57/621/604 122/622/605 120/620/603
f 58/623/606 122/622/605 57/621/604
f 58/623/606 124/624/607 122/622/605
f 62/625/608 124/624/607 58/623/606
f 62/625/608 126/626/609 124/624/607
f 63/627/610 126/626/609 62/625/608
f 63/627/610 128/628/611 126/626/609
f 67/629/612 128/628/611 63/627/610
f 67/629/612 130/630/613 128/628/611
f 77/631/614 130/630/613 67/629/612
f 77/631/614 132/632/615 130/630/613
f 78/633/616 132/632/615 77/631/614
f 78/633/616 85/634/617 132/632/615
f 85/634/617 103/635/618 108/598/587
f 85/634/617 108/598/587 132/632/615
f 132/632/615 108/598/587 131/600/588
f 132/632/615 131/600/588 130/630/613
f 130/630/613 131/600/588 129/602/589
f 130/630/613 129/602/589 128/628/611
f 128/628/611 129/602/589 127/604/590
f 128/628/611 127/604/590 126/626/609
f 126/626/609 127/604/590 125/606/591
f 126/626/609 125/606/591 124/624/607
f 124/624/607 125/606/591 123/608/593
f 124/624/607 123/608/593 122/622/605
f 122/622/605 123/608/593 121/610/594
f 122/622/605 121/610/594 120/620/603
f 120/620/603 121/610/594 119/612/595
f 120/620/603 119/612/595 45/619/602
f 45/619/602 119/612/595 118/614/597
f 45/619/602 118/614/597 44/597/586
f 98/495/486 117/496/487 99/636/619
f 99/636/619 117/496/487 116/637/620
f 99/636/619 116/637/620 100/638/621
f 100/638/621 116/637/620 115/639/622
f 100/638/621 115/639/622 101/640/623
f 101/640/623 115/639/622 114/641/624
f 101/640/623 114/641/624 102/642/625
f 102/642/625 114/641/624 113/643/626
f 102/642/625 113/643/626 105/644/627
f 105/644/627 113/643/626 112/645/628
f 105/644/627 112/645/628 111/646/175
g ValveBiped.Bip01_R_Hand
f 105/644/627 111/646/175 110/647/173
g ValveBiped.Bip01_R_Forearm
f 105/644/627 110/647/173 104/648/629
g ValveBiped.Bip01_R_Hand
f 104/648/629 110/647/173 109/649/630
g ValveBiped.Bip01_R_Forearm
f 104/648/629 109/649/630 103/635/618
g ValveBiped.Bip01_R_Hand
f 103/635/618 109/649/630 107/650/631
g ValveBiped.Bip01_R_Forearm
f 103/635/618 107/650/631 108/598/587
g ValveBiped.Bip01_R_Hand
f 108/598/587 107/650/631 106/599/167
g ValveBiped.Bip01_R_Forearm
f 102/642/625 105/644/627 104/648/629
f 102/642/625 104/648/629 86/651/632
f 86/651/632 104/648/629 103/635/618
f 86/651/632 103/635/618 85/634/617
f 101/640/623 102/642/625 86/651/632
f 101/640/623 86/651/632 87/652/633
f 100/638/621 101/640/623 87/652/633
f 100/638/621 87/652/633 88/653/634
f 99/636/619 100/638/621 88/653/634
f 99/636/619 88/653/634 89/654/635
f 98/495/486 99/636/619 89/654/635
f 98/495/486 89/654/635 90/655/636
f 97/493/484 98/495/486 90/655/636
f 97/493/484 90/655/636 91/656/637
f 96/491/482 97/493/484 91/656/637
f 96/491/482 91/656/637 92/657/638
f 95/489/480 96/491/482 92/657/638
f 95/489/480 92/657/638 93/658/639
g ValveBiped.Bip01_R_UpperArm
f 93/658/639 94/487/478 95/489/480
f 55/659/640 94/487/478 93/658/639
f 55/659/640 54/485/476 94/487/478
f 52/660/641 53/661/642 55/659/640
f 55/659/640 84/662/643 52/660/641
f 55/659/640 93/658/639 84/662/643
g ValveBiped.Bip01_R_Forearm
f 93/658/639 83/663/644 84/662/643
f 93/658/639 92/657/638 83/663/644
f 92/657/638 82/664/645 83/663/644
f 92/657/638 91/656/637 82/664/645
f 91/656/637 81/665/646 82/664/645
f 91/656/637 90/655/636 81/665/646
f 90/655/636 80/666/647 81/665/646
f 90/655/636 89/654/635 80/666/647
f 89/654/635 79/667/648 80/666/647
f 89/654/635 88/653/634 79/667/648
f 88/653/634 78/633/616 79/667/648
f 88/653/634 87/652/633 78/633/616
f 87/652/633 85/634/617 78/633/616
f 87/652/633 86/651/632 85/634/617
g ValveBiped.Bip01_R_UpperArm
f 52/660/641 84/662/643 51/668/649
g ValveBiped.Bip01_R_Forearm
f 84/662/643 72/669/650 51/668/649
f 84/662/643 83/663/644 72/669/650
f 83/663/644 73/670/651 72/669/650
f 83/663/644 82/664/645 73/670/651
f 82/664/645 74/671/652 73/670/651
f 82/664/645 81/665/646 74/671/652
f 81/665/646 75/672/653 74/671/652
f 81/665/646 80/666/647 75/672/653
f 80/666/647 76/673/654 75/672/653
f 80/666/647 79/667/648 76/673/654
f 79/667/648 77/631/614 76/673/654
f 79/667/648 78/633/616 77/631/614
f 76/673/654 77/631/614 67/629/612
f 76/673/654 67/629/612 68/674/655
f 75/672/653 76/673/654 68/674/655
f 75/672/653 68/674/655 69/675/656
f 74/671/652 75/672/653 69/675/656
f 74/671/652 69/675/656 70/676/657
f 73/670/651 74/671/652 70/676/657
f 73/670/651 70/676/657 71/677/658
f 72/669/650 73/670/651 71/677/658
f 72/669/650 71/677/658 50/678/659
f 51/668/649 72/669/650 50/678/659
f 50/678/659 71/677/658 49/679/660
f 71/677/658 66/680/661 49/679/660
f 71/677/658 70/676/657 66/680/661
f 70/676/657 65/681/662 66/680/661
f 70/676/657 69/675/656 65/681/662
f 69/675/656 64/682/663 65/681/662
f 69/675/656 68/674/655 64/682/663
f 68/674/655 63/627/610 64/682/663
f 68/674/655 67/629/612 63/627/610
f 49/679/660 66/680/661 48/683/664
f 66/680/661 60/684/665 48/683/664
f 66/680/661 65/681/662 60/684/665
f 65/681/662 61/685/666 60/684/665
f 65/681/662 64/682/663 61/685/666
f 64/682/663 62/625/608 61/685/666
f 64/682/663 63/627/610 62/625/608
f 61/685/666 62/625/608 58/623/606
f 61/685/666 58/623/606 59/686/667
f 60/684/665 61/685/666 59/686/667
f 60/684/665 59/686/667 47/687/668
f 48/683/664 60/684/665 47/687/668
f 47/687/668 59/686/667 46/615/598
f 59/686/667 57/621/604 46/615/598
f 59/686/667 58/623/606 57/621/604
f 46/615/598 57/621/604 56/616/599
g ValveBiped.Bip01_R_UpperArm
f 55/659/640 53/661/642 54/485/476
f 52/660/641 34/688/669 53/661/642
f 35/689/670 34/688/669 52/660/641
f 52/660/641 51/668/649 35/689/670
f 35/689/670 51/668/649 36/690/671
f 51/668/649 50/678/659 36/690/671
g ValveBiped.Bip01_R_Forearm
f 36/690/671 50/678/659 37/691/672
f 50/678/659 49/679/660 37/691/672
f 37/691/672 49/679/660 38/692/673
f 49/679/660 48/683/664 38/692/673
f 38/692/673 48/683/664 39/693/674
f 48/683/664 47/687/668 39/693/674
f 39/693/674 47/687/668 40/694/675
f 47/687/668 46/615/598 40/694/675
f 40/694/675 46/615/598 41/617/600
f 42/618/601 45/619/602 44/597/586
f 42/618/601 44/597/586 43/544/535
f 42/618/601 43/544/535 12/543/534
f 41/617/600 42/618/601 12/543/534
f 41/617/600 12/543/534 13/695/676
f 40/694/675 41/617/600 13/695/676
f 40/694/675 13/695/676 33/696/677
f 39/693/674 40/694/675 33/696/677
f 39/693/674 33/696/677 32/697/678
f 38/692/673 39/693/674 32/697/678
f 38/692/673 32/697/678 30/698/679
f 37/691/672 38/692/673 30/698/679
g ValveBiped.Bip01_R_UpperArm
f 37/691/672 30/698/679 27/699/680
f 36/690/671 37/691/672 27/699/680
f 36/690/671 27/699/680 9/700/681
f 35/689/670 36/690/671 9/700/681
f 9/700/681 10/701/682 35/689/670
f 35/689/670 10/701/682 34/688/669
g ValveBiped.Bip01_R_Forearm
f 33/696/677 13/695/676 14/702/683
f 32/697/678 33/696/677 31/703/684
f 33/696/677 14/702/683 31/703/684
f 31/703/684 14/702/683 16/704/685
f 30/698/679 32/697/678 29/705/686
f 32/697/678 31/703/684 29/705/686
g ValveBiped.Bip01_R_UpperArm
f 29/705/686 31/703/684 28/706/687
g ValveBiped.Bip01_R_Forearm
f 31/703/684 16/704/685 28/706/687
g ValveBiped.Bip01_R_UpperArm
f 28/706/687 16/704/685 18/707/688
f 27/699/680 30/698/679 26/708/689
f 30/698/679 29/705/686 26/708/689
f 26/708/689 29/705/686 25/709/690
f 29/705/686 28/706/687 25/709/690
f 25/709/690 28/706/687 24/710/691
f 28/706/687 18/707/688 24/710/691
f 24/710/691 18/707/688 20/711/692
f 9/700/681 27/699/680 8/712/693
f 27/699/680 26/708/689 8/712/693
f 8/712/693 26/708/689 7/713/694
f 26/708/689 25/709/690 7/713/694
f 7/713/694 25/709/690 6/525/516
f 25/709/690 24/710/691 6/525/516
f 6/525/516 24/710/691 23/526/517
f 24/710/691 20/711/692 23/526/517
f 23/526/517 20/711/692 22/529/520
f 20/711/692 21/532/523 22/529/520
f 20/711/692 19/535/526 21/532/523
f 18/707/688 19/535/526 20/711/692
f 18/707/688 17/537/528 19/535/526
g ValveBiped.Bip01_R_Forearm
f 16/704/685 17/537/528 18/707/688
f 16/704/685 15/539/530 17/537/528
f 14/702/683 15/539/530 16/704/685
f 14/702/683 11/541/532 15/539/530
f 13/695/676 11/541/532 14/702/683
f 13/695/676 12/543/534 11/541/532
g ValveBiped.Bip01_R_UpperArm
f 9/700/681 1/714/695 10/701/682
f 9/700/681 8/712/693 1/714/695
g ValveBiped.Bip01_Spine4
f 1/714/695 8/712/693 2/715/696
g ValveBiped.Bip01_R_UpperArm
f 8/712/693 7/713/694 2/715/696
f 2/715/696 7/713/694 3/716/697
f 7/713/694 6/525/516 3/716/697
f 3/716/697 6/525/516 4/527/518
