# Blender 5.0.0
# www.blender.org
mtllib BraIzqPo.mtl
g BraIzqPo_Mesh
v -2.373003 0.500045 0.625308
v -2.375909 0.492473 0.640486
v -2.360428 0.491067 0.630413
v -2.368611 0.488629 0.642670
v -2.335837 0.499331 0.613866
v -2.355649 0.517185 0.607183
v -2.322221 0.497332 0.632113
v -2.350286 0.490374 0.643913
v -2.362730 0.488605 0.649935
v -2.373068 0.494409 0.652362
v -2.381613 0.500028 0.644607
v -2.384243 0.516413 0.632470
v -2.372034 0.542970 0.616025
v -2.384956 0.527776 0.646760
v -2.372560 0.558899 0.634593
v -2.372757 0.524666 0.659993
v -2.356524 0.553477 0.653173
v -2.356808 0.511316 0.664484
v -2.348588 0.499109 0.657987
v -2.350286 0.490374 0.643913
v -2.362043 0.493169 0.657945
v -2.366614 0.498909 0.662090
v -2.375036 0.504591 0.659886
v -2.381440 0.505332 0.652650
v -2.362730 0.488605 0.649935
v -2.333807 0.532028 0.659693
v -2.320459 0.509822 0.650981
v -2.322221 0.497332 0.632113
v -2.347110 0.535743 0.669574
v -2.339171 0.516863 0.662784
v -2.330094 0.545947 0.684269
v -2.234713 0.558665 0.509894
v -2.307121 0.563317 0.523261
v -2.273011 0.530678 0.531802
v -2.334368 0.544268 0.535577
v -2.297275 0.510246 0.544453
v -2.359560 0.527443 0.559949
v -2.329194 0.492752 0.569898
v -2.370754 0.521298 0.590883
v -2.349708 0.496042 0.598542
v -2.369937 0.522164 0.615663
v -2.358083 0.508317 0.620346
v -2.342738 0.501868 0.639389
v -2.316216 0.513403 0.672805
v -2.304996 0.561263 0.692421
v -2.339320 0.598564 0.676876
v -2.318470 0.623680 0.672500
v -2.356133 0.645855 0.627172
v -2.277685 0.579198 0.690700
v -2.285340 0.518010 0.676812
v -2.323494 0.487400 0.631395
v -2.295821 0.486834 0.616887
v -2.262990 0.505877 0.594648
v -2.239916 0.523871 0.579250
v -2.207716 0.554572 0.560926
v -2.198282 0.580015 0.633911
v -2.226040 0.553497 0.653976
v -2.216381 0.624900 0.662886
v -2.247951 0.537367 0.666183
v -2.252931 0.596840 0.682045
v -2.296102 0.644851 0.664339
v -2.333747 0.667214 0.616299
v -2.258711 0.675816 0.647535
v -2.296176 0.693075 0.601315
v -2.298095 0.654945 0.531889
v -2.349217 0.597370 0.484124
v -2.296194 0.633310 0.473978
v -2.264957 0.593288 0.475731
v -2.255067 0.601837 0.497659
v -2.287185 0.669586 0.510287
v -2.278056 0.710109 0.593803
v -2.239152 0.690204 0.639351
v -2.197232 0.641728 0.654603
v -2.181792 0.593493 0.623760
v -2.192523 0.566214 0.552671
v -2.219569 0.565517 0.485402
v -2.267398 0.591915 0.510328
v -2.392376 0.568080 0.489266
v -2.383165 0.634934 0.453906
v -2.335833 0.673088 0.450347
v -2.255067 0.601837 0.497659
v -2.264957 0.593288 0.475731
v -2.456119 0.576881 0.389955
v -2.457815 0.536962 0.449746
v -2.463822 0.537408 0.395829
v -2.446103 0.577758 0.455451
v -2.435780 0.602479 0.386069
v -2.423232 0.602940 0.455417
v -2.399306 0.634525 0.381776
v -2.353623 0.668337 0.378355
v -2.324434 0.691899 0.451531
v -2.312079 0.716101 0.457299
v -2.283264 0.707003 0.527666
v -2.265798 0.723839 0.589758
v -2.227328 0.701782 0.636621
v -2.182096 0.648712 0.653409
v -2.457147 0.489821 0.382740
v -2.449236 0.509774 0.356894
v -2.464613 0.504915 0.403894
v -2.433562 0.535214 0.339418
v -2.408938 0.557079 0.333038
v -2.371106 0.583414 0.328874
v -2.323486 0.615539 0.327389
v -2.342577 0.693817 0.367992
v -2.330418 0.714155 0.361579
v -2.306025 0.635796 0.299669
v -2.313227 0.684475 0.233668
v -2.299357 0.707332 0.237235
v -2.308333 0.692933 0.302952
v -2.268707 0.743011 0.525184
v -2.248576 0.744266 0.587946
v -2.295314 0.746185 0.454509
v -2.307122 0.751983 0.364510
v -2.292011 0.743223 0.307764
v -2.274372 0.745782 0.241892
v -2.222783 0.712263 0.175126
v -2.250260 0.685189 0.169869
v -2.270578 0.667713 0.166540
v -2.214845 0.779531 0.589743
v -2.176746 0.739965 0.640864
v -2.210129 0.715774 0.636473
v -2.243427 0.793888 0.523897
v -2.262420 0.801199 0.449456
v -2.269906 0.807539 0.371916
v -2.262890 0.801418 0.315117
v -2.242315 0.783582 0.244726
v -2.198855 0.748805 0.165917
v -2.166568 0.647978 0.161122
v -2.203184 0.630418 0.154868
v -2.227397 0.617155 0.149440
v -2.139524 0.661998 0.146499
v -2.210036 0.842024 0.527338
v -2.224321 0.855849 0.451814
v -2.228264 0.860303 0.379186
v -2.221327 0.853248 0.320032
v -2.202871 0.827937 0.245910
v -2.172858 0.788388 0.165500
v -2.152831 0.755303 0.137323
v -2.133631 0.666812 0.124814
v -2.157922 0.730817 0.114430
v -2.148674 0.656688 0.097430
v -2.168589 0.717778 0.089036
v -2.161094 0.648522 0.064416
v -2.006413 0.746288 0.054548
v -1.996621 0.754060 0.092437
v -2.054490 0.791770 0.048841
v -2.048862 0.801997 0.080281
v -1.944421 0.786579 0.147313
v -2.042801 0.817360 0.114067
v -2.042719 0.849007 0.156012
v -2.127615 0.833020 0.160691
v -2.150227 0.873306 0.246120
v -2.176275 0.903421 0.324154
v -2.185011 0.913745 0.385617
v -2.181690 0.909395 0.456978
v -2.166884 0.889083 0.534764
v -2.184774 0.811251 0.593454
v -2.138993 0.850932 0.604404
v -2.059149 0.780466 0.014693
v -2.143806 0.756807 -0.007651
v -2.074022 0.756589 -0.023599
v -2.139985 0.778876 0.032634
v -2.133387 0.790635 0.063320
v -2.123634 0.797392 0.091426
v -2.119628 0.812163 0.122314
v -2.177986 0.707808 0.056853
v -2.176875 0.697142 0.012134
v -2.157506 0.685830 -0.011574
v -2.133929 0.729510 -0.023457
v -2.136253 0.674931 -0.023053
v -2.121960 0.705384 -0.030026
v -2.085397 0.727634 -0.033996
v -2.163280 0.645982 0.017233
v -2.147170 0.654566 -0.009565
v -2.129413 0.657302 -0.021906
v -2.104763 0.673640 -0.027372
v -2.093724 0.701674 -0.034663
v -2.064642 0.705110 -0.034810
v -2.037005 0.722292 -0.025464
v -2.014423 0.738796 0.014629
v -2.080136 0.687566 -0.035131
v -2.373308 0.617232 0.638593
v -2.353758 0.573145 0.672863
v -2.378551 0.586970 0.644754
v -2.360524 0.551749 0.663010
v -2.374665 0.559784 0.646793
v -2.385846 0.564351 0.608124
v -2.382250 0.586283 0.587544
v -2.362442 0.610105 0.567867
v -2.334368 0.544268 0.535577
v -2.307121 0.563317 0.523261
v -2.359560 0.527443 0.559949
v -2.370754 0.521298 0.590883
v -2.378775 0.546510 0.626059
v -2.358310 0.529090 0.643128
v -2.347110 0.535743 0.669574
v -2.337833 0.627546 0.555498
v -2.267398 0.591915 0.510328
v -2.369937 0.522164 0.615663
v -0.995565 1.032164 0.344510
v -1.102090 0.940725 0.342569
v -1.091092 0.935024 0.565734
v -0.988616 1.037386 0.557327
v -0.918895 1.109440 0.346975
v -0.916133 1.117001 0.553643
v -0.846352 1.187814 0.349683
v -0.840003 1.197903 0.554126
v -0.766732 1.275141 0.351209
v -0.748258 1.293330 0.557986
v -0.687198 1.342577 0.355090
v -0.653822 1.379701 0.569362
v -0.670462 1.593788 0.859111
v -0.727272 1.709157 0.918637
v -1.221519 0.825699 0.567571
v -1.389936 0.726912 0.559006
v -1.430497 0.779787 0.776365
v -1.262051 0.888711 0.798517
v -1.124729 1.012136 0.800813
v -1.024779 1.115705 0.775343
v -0.947951 1.196426 0.765245
v -0.861737 1.279045 0.756219
v -0.749761 1.382029 0.746720
v -0.634910 1.481879 0.745945
v -0.799424 1.495857 0.866829
v -1.516284 0.926638 0.909344
v -1.635146 0.864822 0.857090
v -1.702239 0.982518 0.876268
v -1.590396 1.054895 0.927479
v -1.764362 1.084790 0.837924
v -1.354426 1.034517 0.932484
v -1.212070 1.146923 0.934965
v -1.432979 1.161447 0.956333
v -1.661230 1.166983 0.886644
v -1.820408 1.175818 0.762004
v -1.107825 1.235213 0.904434
v -1.300753 1.255662 0.957283
v -1.510348 1.278618 0.916259
v -1.724898 1.261753 0.804015
v -1.861440 1.242392 0.644323
v -1.022939 1.312349 0.895442
v -1.193694 1.336500 0.934037
v -1.383295 1.370570 0.921109
v -1.582935 1.381738 0.829572
v -1.776017 1.337149 0.672408
v -1.883527 1.282654 0.518002
v -0.922093 1.399369 0.887165
v -1.103848 1.413366 0.932131
v -1.274547 1.453301 0.904836
v -1.456371 1.478439 0.835632
v -1.641799 1.463584 0.688565
v -1.802630 1.381804 0.533421
v -1.882093 1.284459 0.390954
v -0.997021 1.503588 0.928934
v -1.182876 1.535622 0.907096
v -1.344961 1.565508 0.822082
v -1.516613 1.565410 0.692952
v -1.671673 1.510443 0.540615
v -1.799610 1.383843 0.393714
v -1.866111 1.256441 0.267157
v -0.858253 1.611036 0.920553
v -1.078198 1.634251 0.908559
v -1.254078 1.653175 0.822500
v -1.403370 1.653750 0.683436
v -1.548425 1.615306 0.542639
v -1.667901 1.511980 0.392604
v -1.780371 1.354505 0.258903
v -1.825951 1.188222 0.167582
v -1.909271 1.103980 0.182645
v -1.944538 1.166595 0.276857
v -0.949800 1.750931 0.906748
v -1.159767 1.757693 0.823282
v -1.311957 1.735168 0.679882
v -1.435109 1.702777 0.535813
v -1.544394 1.615411 0.391440
v -1.646760 1.482261 0.250318
v -1.737184 1.281875 0.155458
v -1.751329 1.067441 0.086610
v -1.839528 0.990255 0.109697
v -0.833469 1.861910 0.912104
v -1.052842 1.880598 0.823016
v -0.958100 2.002027 0.823407
v -1.135429 1.937555 0.663212
v -1.054087 2.055132 0.648733
v -1.225243 1.827616 0.673519
v -1.342909 1.776289 0.528312
v -1.259023 1.855231 0.514972
v -1.177675 1.948997 0.494477
v -1.103827 2.052813 0.464250
v -1.087562 2.026095 0.299965
v -1.172192 1.929657 0.342168
v -1.257341 1.844988 0.365494
v -1.341150 1.771574 0.379781
v -1.432001 1.700737 0.387854
v -1.521765 1.584006 0.245134
v -1.410721 1.668861 0.243488
v -1.323304 1.740154 0.236247
v -1.238017 1.811862 0.225753
v -1.142069 1.892467 0.206488
v -1.035267 1.987811 0.161470
v -1.087014 1.830412 0.106162
v -0.964839 1.926203 0.079039
v -1.194990 1.745431 0.118048
v -1.283487 1.673365 0.127402
v -1.368266 1.602925 0.136503
v -1.476957 1.514273 0.137476
v -1.601733 1.408231 0.144213
v -1.659854 1.153608 0.068718
v -1.520116 1.274555 0.054962
v -1.392862 1.386216 0.050112
v -1.285146 1.477551 0.053974
v -1.202737 1.541579 0.044303
v -1.107861 1.612024 0.032838
v -0.990702 1.697753 0.024202
v -0.862055 1.793545 0.016509
v -0.915341 1.581012 0.019001
v -1.032772 1.492325 0.019570
v -1.128381 1.421683 0.023671
v -1.209015 1.360132 0.027935
v -1.318441 1.270570 0.021295
v -1.449836 1.161887 0.027750
v -1.595084 1.050151 0.046005
v -1.694700 0.978517 0.068909
v -1.791250 0.913080 0.095845
v -1.869602 0.859114 0.122133
v -1.751931 0.853590 0.114228
v -1.647079 0.906440 0.087700
v -1.538805 0.964346 0.063148
v -1.387595 1.065341 0.041446
v -1.251811 1.164914 0.031578
v -1.138024 1.249496 0.039400
v -1.056644 1.311053 0.043492
v -0.966002 1.383309 0.053243
v -0.856449 1.476389 0.065907
v -0.793421 1.673487 0.019422
v -0.749505 1.558399 0.066349
v -0.709682 1.407415 0.199392
v -0.790433 1.341617 0.203635
v -0.878264 1.249793 0.194510
v -0.958468 1.172914 0.181523
v -1.042100 1.102542 0.170943
v -1.156317 1.019203 0.161024
v -1.294492 0.928865 0.167663
v -1.453129 0.839733 0.183391
v -1.573402 0.798352 0.197287
v -0.846352 1.187814 0.349683
v -0.918895 1.109440 0.346975
v -0.766732 1.275141 0.351209
v -0.687198 1.342577 0.355090
v -1.687349 0.762311 0.213766
v -1.781944 0.726350 0.237339
v -1.837768 0.807347 0.140293
v -1.879862 0.774498 0.155401
v -1.910067 0.823939 0.135293
v -1.952541 0.890382 0.146658
v -1.838696 0.701975 0.258922
v -1.758337 0.681874 0.353637
v -1.650562 0.705312 0.347257
v -1.526148 0.727097 0.350272
v -1.397427 0.757941 0.352110
v -1.235764 0.845437 0.345970
v -1.102090 0.940725 0.342569
v -0.995565 1.032164 0.344510
v -1.831632 0.668341 0.356951
v -1.913489 0.928930 0.132163
v -2.022896 0.985107 0.217558
v -1.979607 1.033647 0.203629
v -2.061338 1.036958 0.306053
v -2.013189 1.091974 0.290432
v -2.072031 1.054351 0.394111
v -2.023214 1.116817 0.391345
v -2.068052 1.054025 0.480966
v -2.019675 1.117123 0.491533
v -2.047739 1.021990 0.574045
v -2.000079 1.087443 0.595832
v -2.017529 0.970806 0.655933
v -1.966862 1.034054 0.684800
v -1.975429 0.900568 0.714759
v -1.923484 0.961346 0.751600
v -1.923024 0.816993 0.734277
v -1.863096 0.872146 0.780353
v -1.957413 1.194643 0.386922
v -1.955943 1.193806 0.499763
v -1.934671 1.157425 0.613545
v -1.899810 1.098984 0.718974
v -1.854719 1.022023 0.787897
v -1.791880 0.922571 0.823858
v -1.729210 0.818240 0.801253
v -1.805391 0.779308 0.755838
v -1.558952 0.735547 0.734328
v -1.666666 0.709592 0.685012
v -1.522375 0.696129 0.539242
v -1.643539 0.680808 0.509614
v -1.761486 0.691220 0.644941
v -1.748707 0.668215 0.485490
v -1.876934 0.739151 0.701080
v -1.847511 0.684391 0.604724
v -1.837433 0.666977 0.461694
v -1.831632 0.668341 0.356951
v -1.758337 0.681874 0.353637
v -1.650562 0.705312 0.347257
v -1.526148 0.727097 0.350272
v -1.397427 0.757941 0.352110
v -1.235764 0.845437 0.345970
v -2.388048 0.469631 0.170801
v -2.388557 0.478076 0.151455
v -2.406579 0.451069 0.162942
v -2.407127 0.458239 0.149550
v -2.398309 0.492229 0.142647
v -2.416521 0.471119 0.142928
v -2.418107 0.513252 0.149093
v -2.432927 0.487078 0.147158
v -2.431068 0.522195 0.167022
v -2.443732 0.492756 0.159845
v -2.426906 0.508242 0.186171
v -2.440814 0.482658 0.173612
v -2.439862 0.470815 0.157502
v -2.410746 0.485096 0.195961
v -2.433964 0.468438 0.150155
v -2.424848 0.461126 0.147871
v -2.418967 0.454920 0.151989
v -2.418229 0.451038 0.160094
v -2.429806 0.458692 0.158266
v -2.438510 0.466079 0.165634
v -2.427670 0.464966 0.180314
v -2.397310 0.473123 0.189902
v -2.414898 0.454022 0.175881
v -2.388048 0.469631 0.170801
v -2.406579 0.451069 0.162942
v -2.423491 0.452568 0.167465
v -2.418229 0.451038 0.160094
v -2.431266 0.457796 0.169768
v -2.249723 0.530838 0.250309
v -2.223969 0.550265 0.288917
v -2.228394 0.546836 0.172233
v -2.260452 0.515120 0.154528
v -2.282544 0.502239 0.243936
v -2.291171 0.493084 0.142909
v -2.312826 0.481104 0.237656
v -2.331401 0.472693 0.133716
v -2.353208 0.459898 0.224688
v -2.375601 0.464706 0.135437
v -2.390054 0.455809 0.202557
v -2.395307 0.469881 0.148885
v -2.406396 0.469751 0.186341
v -2.320071 0.547147 0.100925
v -2.356270 0.525246 0.100166
v -2.388077 0.507102 0.111991
v -2.404861 0.496511 0.134139
v -2.419348 0.501054 0.166529
v -2.423117 0.487310 0.203135
v -2.416271 0.491631 0.233500
v -2.397100 0.503163 0.263683
v -2.363716 0.524508 0.280904
v -2.334194 0.543130 0.284003
v -2.296791 0.569475 0.287384
v -2.275114 0.584714 0.297110
v -2.295032 0.573668 0.322775
v -2.263816 0.545640 0.335227
v -2.340293 0.542148 0.320324
v -2.308355 0.512377 0.334953
v -2.378099 0.516606 0.320355
v -2.342769 0.487628 0.334011
v -2.406785 0.497932 0.327506
v -2.381487 0.464490 0.339208
v -2.432843 0.482456 0.349992
v -2.415695 0.457191 0.358018
v -2.447510 0.474356 0.379146
v -2.437109 0.459040 0.382775
v -2.445253 0.476040 0.408519
v -2.427468 0.446632 0.404251
v -2.402393 0.439930 0.397387
v -2.361840 0.448290 0.390648
v -2.322868 0.472730 0.389178
v -2.282408 0.502629 0.389141
v -2.237758 0.534819 0.387992
v -2.236317 0.550445 0.452616
v -2.282265 0.516701 0.462952
v -2.318628 0.490412 0.470643
v -2.360173 0.465512 0.474263
v -2.403670 0.454168 0.463249
v -2.389104 0.513534 0.500940
v -2.357278 0.533647 0.500032
v -2.317020 0.558821 0.490230
v -2.218419 0.546119 0.377875
v -2.429183 0.456544 0.439324
v -2.427468 0.446632 0.404251
v -2.445253 0.476040 0.408519
v -2.424696 0.490069 0.480162
v -2.442280 0.478251 0.447165
v -2.163958 0.597826 0.623630
v -2.170429 0.566375 0.549669
v -2.186539 0.554739 0.473024
v -2.193312 0.549335 0.378018
v -2.192191 0.543696 0.282750
v -2.207968 0.573405 0.178636
v -2.227397 0.617155 0.149440
v -2.257236 0.596463 0.134929
v -2.292879 0.571222 0.112102
v -2.203184 0.630418 0.154868
v -2.183316 0.576930 0.179206
v -2.166568 0.647978 0.161122
v -2.144974 0.585427 0.179911
v -2.153633 0.549378 0.299614
v -2.158188 0.558912 0.389054
v -2.156114 0.563039 0.465115
v -2.151076 0.574525 0.546892
v -2.143051 0.605563 0.624686
v -2.163974 0.653851 0.655744
v -2.133631 0.666812 0.124814
v -2.139524 0.661998 0.146499
v -2.090292 0.626423 0.156509
v -2.100887 0.595026 0.187336
v -2.097970 0.567145 0.310995
v -2.106827 0.578565 0.393488
v -2.110555 0.580808 0.454131
v -2.098952 0.593791 0.550423
v -2.100377 0.621513 0.633692
v -2.130402 0.670857 0.661954
v -2.057603 0.615384 0.550372
v -2.067644 0.641656 0.637565
v -2.099022 0.691615 0.667908
v -2.144666 0.759987 0.646396
v -2.100473 0.791916 0.657082
v -2.057243 0.718143 0.676324
v -2.022043 0.665820 0.646426
v -2.001962 0.641865 0.553198
v -2.066388 0.601273 0.447749
v -1.996519 0.631653 0.445166
v -2.060376 0.597741 0.394570
v -1.981840 0.624949 0.387436
v -2.052336 0.581158 0.314452
v -1.967143 0.612564 0.303022
v -2.055084 0.594671 0.205247
v -1.979754 0.620733 0.195424
v -2.007129 0.644728 0.147540
v -1.962303 0.702649 0.133417
v -1.952239 0.651721 0.442228
v -1.929390 0.644313 0.373718
v -1.910764 0.646427 0.283186
v -1.930087 0.674854 0.177215
v -1.944421 0.786579 0.147313
v -1.980340 0.700835 0.096757
v -1.996621 0.754060 0.092437
v -2.006413 0.746288 0.054548
v -1.937137 0.708490 0.665962
v -1.912759 0.673686 0.572399
v -1.956541 0.659794 0.557502
v -1.902619 0.661010 0.451601
v -1.881203 0.658241 0.363163
v -1.882363 0.668809 0.272319
v -1.910940 0.731159 0.172787
v -1.910067 0.823939 0.135293
v -1.879862 0.774498 0.155401
v -1.838696 0.701975 0.258922
v -1.831632 0.668341 0.356951
v -1.837433 0.666977 0.461694
v -1.847511 0.684391 0.604724
v -1.876934 0.739151 0.701080
v -1.923024 0.816993 0.734277
v -1.976212 0.775201 0.704328
v -1.975429 0.900568 0.714759
v -2.022498 0.854802 0.688731
v -2.017529 0.970806 0.655933
v -2.062240 0.924008 0.633874
v -2.047739 1.021990 0.574045
v -1.986664 0.856394 0.157107
v -2.061585 0.946282 0.232536
v -2.097466 0.914530 0.240616
v -2.131495 0.953953 0.328293
v -2.102384 0.989458 0.320375
v -2.142535 0.965442 0.393216
v -2.113839 1.005167 0.396240
v -2.141438 0.964442 0.464153
v -2.110291 1.002066 0.470770
v -2.125833 0.934632 0.545955
v -2.090801 0.973337 0.557034
v -2.098181 0.889130 0.619148
v -2.060714 0.822634 0.672406
v -2.018843 0.745794 0.689387
v -1.981245 0.686560 0.652718
v -2.068052 1.054025 0.480966
v -2.072031 1.054351 0.394111
v -2.061338 1.036958 0.306053
v -2.022896 0.985107 0.217558
v -1.952541 0.890382 0.146658
v -1.910067 0.823939 0.135293
v -2.090634 0.652390 -0.049429
v -2.080790 0.658179 -0.036236
v -2.085189 0.673298 -0.039990
v -2.092234 0.659244 -0.052239
v -2.101561 0.686796 -0.042031
v -2.099725 0.664809 -0.053597
v -2.118262 0.687679 -0.040661
v -2.107688 0.664529 -0.052891
v -2.123984 0.672880 -0.036248
v -2.111018 0.657897 -0.050497
v -2.117073 0.653290 -0.031710
v -2.108175 0.649430 -0.047850
v -2.103618 0.643739 -0.029711
v -2.101837 0.645458 -0.046067
v -2.088344 0.645499 -0.031961
v -2.094372 0.646472 -0.046960
v -2.099957 0.652482 -0.052906
v -2.094372 0.646472 -0.046960
v -2.088344 0.645499 -0.031961
v -2.075556 0.640049 -0.008025
v -2.067895 0.666497 -0.010466
v -2.079600 0.690382 -0.015420
v -2.102394 0.716431 -0.017999
v -2.123042 0.706131 -0.011904
v -2.129925 0.675119 -0.003771
v -2.120645 0.654412 -0.000540
v -2.097574 0.638275 -0.004621
v -2.075556 0.640049 -0.008025
v -2.459249 0.446769 0.407395
v -2.453326 0.456180 0.395861
v -2.465564 0.453137 0.410972
v -2.442621 0.446571 0.401470
v -2.467616 0.456566 0.419126
v -2.459752 0.446544 0.419120
v -2.453217 0.442610 0.410486
v -2.437096 0.443271 0.415910
v -2.408528 0.449639 0.412965
v -2.417068 0.454989 0.391948
v -2.433045 0.473518 0.385341
v -2.465271 0.469990 0.401950
v -2.469540 0.477126 0.416649
v -2.462169 0.472021 0.431025
v -2.456271 0.507486 0.413379
v -2.446821 0.499005 0.432908
v -2.448776 0.458730 0.436409
v -2.427433 0.477482 0.440824
v -2.449847 0.441125 0.418449
v -2.450778 0.496190 0.393675
v -2.463783 0.454441 0.427076
v -2.456722 0.448606 0.430171
v -2.439512 0.448589 0.430452
v -2.451427 0.443903 0.426590
v -2.437096 0.443271 0.415910
v -2.449847 0.441125 0.418449
v -2.412045 0.458123 0.435187
v -2.408528 0.449639 0.412965
v -2.339043 0.663244 0.222188
v -2.378543 0.632944 0.210956
v -2.302403 0.647769 0.156193
v -2.343049 0.621503 0.140245
v -2.402927 0.611822 0.203607
v -2.369870 0.602991 0.131267
v -2.425704 0.579398 0.192723
v -2.397621 0.573062 0.125596
v -2.436324 0.544764 0.180784
v -2.416702 0.540833 0.129886
v -2.436182 0.523350 0.171413
v -2.434255 0.505686 0.199938
v -2.435004 0.525514 0.217714
v -2.422214 0.548673 0.244794
v -2.395314 0.575305 0.260118
v -2.368663 0.593978 0.265784
v -2.324871 0.617199 0.280792
v -2.419348 0.501054 0.166529
v -2.424323 0.520355 0.144426
v -2.388077 0.507102 0.111991
v -2.356270 0.525246 0.100166
v -2.320071 0.547147 0.100925
v -2.292879 0.571222 0.112102
v -2.257236 0.596463 0.134929
v -2.404861 0.496511 0.134139
v -2.296791 0.569475 0.287384
v -2.334194 0.543130 0.284003
v -2.363716 0.524508 0.280904
v -2.397100 0.503163 0.263683
v -2.416271 0.491631 0.233500
v -2.423117 0.487310 0.203135
v -2.275114 0.584714 0.297110
v -2.295032 0.573668 0.322775
v -2.340293 0.542148 0.320324
v -2.378099 0.516606 0.320355
v -2.406785 0.497932 0.327506
v -2.432843 0.482456 0.349992
v -2.447510 0.474356 0.379146
v -2.445253 0.476040 0.408519
v -2.460919 0.504486 0.432619
v -2.418417 0.546396 0.488930
v -2.441644 0.515501 0.473455
v -2.452437 0.493292 0.444087
v -2.442280 0.478251 0.447165
v -2.424696 0.490069 0.480162
v -2.389104 0.513534 0.500940
v -2.357278 0.533647 0.500032
v -2.317020 0.558821 0.490230
v -2.106650 0.620224 0.094919
v -2.095698 0.627945 0.123204
v -2.027419 0.641074 0.083784
v -2.042295 0.631400 0.040592
v -2.119438 0.611915 0.061221
v -2.061956 0.626167 -0.004447
v -2.127898 0.612423 0.015408
v -2.078580 0.636706 -0.020942
v -2.123878 0.631580 -0.010394
v -2.086627 0.644776 -0.028007
v -2.073133 0.669607 -0.033926
v -2.054369 0.676188 -0.033096
v -2.024350 0.680314 -0.022365
v -2.000393 0.689779 0.021306
v -1.988570 0.696753 0.064339
v -2.019574 0.642718 0.109131
v -2.014423 0.738796 0.014629
v -2.037005 0.722292 -0.025464
v -2.064642 0.705110 -0.034810
v -2.080136 0.687566 -0.035131
v -2.104763 0.673640 -0.027372
v -2.115541 0.643019 -0.022223
v -2.147170 0.654566 -0.009565
v -2.163280 0.645982 0.017233
v -2.129413 0.657302 -0.021906
v -2.161094 0.648522 0.064416
v -2.148674 0.656688 0.097430
vn 0.3999 -0.9142 0.0656
vn 0.4107 -0.9071 0.0921
vn 0.4314 -0.8813 0.1930
vn 0.3619 -0.9258 0.1092
vn 0.3583 -0.9194 0.1623
vn 0.3048 -0.9523 -0.0167
vn 0.3054 -0.9514 0.0390
vn 0.1475 -0.8163 -0.5584
vn 0.1808 -0.9276 -0.3270
vn -0.1231 -0.8747 -0.4688
vn 0.4511 -0.7951 -0.4053
vn -0.2446 -0.9561 0.1616
vn -0.8390 -0.5160 0.1726
vn -0.1851 -0.9275 0.3248
vn -0.7401 -0.4743 0.4768
vn -0.2293 -0.9564 0.1807
vn -0.8236 -0.5114 0.2451
vn -0.3196 -0.9138 -0.2506
vn -0.8307 -0.5035 -0.2375
vn -0.3379 -0.6647 -0.6664
vn -0.2381 -0.4245 -0.8736
vn -0.6286 -0.3893 -0.6733
vn -0.3523 -0.2603 -0.8990
vn -0.1792 -0.1381 -0.9741
vn 0.0105 -0.4217 -0.9067
vn 0.0137 -0.2125 -0.9771
vn -0.0761 -0.0771 -0.9941
vn 0.2677 -0.2186 -0.9384
vn 0.1532 0.0717 -0.9856
vn 0.6902 -0.2397 -0.6827
vn 0.5393 0.3051 -0.7849
vn 0.9184 -0.2115 -0.3342
vn 0.7807 0.4585 -0.4245
vn 0.9585 -0.1742 -0.2255
vn 0.8200 0.4949 -0.2877
vn 0.8954 -0.2363 -0.3774
vn 0.5117 -0.8512 -0.1168
vn 0.7817 -0.3299 -0.5292
vn 0.5502 -0.8334 -0.0520
vn 0.5455 -0.8351 -0.0707
vn 0.4013 -0.8184 -0.4114
vn 0.1726 -0.6532 -0.7373
vn -0.2402 -0.4159 0.8771
vn -0.0765 0.3410 0.9370
vn 0.2570 -0.0097 0.9664
vn 0.1475 -0.0449 0.9880
vn -0.2222 0.3503 0.9099
vn -0.1090 -0.1826 0.9771
vn -0.4483 0.1887 0.8737
vn -0.5009 -0.3947 0.7703
vn -0.7178 -0.1111 0.6874
vn -0.7728 -0.5209 0.3625
vn -0.8481 -0.4004 0.3469
vn -0.8380 -0.5373 0.0950
vn -0.9417 -0.2517 0.2231
vn -0.9230 0.0799 0.3764
vn -0.7752 0.4281 0.4645
vn -0.5834 0.6418 0.4977
vn -0.4950 0.6837 0.5362
vn -0.9816 0.1011 -0.1622
vn -0.9745 -0.2230 -0.0244
vn -0.9103 -0.3505 -0.2204
vn -0.8099 -0.5310 -0.2491
vn -0.6025 -0.4116 -0.6838
vn -0.8178 -0.0821 -0.5696
vn -0.3064 -0.2466 -0.9194
vn -0.6221 0.1527 -0.7679
vn -0.0621 -0.1004 -0.9930
vn -0.4004 0.3185 -0.8592
vn 0.0443 -0.0531 -0.9976
vn -0.2883 0.3300 -0.8989
vn -0.2768 -0.3214 -0.9056
vn -0.5759 0.0751 -0.8140
vn -0.1726 -0.1461 -0.9741
vn -0.9952 0.0011 -0.0982
vn -0.9238 -0.3783 0.0592
vn -0.8083 -0.5178 -0.2801
vn -0.7910 -0.6083 0.0655
vn -0.9548 -0.0611 0.2909
vn -0.7057 -0.5359 0.4635
vn -0.8070 0.1666 0.5666
vn -0.4350 -0.4234 0.7947
vn -0.5775 0.3620 0.7317
vn -0.1295 -0.2568 0.9577
vn -0.4526 0.4067 0.7936
vn 0.0181 -0.1806 0.9834
vn 0.0039 -0.0844 0.9964
vn -0.6131 0.1731 0.7708
vn -0.6337 0.7728 0.0342
vn -0.7484 0.6630 -0.0179
vn -0.1859 0.6756 -0.7134
vn -0.2434 0.5828 -0.7753
vn 0.2642 0.0411 -0.9636
vn -0.3011 0.4775 -0.8254
vn -0.8475 -0.2580 -0.4638
vn -0.3867 -0.2909 -0.8751
vn -0.7104 -0.4533 -0.5384
vn 0.3913 0.1461 -0.9086
vn -0.2272 0.7118 -0.6646
vn 0.3472 0.1695 -0.9224
vn -0.3707 0.6362 -0.6767
vn 0.1990 -0.0096 -0.9800
vn -0.5583 0.4431 -0.7014
vn -0.0563 -0.1344 -0.9893
vn -0.7416 0.1452 -0.6549
vn -0.9545 -0.1820 -0.2363
vn -0.6264 0.7768 0.0656
vn -0.7304 0.6824 0.0289
vn -0.8761 0.4791 -0.0541
vn -0.9675 0.2154 -0.1322
vn 0.1140 -0.6906 0.7142
vn 0.2067 -0.9775 0.0420
vn 0.2268 -0.9728 0.0476
vn 0.1426 -0.7113 0.6883
vn -0.1413 -0.1254 0.9820
vn -0.1762 -0.2346 0.9560
vn -0.7613 -0.3344 0.5555
vn -0.6371 -0.7593 0.1326
vn -0.4334 -0.5714 0.6968
vn -0.1425 -0.8609 0.4884
vn -0.0902 -0.9908 0.1007
vn -0.6593 0.1073 0.7441
vn -0.9487 -0.2853 0.1362
vn -0.8022 -0.0040 -0.5971
vn -0.7216 0.1840 -0.6674
vn -0.3018 -0.2577 -0.9179
vn -0.9739 0.2124 0.0804
vn -0.9112 0.4069 0.0643
vn -0.2481 -0.9298 -0.2719
vn -0.0903 -0.9908 0.1005
vn -0.5817 0.2783 0.7643
vn -0.8611 -0.4243 -0.2800
vn -0.3888 -0.3843 -0.8374
vn -0.0099 -0.8049 -0.5933
vn 0.0247 -0.7809 -0.6241
vn 0.2268 -0.9728 0.0475
vn -0.5773 -0.6888 -0.4384
vn -0.2529 -0.9549 -0.1552
vn 0.4285 -0.8427 -0.3258
vn 0.5342 -0.7568 -0.3766
vn -0.2894 -0.9493 -0.1225
vn -0.7778 -0.6249 -0.0672
vn -0.7781 -0.6030 -0.1760
vn -0.9780 -0.1429 -0.1523
vn -0.9105 -0.0667 -0.4080
vn -0.7656 0.4915 -0.4151
vn -0.5478 0.4428 -0.7098
vn 0.0470 0.7096 -0.7031
vn 0.2652 0.5613 -0.7840
vn 0.7212 0.4573 -0.5203
vn 0.7030 0.3568 -0.6151
vn 0.9090 0.0102 -0.4166
vn 0.8470 -0.1696 -0.5039
vn 0.5343 -0.7568 -0.3766
vn 0.4286 -0.8427 -0.3258
vn 0.5562 -0.6278 -0.5445
vn -0.0164 -0.3948 -0.9186
vn 0.5656 -0.2449 -0.7874
vn 0.3010 -0.7363 -0.6060
vn 0.5461 0.0483 -0.8363
vn 0.1537 0.2573 -0.9540
vn -0.3499 0.1321 -0.9274
vn -0.6482 -0.2439 -0.7213
vn -0.5575 -0.6441 -0.5237
vn -0.1667 -0.9022 -0.3979
vn 0.3564 -0.8022 -0.4791
vn 0.3927 -0.9092 0.1384
vn 0.3027 -0.9418 0.1461
vn 0.2988 -0.9305 0.2119
vn 0.3783 -0.9017 0.2092
vn 0.2253 -0.7395 0.6344
vn 0.2542 -0.7191 0.6467
vn -0.1527 -0.2528 0.9554
vn -0.1207 -0.2203 0.9679
vn -0.4754 0.1545 0.8661
vn -0.4326 0.2103 0.8767
vn -0.6315 0.3936 0.6680
vn -0.5986 0.4427 0.6677
vn -0.7175 0.5289 0.4533
vn -0.7123 0.5581 0.4256
vn -0.7881 0.5874 0.1842
vn -0.7849 0.5954 0.1715
vn -0.7874 0.6082 -0.1000
vn -0.7662 0.6384 -0.0734
vn -0.7168 0.5888 -0.3735
vn -0.6852 0.6437 -0.3408
vn -0.5359 0.5543 -0.6369
vn -0.5420 0.6774 -0.4974
vn -0.0529 0.7324 -0.6788
vn -0.2517 0.2262 -0.9410
vn 0.2878 0.0025 -0.9577
vn -0.1383 -0.1990 -0.9702
vn -0.4136 0.1065 -0.9042
vn -0.5975 0.3984 -0.6959
vn -0.6193 0.3430 -0.7062
vn -0.7490 0.5291 -0.3989
vn -0.7439 0.5354 -0.4000
vn -0.7811 0.6183 -0.0868
vn -0.7753 0.6256 -0.0869
vn -0.7721 0.6014 0.2054
vn -0.7859 0.5861 0.1973
vn -0.7306 0.5095 0.4545
vn -0.7653 0.4720 0.4376
vn -0.6588 0.3606 0.6602
vn 0.0990 -0.7578 0.6450
vn -0.2103 -0.2964 0.9316
vn -0.5092 0.1095 0.8537
vn -0.7026 0.3157 0.6378
vn -0.5752 0.0625 0.8156
vn -0.3411 -0.3065 0.8886
vn -0.0874 -0.7190 0.6895
vn 0.1348 -0.9574 0.2555
vn -0.0244 -0.9459 0.3236
vn 0.1355 -0.9849 0.1078
vn 0.0503 -0.9965 0.0674
vn 0.2494 -0.9684 -0.0017
vn 0.1953 -0.9689 -0.1522
vn 0.5188 -0.7904 -0.3258
vn 0.3101 -0.8205 -0.4803
vn 0.4535 -0.4156 -0.7884
vn 0.1517 -0.5268 -0.8363
vn -0.1382 -0.1990 -0.9702
vn 0.2879 0.0024 -0.9577
vn 0.6589 -0.4913 -0.5696
vn 0.5321 -0.8374 -0.1251
vn 0.3452 -0.9287 0.1353
vn 0.7294 0.3736 -0.5730
vn 0.4329 -0.8165 -0.3820
vn 0.4207 -0.9068 0.0259
vn 0.3700 -0.9056 0.2072
vn 0.3016 -0.7054 0.6414
vn -0.0775 -0.1786 0.9809
vn -0.3751 0.2730 0.8859
vn -0.5886 0.4922 0.6413
vn -0.6125 0.5204 0.5950
vn -0.7422 0.5557 0.3747
vn -0.3611 0.3161 0.8773
vn -0.0799 -0.1930 0.9779
vn 0.2610 -0.7257 0.6366
vn 0.3979 -0.8967 0.1940
vn -0.3463 0.3602 0.8662
vn -0.0639 -0.2102 0.9756
vn 0.2059 -0.7494 0.6293
vn 0.3585 -0.9130 0.1946
vn 0.3223 -0.9441 0.0697
vn 0.2918 -0.9538 0.0711
vn 0.2418 -0.9688 -0.0552
vn 0.2449 -0.6750 -0.6960
vn -0.0625 -0.1656 -0.9842
vn -0.5498 -0.4777 -0.6852
vn -0.2992 0.4302 0.8517
vn -0.6581 0.5605 0.5027
vn -0.6741 0.6164 0.4070
vn 0.0034 -0.1308 0.9914
vn 0.2044 -0.7449 0.6351
vn 0.2052 -0.9566 0.2071
vn 0.0014 -0.9945 0.1047
vn 0.1660 -0.9826 0.0836
vn 0.0158 -0.9898 -0.1418
vn 0.1759 -0.7469 -0.6412
vn 0.1613 0.0058 -0.9869
vn 0.4385 -0.6763 -0.5919
vn 0.2642 0.0410 -0.9636
vn 0.5500 -0.6956 -0.4622
vn 0.6897 -0.5903 -0.4194
vn 0.3471 0.1695 -0.9224
vn 0.7493 -0.5325 -0.3937
vn -0.1642 -0.9864 -0.0044
vn 0.2327 -0.9725 0.0092
vn -0.2776 -0.9569 0.0854
vn 0.3300 -0.9401 0.0856
vn 0.4671 -0.6651 0.5827
vn 0.2285 -0.0131 0.9735
vn -0.6145 -0.7298 0.2997
vn -0.5008 -0.3948 0.7703
vn -0.1699 -0.8230 0.5420
vn -0.1090 -0.1827 0.9771
vn -0.5386 -0.8426 -0.0046
vn -0.8380 -0.5374 0.0950
vn 0.1111 -0.8367 -0.5363
vn 0.5256 -0.8476 -0.0733
vn 0.3400 -0.8078 0.4815
vn 0.5585 -0.5863 0.5868
vn 0.2570 -0.0098 0.9664
vn 0.5077 -0.6274 0.5905
vn 0.1476 -0.0450 0.9880
vn 0.2743 -0.7442 0.6090
vn -0.0357 -0.9945 -0.0988
vn -0.5386 -0.8426 -0.0047
vn 0.3535 -0.9263 -0.1302
vn 0.5530 -0.8227 -0.1318
vn 0.5865 -0.8009 -0.1206
vn 0.4026 -0.5447 -0.7356
vn 0.3379 -0.5794 -0.7417
vn 0.0674 -0.7106 -0.7003
vn -0.3197 -0.7745 -0.5459
vn -0.6788 -0.6981 -0.2279
vn -0.6024 -0.4117 -0.6838
vn -0.3063 -0.2467 -0.9194
vn -0.0621 -0.1005 -0.9930
vn 0.0444 -0.0532 -0.9976
vn -0.2768 -0.3215 -0.9056
vn -0.6033 -0.7825 0.1541
vn 0.4376 -0.8114 0.3875
vn -0.0648 -0.3344 0.9402
vn 0.4772 -0.7344 0.4826
vn 0.3777 -0.8075 0.4532
vn 0.1377 -0.9199 0.3671
vn -0.4351 -0.4234 0.7947
vn -0.3104 -0.9390 0.1482
vn -0.7056 -0.5360 0.4635
vn -0.6815 -0.7291 -0.0628
vn -0.7909 -0.6084 0.0655
vn -0.8085 -0.5311 -0.2533
vn -0.5672 -0.7320 -0.3774
vn -0.8139 -0.4791 -0.3286
vn -0.1435 -0.8256 -0.5457
vn -0.3866 -0.2909 -0.8751
vn 0.3204 -0.7828 -0.5334
vn -0.0563 -0.1345 -0.9893
vn 0.0317 -0.8142 0.5797
vn -0.6484 -0.7059 0.2850
vn -0.3696 -0.9154 0.1598
vn -0.4913 -0.4463 0.7479
vn -0.8704 -0.4734 0.1353
vn -0.6187 -0.7295 -0.2916
vn -0.1761 -0.9653 -0.1930
vn 0.4128 -0.9105 -0.0220
vn 0.6717 -0.7362 0.0824
vn 0.1684 -0.6904 0.7036
vn -0.3913 -0.3226 0.8619
vn -0.8724 -0.0736 0.4832
vn -0.8989 -0.3098 -0.3097
vn -0.6403 -0.3386 -0.6895
vn -0.3640 -0.5322 -0.7644
vn -0.1696 -0.7962 -0.5808
vn -0.1761 -0.9652 -0.1931
vn 0.4128 -0.9105 -0.0221
vn 0.3633 -0.6194 -0.6960
vn -0.0448 -0.1786 -0.9829
vn -0.5070 0.1190 -0.8537
vn -0.9496 0.2145 -0.2284
vn -0.7865 0.1304 0.6037
vn -0.8954 0.4146 -0.1625
vn -0.4473 0.3068 -0.8401
vn 0.0647 -0.0489 -0.9967
vn 0.5764 -0.4593 -0.6759
vn 0.6717 -0.7362 0.0823
vn 0.5665 -0.8166 0.1103
vn 0.5956 -0.7571 -0.2685
vn 0.6682 -0.7303 0.1424
vn 0.4974 -0.8114 -0.3071
vn 0.3667 -0.9276 0.0719
vn 0.3397 -0.8838 -0.3217
vn 0.1771 -0.9837 0.0306
vn 0.2012 -0.9267 -0.3173
vn 0.1268 -0.9919 0.0030
vn 0.1795 -0.9374 -0.2985
vn 0.0803 -0.9965 0.0212
vn 0.1922 -0.9488 -0.2506
vn 0.0503 -0.9965 0.0675
vn -0.0441 -0.9250 0.3773
vn -0.2045 -0.6271 0.7516
vn -0.4189 -0.2481 0.8735
vn -0.3411 -0.3065 0.8887
vn 0.0668 -0.8676 0.4928
vn 0.2613 -0.7900 0.5547
vn -0.1597 -0.5204 0.8389
vn 0.0135 -0.9046 0.4260
vn -0.1899 -0.5737 0.7968
vn -0.4069 -0.1866 0.8942
vn -0.3827 -0.1346 0.9140
vn -0.5658 0.1587 0.8091
vn -0.5412 0.1528 0.8269
vn -0.6803 0.3775 0.6283
vn -0.6657 0.3748 0.6453
vn -0.7377 0.5328 0.4147
vn -0.7414 0.5209 0.4231
vn -0.7740 0.6107 0.1676
vn -0.7766 0.6081 0.1645
vn -0.7593 0.6397 -0.1197
vn -0.7614 0.6369 -0.1209
vn -0.7051 0.5712 -0.4203
vn -0.5990 0.0992 0.7946
vn -0.7068 0.3357 0.6227
vn -0.7593 0.4998 0.4168
vn -0.7831 0.5958 0.1785
vn -0.7760 0.6227 -0.1000
vn -0.7255 0.5510 -0.4124
vn -0.6034 0.3638 -0.7097
vn -0.5630 0.3877 -0.7299
vn -0.4026 0.1046 -0.9094
vn -0.3722 0.1307 -0.9189
vn -0.7025 0.3157 0.6378
vn -0.7653 0.4719 0.4376
vn -0.7858 0.5861 0.1973
vn -0.7753 0.6255 -0.0869
vn -0.1741 -0.1957 -0.9651
vn 0.1952 -0.9689 -0.1522
vn 0.3100 -0.8205 -0.4802
vn 0.5797 -0.5535 -0.5980
vn 0.6167 -0.5450 -0.5681
vn 0.7115 -0.6738 -0.1992
vn 0.6676 -0.7091 -0.2268
vn 0.5185 -0.5780 -0.6301
vn 0.5956 -0.7571 -0.2686
vn 0.4401 -0.6133 -0.6559
vn 0.4973 -0.8114 -0.3072
vn 0.3575 -0.6622 -0.6586
vn 0.3397 -0.8838 -0.3218
vn 0.2578 -0.7250 -0.6387
vn 0.1747 -0.7717 -0.6115
vn 0.1795 -0.9374 -0.2986
vn 0.1616 -0.7955 -0.5840
vn 0.1882 -0.8217 -0.5380
vn 0.1518 -0.5268 -0.8363
vn 0.0702 -0.5314 -0.8442
vn -0.1792 -0.1742 -0.9683
vn 0.0349 -0.5241 -0.8509
vn 0.0444 -0.4846 -0.8736
vn 0.1084 -0.1376 -0.9845
vn 0.1031 -0.1263 -0.9866
vn -0.1882 0.1514 -0.9704
vn 0.4881 -0.6262 -0.6079
vn 0.7667 -0.5888 -0.2559
vn 0.6834 -0.7025 -0.1985
vn 0.5650 -0.5954 -0.5712
vn 0.7248 -0.6619 -0.1910
vn 0.0910 -0.4260 -0.9002
vn 0.1484 -0.3521 -0.9241
vn 0.2056 -0.2863 -0.9358
vn 0.2501 -0.2723 -0.9291
vn 0.2912 -0.2973 -0.9093
vn 0.3608 -0.3306 -0.8721
vn 0.3712 -0.3911 -0.8422
vn 0.3089 -0.4007 -0.8626
vn 0.0349 -0.0668 -0.9972
vn -0.0316 -0.0194 -0.9993
vn -0.0301 0.0343 -0.9990
vn -0.0373 0.0429 -0.9984
vn -0.0839 -0.0103 -0.9964
vn -0.1242 -0.0744 -0.9895
vn -0.1574 -0.1329 -0.9786
vn -0.3555 0.1598 -0.9209
vn -0.3206 0.2018 -0.9255
vn -0.2741 0.2388 -0.9316
vn -0.2339 0.2669 -0.9349
vn -0.2407 0.2499 -0.9379
vn -0.2654 0.2084 -0.9413
vn -0.2321 0.1942 -0.9531
vn -0.1905 0.1580 -0.9689
vn -0.4784 0.2360 -0.8458
vn -0.4710 0.4035 -0.7844
vn -0.4642 0.4662 -0.7531
vn -0.4722 0.4755 -0.7422
vn -0.4476 0.4974 -0.7431
vn -0.4348 0.4994 -0.7494
vn -0.4634 0.4690 -0.7519
vn -0.5101 0.4317 -0.7439
vn -0.6054 0.6599 -0.4450
vn -0.5651 0.6961 -0.4428
vn -0.5735 0.6986 -0.4278
vn -0.6088 0.6752 -0.4166
vn -0.6265 0.6478 -0.4334
vn -0.6574 0.5732 -0.4891
vn -0.6959 0.4039 -0.5938
vn -0.7819 0.5292 -0.3295
vn -0.7489 0.6267 -0.2152
vn -0.6964 0.6993 -0.1613
vn -0.6463 0.7499 -0.1412
vn -0.6100 0.7799 -0.1404
vn -0.6194 0.7732 -0.1360
vn -0.6056 0.7775 0.1697
vn -0.6450 0.7509 0.1420
vn -0.7087 0.6975 0.1060
vn -0.7732 0.6304 0.0694
vn -0.7995 0.6003 0.0217
vn -0.7329 0.5640 0.3805
vn -0.7114 0.5828 0.3928
vn -0.6636 0.6228 0.4145
vn -0.6087 0.6509 0.4537
vn -0.5030 0.4629 0.7298
vn -0.5142 0.4297 0.7423
vn -0.5311 0.4137 0.7394
vn -0.2082 0.1595 0.9650
vn -0.1954 0.1917 0.9618
vn 0.1025 -0.1396 0.9849
vn -0.5392 0.4037 -0.7391
vn -0.6644 0.6069 -0.4362
vn -0.6656 0.7350 -0.1298
vn -0.6155 0.7669 0.1818
vn -0.5468 0.6826 0.4848
vn -0.4857 0.4792 0.7310
vn -0.2180 0.2391 0.9462
vn 0.1189 -0.1101 0.9868
vn 0.3605 -0.4277 0.8290
vn -0.7003 0.5741 -0.4242
vn -0.7272 0.6749 -0.1250
vn -0.6655 0.7257 0.1748
vn -0.5365 0.6893 0.4869
vn -0.4184 0.5301 0.7376
vn -0.2456 0.2548 0.9353
vn 0.0913 -0.0493 0.9946
vn 0.3928 -0.4041 0.8261
vn -0.7351 0.6559 0.1714
vn -0.6004 0.6478 0.4690
vn -0.3983 0.5532 0.7317
vn -0.1957 0.3135 0.9292
vn 0.0494 -0.0276 0.9984
vn 0.3897 -0.3520 0.8510
vn 0.5783 -0.6228 0.5270
vn 0.5359 -0.6203 0.5728
vn -0.6835 0.5747 0.4501
vn -0.4859 0.5074 0.7116
vn -0.2000 0.3436 0.9176
vn 0.0859 0.0504 0.9950
vn 0.3709 -0.3331 0.8669
vn 0.6045 -0.5936 0.5313
vn -0.5864 0.4364 0.6824
vn -0.3174 0.2935 0.9017
vn 0.0424 0.0838 0.9956
vn 0.4039 -0.2630 0.8762
vn 0.6220 -0.5611 0.5462
vn -0.4465 0.2195 0.8674
vn -0.1005 0.0062 0.9949
vn 0.3383 -0.2593 0.9046
vn 0.6507 -0.5258 0.5479
vn -0.2557 -0.0614 0.9648
vn 0.1854 -0.3568 0.9156
vn 0.5934 -0.5656 0.5728
vn 0.4658 -0.6717 0.5760
vn 0.0031 -0.4342 0.9008
vn 0.6444 -0.7311 0.2242
vn 0.6778 -0.7147 0.1726
vn 0.7122 -0.6800 0.1744
vn 0.7246 -0.6656 0.1787
vn 0.7191 -0.6745 0.1669
vn 0.7120 -0.6690 -0.2133
vn 0.7249 -0.6619 -0.1908
vn 0.7115 -0.6739 -0.1991
vn 0.6676 -0.7091 -0.2267
vn -0.7997 0.2721 -0.5352
vn -0.8400 -0.5172 -0.1638
vn -0.4974 -0.1241 -0.8586
vn -0.6380 0.4259 -0.6415
vn -0.5928 0.7930 0.1403
vn -0.6998 0.6805 0.2173
vn -0.2683 0.4884 0.8304
vn -0.9045 -0.3330 0.2665
vn -0.8566 -0.4717 -0.2090
vn -0.8409 -0.4999 0.2073
vn -0.7610 -0.4762 0.4406
vn -0.3402 -0.0813 -0.9368
vn -0.7398 0.3794 -0.5557
vn -0.8238 0.4498 0.3450
vn -0.4182 0.3100 0.8538
vn -0.5995 0.0436 0.7992
vn -0.3472 -0.2248 0.9105
vn -0.6247 -0.3900 0.6765
vn -0.7348 -0.2696 0.6223
vn -0.8570 -0.2221 0.4650
vn -0.9955 -0.0875 -0.0372
vn -0.6973 -0.3635 -0.6178
vn -0.9242 0.1776 -0.3381
vn -0.4631 -0.2022 -0.8629
vn -0.8923 0.1195 0.4353
vn -0.1225 -0.0392 -0.9917
vn 0.3218 0.8831 -0.3413
vn 0.8199 0.4949 -0.2877
vn 0.2953 0.8428 -0.4500
vn 0.7807 0.4586 -0.4246
vn 0.1391 0.6239 -0.7690
vn 0.5393 0.3052 -0.7849
vn -0.0290 0.2290 -0.9730
vn -0.2788 0.0002 -0.9603
vn -0.3899 -0.1502 -0.9085
vn -0.6878 -0.0879 -0.7206
vn -0.6286 -0.3892 -0.6733
vn -0.9463 0.0399 -0.3207
vn -0.9893 0.1049 0.1013
vn -0.8237 -0.5113 0.2451
vn -0.9469 0.1187 0.2987
vn -0.4193 0.2345 -0.8770
vn -0.5590 0.5918 -0.5807
vn -0.5659 0.7818 -0.2618
vn -0.5550 0.8258 -0.1006
vn -0.5607 0.8126 -0.1590
vn -0.9544 0.0902 0.2845
vn -0.4662 0.7510 -0.4677
vn -0.8125 0.1781 -0.5550
vn -0.6414 0.4523 -0.6197
vn -0.4052 0.7618 -0.5054
vn -0.6349 0.6345 -0.4408
vn 0.1568 0.8477 -0.5067
vn 0.2670 0.8615 -0.4318
vn -0.7960 0.5823 0.1653
vn -0.7779 0.6270 -0.0414
vn -0.7105 0.6429 -0.2862
vn 0.7294 0.3737 -0.5730
vn -0.7401 -0.4742 0.4768
vn -0.8391 -0.5159 0.1726
vn -0.5498 -0.4776 -0.6853
vn -0.5849 0.2193 -0.7809
vn -0.6919 0.5749 -0.4368
vn -0.7814 0.5583 -0.2788
vn -0.8088 0.5879 -0.0154
vn -0.8231 0.5340 0.1932
vn -0.8060 0.4985 0.3192
vn -0.0625 -0.1655 -0.9842
vn 0.1613 0.0059 -0.9869
vn -0.4200 0.2694 -0.8666
vn -0.7424 0.5375 -0.3998
vn -0.8526 0.4256 -0.3033
vn -0.8470 0.5280 -0.0618
vn -0.8334 0.4953 0.2454
vn -0.8612 0.4324 0.2673
vn -0.8179 0.4963 -0.2912
vn -0.9359 0.1675 -0.3100
vn -0.8705 0.4687 -0.1499
vn -0.8611 0.3863 0.3305
vn -0.9507 0.2176 0.2208
vn -0.9146 0.3632 -0.1777
vn -0.8284 0.4066 0.3852
vn -0.7941 0.5379 -0.2828
vn -0.6008 0.7201 -0.3472
vn -0.6999 0.6396 -0.3180
vn -0.8793 0.4055 -0.2499
vn -0.1937 0.5266 0.8278
vn -0.6787 0.6756 0.2881
vn -0.9824 -0.0688 0.1738
vn -0.6989 0.4910 0.5200
vn -0.8400 -0.5173 -0.1639
vn -0.4974 -0.1242 -0.8586
vn -0.4408 -0.1200 0.8896
vn -0.0537 -0.8266 -0.5602
vn -0.3402 -0.0814 -0.9368
vn 0.6127 -0.7881 -0.0600
vn 0.7387 -0.4811 0.4721
vn 0.4050 0.0749 0.9113
vn -0.1304 0.6101 0.7816
vn -0.5851 0.7982 0.1434
vn -0.1715 0.5777 0.7981
vn 0.3275 0.1119 0.9382
vn 0.7104 -0.4828 0.5122
vn 0.1749 0.0563 0.9830
vn 0.5878 -0.5344 0.6073
vn 0.5169 -0.8526 -0.0766
vn 0.5973 -0.7924 -0.1239
vn 0.2710 -0.6258 0.7314
vn 0.2734 -0.9601 0.0592
vn -0.1740 -0.9519 0.2523
vn 0.1364 -0.6770 -0.7233
vn 0.0686 -0.7426 -0.6662
vn -0.2175 -0.8706 -0.4413
vn -0.5413 -0.8369 -0.0811
vn -0.6704 -0.7289 0.1390
vn -0.4572 -0.8101 0.3669
vn -0.1628 -0.6497 0.7426
vn -0.0693 -0.0598 0.9958
vn -0.3892 -0.6233 0.6783
vn -0.8216 -0.5609 0.1015
vn -0.8566 -0.4718 -0.2090
vn -0.6972 -0.3636 -0.6178
vn -0.4631 -0.2023 -0.8629
vn -0.4942 -0.4166 0.7630
vn 0.3846 -0.5445 0.7454
vn 0.2731 -0.9490 0.1573
vn 0.3082 -0.9382 0.1574
vn 0.3600 -0.5641 0.7431
vn 0.1499 0.0398 0.9879
vn 0.0735 -0.0553 0.9958
vn -0.3635 0.4069 0.8381
vn 0.0265 -0.7500 0.6609
vn -0.0180 -0.9552 0.2954
vn -0.5480 -0.7082 0.4451
vn -0.2110 -0.4239 0.8808
vn -0.5683 -0.2072 0.7963
vn -0.8669 -0.2294 0.4425
vn -0.8957 -0.4433 0.0364
vn -0.9239 -0.0927 -0.3713
vn -0.9232 0.2473 0.2944
vn -0.4431 0.2448 0.8624
vn -0.8653 0.4385 0.2430
vn -0.8652 0.0935 -0.4926
vn -0.4797 -0.3683 -0.7964
vn -0.5750 -0.5098 -0.6399
vn -0.6477 -0.7474 -0.1481
vn -0.2689 -0.9625 -0.0351
vn -0.0180 -0.9552 0.2953
vn 0.2730 -0.9491 0.1572
vn -0.1005 -0.9039 -0.4157
vn 0.3081 -0.9383 0.1573
vn -0.0181 -0.8659 -0.4998
vt 0.123505 0.068247
vt 0.121468 0.059073
vt 0.143604 0.055555
vt 0.109800 0.067598
vt 0.109482 0.058254
vt 0.091447 0.066094
vt 0.091532 0.057497
vt 0.064108 0.064703
vt 0.067596 0.056033
vt 0.053000 0.059435
vt 0.053882 0.043060
vt 0.045022 0.059239
vt 0.043873 0.069434
vt 0.038245 0.060061
vt 0.036588 0.070104
vt 0.030884 0.060763
vt 0.027638 0.069701
vt 0.021869 0.059507
vt 0.017023 0.065700
vt 0.015797 0.056882
vt 0.013253 0.054022
vt 0.011206 0.060378
vt 0.009781 0.055400
vt 0.008585 0.049063
vt 0.015411 0.049374
vt 0.013096 0.044659
vt 0.009543 0.042992
vt 0.014571 0.041401
vt 0.009932 0.037710
vt 0.019065 0.038235
vt 0.014653 0.032270
vt 0.027796 0.035522
vt 0.023513 0.028286
vt 0.036122 0.033814
vt 0.030447 0.026694
vt 0.042334 0.031990
vt 0.045446 0.044622
vt 0.049440 0.029192
vt 0.040161 0.045439
vt 0.031048 0.047172
vt 0.021836 0.048637
vt 0.017473 0.049265
vt 0.235912 0.111279
vt 0.242216 0.121509
vt 0.235336 0.118839
vt 0.233767 0.127069
vt 0.242502 0.129276
vt 0.235038 0.134487
vt 0.243581 0.134230
vt 0.241306 0.142680
vt 0.246661 0.140560
vt 0.249305 0.147554
vt 0.252065 0.145591
vt 0.259159 0.148411
vt 0.255510 0.144508
vt 0.253109 0.139094
vt 0.252809 0.132805
vt 0.252370 0.128092
vt 0.250953 0.119860
vt 0.263297 0.139759
vt 0.261259 0.145043
vt 0.266008 0.147226
vt 0.266584 0.149993
vt 0.274929 0.147229
vt 0.271656 0.143124
vt 0.282478 0.141893
vt 0.275508 0.137614
vt 0.286728 0.135027
vt 0.277512 0.131779
vt 0.288895 0.126261
vt 0.277388 0.122680
vt 0.286979 0.119071
vt 0.277758 0.112853
vt 0.287943 0.115013
vt 0.282752 0.103040
vt 0.331031 0.137420
vt 0.341034 0.138490
vt 0.333463 0.143809
vt 0.325097 0.134082
vt 0.320780 0.140372
vt 0.319166 0.129799
vt 0.314119 0.136910
vt 0.312271 0.124326
vt 0.307521 0.131582
vt 0.306476 0.116902
vt 0.302265 0.124688
vt 0.297246 0.119406
vt 0.295984 0.109932
vt 0.302578 0.103500
vt 0.295936 0.098004
vt 0.317480 0.102277
vt 0.313767 0.095420
vt 0.328816 0.094831
vt 0.312763 0.090026
vt 0.343006 0.132962
vt 0.355812 0.128320
vt 0.351166 0.135442
vt 0.333823 0.101211
vt 0.330242 0.107780
vt 0.342746 0.107912
vt 0.338004 0.115023
vt 0.351671 0.114066
vt 0.342366 0.121949
vt 0.356287 0.122096
vt 0.343325 0.128213
vt 0.336428 0.134891
vt 0.312075 0.108931
vt 0.321885 0.115285
vt 0.328549 0.122342
vt 0.332967 0.130925
vt 0.164072 0.160773
vt 0.166773 0.186302
vt 0.155256 0.172094
vt 0.174257 0.177495
vt 0.177812 0.151420
vt 0.182049 0.170870
vt 0.190980 0.180703
vt 0.190306 0.190941
vt 0.185715 0.182169
vt 0.181689 0.185936
vt 0.177299 0.191857
vt 0.193097 0.167360
vt 0.195566 0.181920
vt 0.209770 0.176718
vt 0.225291 0.163102
vt 0.231319 0.182040
vt 0.202838 0.169532
vt 0.213420 0.151149
vt 0.199004 0.195897
vt 0.206387 0.208993
vt 0.196114 0.202643
vt 0.197141 0.147055
vt 0.198855 0.185320
vt 0.212432 0.187906
vt 0.210590 0.198181
vt 0.229902 0.198787
vt 0.224643 0.211965
vt 0.200166 0.190558
vt 0.165273 0.160292
vt 0.165948 0.183575
vt 0.157677 0.170005
vt 0.172777 0.175704
vt 0.178460 0.149833
vt 0.181038 0.169362
vt 0.193399 0.145789
vt 0.192343 0.165879
vt 0.213133 0.149998
vt 0.202548 0.167909
vt 0.225525 0.160449
vt 0.209506 0.175583
vt 0.231879 0.180293
vt 0.213383 0.187457
vt 0.230702 0.196498
vt 0.212021 0.198063
vt 0.224666 0.209836
vt 0.208654 0.208368
vt 0.195236 0.203695
vt 0.188354 0.193644
vt 0.197504 0.197689
vt 0.198324 0.192423
vt 0.196842 0.187181
vt 0.193765 0.183867
vt 0.189462 0.182858
vt 0.184396 0.184430
vt 0.180331 0.187769
vt 0.176434 0.192788
vt 0.119673 0.045266
vt 0.117900 0.036622
vt 0.141534 0.034500
vt 0.142519 0.043844
vt 0.162364 0.033502
vt 0.163176 0.042844
vt 0.178342 0.032845
vt 0.177904 0.042791
vt 0.196259 0.032255
vt 0.196355 0.042745
vt 0.214842 0.032449
vt 0.214754 0.043637
vt 0.232755 0.033304
vt 0.232249 0.044878
vt 0.250294 0.033650
vt 0.249311 0.045918
vt 0.264278 0.034780
vt 0.264325 0.046730
vt 0.277720 0.035040
vt 0.277576 0.047214
vt 0.298736 0.034876
vt 0.296041 0.047613
vt 0.323867 0.034089
vt 0.328040 0.022777
vt 0.347230 0.015328
vt 0.343916 0.009370
vt 0.326170 0.012390
vt 0.300133 0.025437
vt 0.300279 0.015097
vt 0.279341 0.026938
vt 0.280628 0.015939
vt 0.264477 0.026347
vt 0.265188 0.015330
vt 0.250619 0.024979
vt 0.250601 0.013129
vt 0.233120 0.023501
vt 0.232950 0.011446
vt 0.215045 0.022530
vt 0.162144 0.023430
vt 0.178711 0.022340
vt 0.196611 0.022098
vt 0.215100 0.010066
vt 0.197402 0.009123
vt 0.179932 0.008701
vt 0.163510 0.009335
vt 0.142170 0.025454
vt 0.143529 0.012072
vt 0.118171 0.027773
vt 0.117407 0.016423
vt 0.100267 0.024457
vt 0.098363 0.015864
vt 0.081665 0.022543
vt 0.078863 0.012974
vt 0.056839 0.018020
vt 0.052719 0.008729
vt 0.040958 0.005529
vt 0.042695 0.014097
vt 0.061617 0.028483
vt 0.084570 0.029177
vt 0.103329 0.033181
vt 0.035468 0.024550
vt 0.066454 0.041546
vt 0.089045 0.041187
vt 0.107102 0.043252
vt 0.163369 0.053359
vt 0.177977 0.053127
vt 0.196427 0.054068
vt 0.214565 0.055713
vt 0.213454 0.064858
vt 0.231305 0.056980
vt 0.196821 0.062518
vt 0.177839 0.061411
vt 0.163449 0.061394
vt 0.144584 0.064705
vt 0.196489 0.071650
vt 0.178224 0.069803
vt 0.163648 0.070805
vt 0.145081 0.075458
vt 0.126356 0.077670
vt 0.109280 0.078234
vt 0.089835 0.077380
vt 0.063856 0.073834
vt 0.050351 0.074940
vt 0.047744 0.070349
vt 0.195898 0.077210
vt 0.212057 0.075009
vt 0.210739 0.081216
vt 0.179082 0.074787
vt 0.164126 0.075972
vt 0.145763 0.079909
vt 0.128030 0.084303
vt 0.106987 0.086072
vt 0.086099 0.085522
vt 0.063559 0.081623
vt 0.049002 0.080336
vt 0.062382 0.087273
vt 0.045468 0.084686
vt 0.041332 0.102048
vt 0.025181 0.097564
vt 0.045347 0.096845
vt 0.030544 0.091963
vt 0.055032 0.091168
vt 0.038181 0.087746
vt 0.086240 0.093103
vt 0.106816 0.091906
vt 0.131145 0.092057
vt 0.146509 0.084062
vt 0.164704 0.080133
vt 0.179425 0.078937
vt 0.108644 0.141064
vt 0.100991 0.138886
vt 0.107346 0.136416
vt 0.118799 0.139582
vt 0.114376 0.133577
vt 0.129100 0.133022
vt 0.101021 0.135110
vt 0.103002 0.139435
vt 0.096354 0.099579
vt 0.109070 0.097524
vt 0.123918 0.098268
vt 0.135466 0.102122
vt 0.123160 0.109851
vt 0.135216 0.114118
vt 0.122356 0.118566
vt 0.133537 0.124519
vt 0.119750 0.126961
vt 0.102389 0.130454
vt 0.101354 0.134770
vt 0.103762 0.124063
vt 0.106011 0.116851
vt 0.108064 0.108056
vt 0.096461 0.109414
vt 0.094391 0.116309
vt 0.093130 0.123384
vt 0.093835 0.129652
vt 0.096743 0.134672
vt 0.093769 0.136295
vt 0.087952 0.131099
vt 0.084728 0.123923
vt 0.084874 0.117055
vt 0.088705 0.109134
vt 0.087326 0.105153
vt 0.080817 0.103157
vt 0.071674 0.099770
vt 0.075143 0.108338
vt 0.061835 0.104413
vt 0.071618 0.113596
vt 0.058272 0.110669
vt 0.066916 0.121071
vt 0.052690 0.117125
vt 0.057873 0.127770
vt 0.045966 0.121137
vt 0.047526 0.129873
vt 0.040923 0.122835
vt 0.039183 0.128375
vt 0.033552 0.122941
vt 0.035405 0.117788
vt 0.026360 0.118843
vt 0.034904 0.114077
vt 0.022665 0.112998
vt 0.037397 0.107908
vt 0.022199 0.105093
vt 0.174106 0.178777
vt 0.185712 0.182878
vt 0.181071 0.186701
vt 0.182168 0.172176
vt 0.191559 0.180804
vt 0.190485 0.191767
vt 0.176269 0.192287
vt 0.166563 0.186826
vt 0.157271 0.171934
vt 0.165727 0.160985
vt 0.177183 0.152424
vt 0.193885 0.167356
vt 0.196200 0.181688
vt 0.199391 0.185297
vt 0.200720 0.191426
vt 0.199777 0.197331
vt 0.197254 0.204209
vt 0.206909 0.209737
vt 0.210401 0.199310
vt 0.212157 0.188947
vt 0.210024 0.176298
vt 0.203572 0.168767
vt 0.196926 0.146773
vt 0.213920 0.150607
vt 0.225576 0.163460
vt 0.230561 0.183254
vt 0.229061 0.197623
vt 0.224374 0.210368
vt 0.039009 0.451302
vt 0.010560 0.425631
vt 0.037168 0.420764
vt 0.012941 0.458947
vt 0.043528 0.484724
vt 0.019393 0.495280
vt 0.047721 0.508567
vt 0.025905 0.521302
vt 0.051634 0.530353
vt 0.033325 0.543758
vt 0.055487 0.548907
vt 0.040980 0.561001
vt 0.045438 0.572382
vt 0.057772 0.564823
vt 0.074845 0.538000
vt 0.075832 0.554569
vt 0.093591 0.530707
vt 0.092108 0.548145
vt 0.108662 0.528725
vt 0.106998 0.545338
vt 0.071225 0.499438
vt 0.069105 0.475894
vt 0.093635 0.492963
vt 0.072866 0.519929
vt 0.093759 0.513579
vt 0.109138 0.511303
vt 0.109111 0.490060
vt 0.124377 0.511085
vt 0.123255 0.489293
vt 0.138327 0.510965
vt 0.138065 0.488977
vt 0.153754 0.511891
vt 0.154172 0.489986
vt 0.168676 0.512644
vt 0.169613 0.490616
vt 0.182424 0.514474
vt 0.184156 0.492295
vt 0.196196 0.517306
vt 0.123694 0.528934
vt 0.138182 0.529217
vt 0.152648 0.530008
vt 0.167091 0.531304
vt 0.180146 0.533377
vt 0.193530 0.536042
vt 0.207355 0.539586
vt 0.210278 0.521209
vt 0.224901 0.544827
vt 0.228131 0.527255
vt 0.122328 0.544640
vt 0.137366 0.544719
vt 0.152098 0.545165
vt 0.166426 0.545890
vt 0.178736 0.547751
vt 0.191289 0.549354
vt 0.205931 0.551535
vt 0.223639 0.554975
vt 0.235102 0.548712
vt 0.271483 0.573029
vt 0.265747 0.583834
vt 0.255967 0.572563
vt 0.307012 0.400711
vt 0.311075 0.380858
vt 0.327990 0.409314
vt 0.325008 0.429595
vt 0.302803 0.419998
vt 0.319852 0.455667
vt 0.296608 0.444509
vt 0.312562 0.485760
vt 0.289619 0.473261
vt 0.301994 0.518028
vt 0.280711 0.504380
vt 0.291064 0.538674
vt 0.272384 0.524982
vt 0.280004 0.556710
vt 0.264283 0.544149
vt 0.258546 0.561342
vt 0.241354 0.562271
vt 0.242786 0.552489
vt 0.233825 0.558549
vt 0.238840 0.531413
vt 0.247357 0.535087
vt 0.253407 0.514672
vt 0.284371 0.307823
vt 0.278296 0.334281
vt 0.268902 0.298157
vt 0.319916 0.338887
vt 0.337257 0.355122
vt 0.333043 0.370443
vt 0.315426 0.357896
vt 0.330405 0.390249
vt 0.259377 0.493322
vt 0.266575 0.461599
vt 0.272550 0.432071
vt 0.278127 0.407265
vt 0.282132 0.389186
vt 0.286918 0.368703
vt 0.292862 0.343300
vt 0.298531 0.319511
vt 0.272249 0.359984
vt 0.267337 0.381091
vt 0.263502 0.399450
vt 0.259162 0.425008
vt 0.254274 0.455655
vt 0.248224 0.488335
vt 0.243619 0.510437
vt 0.231721 0.505737
vt 0.234876 0.482556
vt 0.239830 0.448968
vt 0.243981 0.417942
vt 0.247584 0.391847
vt 0.251456 0.372586
vt 0.256276 0.351303
vt 0.262289 0.325827
vt 0.248021 0.289701
vt 0.240730 0.317064
vt 0.235495 0.341983
vt 0.231606 0.363252
vt 0.228102 0.384094
vt 0.224516 0.410420
vt 0.220263 0.440861
vt 0.215887 0.475080
vt 0.205713 0.436071
vt 0.209718 0.405858
vt 0.213061 0.379362
vt 0.216240 0.357737
vt 0.219818 0.336542
vt 0.224879 0.313340
vt 0.232954 0.287535
vt 0.214323 0.286283
vt 0.207341 0.309660
vt 0.202516 0.332145
vt 0.198890 0.353478
vt 0.195925 0.375684
vt 0.192960 0.402608
vt 0.178878 0.373439
vt 0.181250 0.350656
vt 0.184430 0.328513
vt 0.188700 0.305111
vt 0.194201 0.281664
vt 0.171880 0.272552
vt 0.167746 0.298762
vt 0.164483 0.325203
vt 0.162056 0.349204
vt 0.142751 0.323550
vt 0.144786 0.293610
vt 0.147276 0.265331
vt 0.121748 0.266832
vt 0.121767 0.296094
vt 0.098902 0.272413
vt 0.213164 0.499239
vt 0.201480 0.470427
vt 0.189853 0.433147
vt 0.176213 0.400722
vt 0.160396 0.372593
vt 0.140983 0.349640
vt 0.121890 0.327550
vt 0.101051 0.302530
vt 0.081807 0.279846
vt 0.198787 0.494990
vt 0.186250 0.467641
vt 0.173901 0.431415
vt 0.158254 0.399827
vt 0.139827 0.373256
vt 0.121546 0.353676
vt 0.103059 0.333857
vt 0.083926 0.309499
vt 0.171033 0.465956
vt 0.156865 0.430333
vt 0.138392 0.399675
vt 0.121363 0.376103
vt 0.103762 0.358842
vt 0.086042 0.339800
vt 0.062881 0.318031
vt 0.062366 0.289849
vt 0.154925 0.465119
vt 0.138142 0.429250
vt 0.121257 0.401069
vt 0.104126 0.379853
vt 0.086956 0.363490
vt 0.063456 0.347005
vt 0.137610 0.463840
vt 0.122012 0.429458
vt 0.105372 0.403719
vt 0.087453 0.383631
vt 0.063766 0.369222
vt 0.122742 0.463773
vt 0.106859 0.431245
vt 0.089531 0.407462
vt 0.063938 0.388942
vt 0.108304 0.464969
vt 0.091128 0.435071
vt 0.065596 0.413971
vt 0.066777 0.442833
vt 0.092750 0.468479
vt 0.039053 0.306329
vt 0.038486 0.329672
vt 0.037601 0.354551
vt 0.036924 0.374797
vt 0.036523 0.394506
vt 0.013194 0.319872
vt 0.013276 0.337347
vt 0.012916 0.357773
vt 0.011958 0.377036
vt 0.010932 0.397764
vt 0.222439 0.099110
vt 0.231937 0.108263
vt 0.229942 0.110206
vt 0.215636 0.106831
vt 0.204167 0.099021
vt 0.201836 0.104163
vt 0.190935 0.101156
vt 0.195560 0.121447
vt 0.203016 0.127307
vt 0.195526 0.126066
vt 0.188124 0.122793
vt 0.227358 0.116643
vt 0.211918 0.111536
vt 0.198645 0.109471
vt 0.189154 0.107596
vt 0.187071 0.113713
vt 0.179450 0.113294
vt 0.182015 0.118013
vt 0.187202 0.117523
vt 0.192432 0.118012
vt 0.201268 0.119409
vt 0.212418 0.126461
vt 0.206694 0.116162
vt 0.221472 0.122231
vt 0.195373 0.114258
vt 0.379423 0.053183
vt 0.385603 0.052710
vt 0.384650 0.059931
vt 0.384058 0.045364
vt 0.354397 0.036606
vt 0.363717 0.024717
vt 0.363093 0.038943
vt 0.372590 0.031318
vt 0.371470 0.043757
vt 0.380322 0.039285
vt 0.376123 0.048343
vt 0.375343 0.056979
vt 0.374233 0.062990
vt 0.379080 0.067194
vt 0.369493 0.063700
vt 0.373210 0.070707
vt 0.364190 0.063957
vt 0.365795 0.072448
vt 0.356501 0.063642
vt 0.357085 0.072390
vt 0.349859 0.063557
vt 0.368901 0.054793
vt 0.363931 0.052868
vt 0.356527 0.050636
vt 0.350597 0.049763
vt 0.338177 0.049007
vt 0.337035 0.063194
vt 0.326508 0.048415
vt 0.322929 0.064341
vt 0.313249 0.062647
vt 0.316290 0.049917
vt 0.293848 0.060954
vt 0.333467 0.034407
vt 0.344435 0.034481
vt 0.248174 0.058460
vt 0.263994 0.059279
vt 0.276966 0.059732
vt 0.357107 0.021504
vt 0.348147 0.072206
vt 0.340695 0.072704
vt 0.333048 0.075334
vt 0.312391 0.072629
vt 0.292693 0.072975
vt 0.276685 0.072390
vt 0.263944 0.071810
vt 0.246590 0.070814
vt 0.229531 0.068193
vt 0.329808 0.082909
vt 0.328546 0.089525
vt 0.311973 0.082049
vt 0.292675 0.083225
vt 0.277826 0.084980
vt 0.264186 0.084346
vt 0.243805 0.082727
vt 0.226853 0.079205
vt 0.294123 0.092443
vt 0.279256 0.095514
vt 0.264408 0.092804
vt 0.242767 0.089695
vt 0.225059 0.087393
vt 0.264539 0.098223
vt 0.245703 0.096475
vt 0.264183 0.107610
vt 0.263945 0.118876
vt 0.264638 0.128274
vt 0.264178 0.133497
vt 0.195147 0.081156
vt 0.209352 0.085843
vt 0.227448 0.095975
vt 0.251770 0.105251
vt 0.136192 0.099553
vt 0.137963 0.098568
vt 0.241923 0.106779
vt 0.137045 0.092785
vt 0.139000 0.101216
vt 0.148459 0.087169
vt 0.166056 0.084738
vt 0.179177 0.084257
vt 0.194452 0.086113
vt 0.207497 0.090910
vt 0.192264 0.095197
vt 0.179450 0.093439
vt 0.168461 0.092514
vt 0.179933 0.099632
vt 0.170164 0.098001
vt 0.156181 0.100746
vt 0.153300 0.095025
vt 0.171509 0.105760
vt 0.159407 0.107720
vt 0.161535 0.112041
vt 0.144681 0.098524
vt 0.146795 0.104221
vt 0.149822 0.110917
vt 0.153976 0.115468
vt 0.158526 0.118090
vt 0.163205 0.115545
vt 0.171469 0.110976
vt 0.180422 0.106550
vt 0.169205 0.115684
vt 0.156423 0.120909
vt 0.149244 0.119481
vt 0.142365 0.114601
vt 0.139155 0.107427
vt 0.172726 0.117821
vt 0.164729 0.161309
vt 0.166928 0.186166
vt 0.156387 0.171684
vt 0.174602 0.177480
vt 0.178626 0.151351
vt 0.182625 0.170874
vt 0.197924 0.146677
vt 0.181938 0.186174
vt 0.177264 0.192073
vt 0.190490 0.191335
vt 0.186121 0.182490
vt 0.191364 0.181014
vt 0.195834 0.182196
vt 0.199042 0.185490
vt 0.209994 0.176609
vt 0.203386 0.169291
vt 0.193722 0.167259
vt 0.214226 0.150815
vt 0.225661 0.162773
vt 0.231156 0.181853
vt 0.212518 0.187958
vt 0.200256 0.190751
vt 0.199157 0.196221
vt 0.196317 0.203243
vt 0.206614 0.209396
vt 0.210530 0.198319
vt 0.224525 0.211586
vt 0.229482 0.199029
s 1
g ValveBiped.Bip01_L_Hand
g BraIzqPo_PoMaterial
usemtl PoMaterial
f 515/1/1 527/2/2 519/3/3
f 514/4/4 527/2/2 515/1/1
f 514/4/4 529/5/5 527/2/2
f 513/6/6 529/5/5 514/4/4
f 513/6/6 531/7/7 529/5/5
f 512/8/8 531/7/7 513/6/6
f 512/8/8 533/9/9 531/7/7
f 511/10/10 533/9/9 512/8/8
g ValveBiped.Bip01_L_Finger0
f 535/11/11 533/9/9 511/10/10
f 511/10/10 692/12/12 535/11/11
g ValveBiped.Bip01_L_Finger01
f 511/10/10 509/13/13 692/12/12
f 691/14/14 692/12/12 509/13/13
f 691/14/14 509/13/13 717/15/15
f 691/14/14 717/15/15 695/16/16
f 695/16/16 717/15/15 716/17/17
f 695/16/16 716/17/17 697/18/18
f 697/18/18 716/17/17 714/19/19
f 697/18/18 714/19/19 699/20/20
f 712/21/21 713/22/22 715/23/23
f 712/21/21 715/23/23 711/24/24
f 699/20/20 714/19/19 713/22/22
f 699/20/20 713/22/22 712/21/21
f 700/25/25 699/20/20 712/21/21
f 712/21/21 711/24/24 700/25/25
f 700/25/25 711/24/24 701/26/26
f 701/26/26 711/24/24 710/27/27
f 701/26/26 710/27/27 702/28/28
f 702/28/28 710/27/27 709/29/29
f 702/28/28 709/29/29 703/30/30
f 703/30/30 709/29/29 708/31/31
f 703/30/30 708/31/31 704/32/32
f 704/32/32 708/31/31 707/33/33
f 704/32/32 707/33/33 705/34/34
f 705/34/34 707/33/33 544/35/35
f 705/34/34 544/35/35 542/36/36
f 705/34/34 542/36/36 706/37/37
f 536/38/38 706/37/37 542/36/36
g ValveBiped.Bip01_L_Finger0
f 535/11/11 706/37/37 536/38/38
g ValveBiped.Bip01_L_Finger01
f 535/11/11 692/12/12 706/37/37
f 693/39/39 706/37/37 692/12/12
f 705/34/34 706/37/37 693/39/39
f 705/34/34 693/39/39 704/32/32
f 704/32/32 693/39/39 694/40/40
f 704/32/32 694/40/40 703/30/30
f 703/30/30 694/40/40 696/41/41
f 703/30/30 696/41/41 702/28/28
f 702/28/28 696/41/41 698/42/42
f 702/28/28 698/42/42 701/26/26
f 701/26/26 698/42/42 700/25/25
f 700/25/25 698/42/42 699/20/20
f 699/20/20 698/42/42 697/18/18
f 697/18/18 698/42/42 696/41/41
f 697/18/18 696/41/41 695/16/16
f 695/16/16 696/41/41 694/40/40
f 695/16/16 694/40/40 691/14/14
f 691/14/14 694/40/40 693/39/39
f 693/39/39 692/12/12 691/14/14
g ValveBiped.Bip01_L_Finger21
f 68/43/43 66/44/44 690/45/45
f 690/45/45 66/44/44 689/46/46
f 689/46/46 66/44/44 78/47/47
f 689/46/46 78/47/47 688/48/48
f 688/48/48 78/47/47 683/49/49
f 688/48/48 683/49/49 687/50/50
f 687/50/50 683/49/49 684/51/51
f 687/50/50 684/51/51 686/52/52
f 686/52/52 684/51/51 685/53/53
f 686/52/52 685/53/53 681/54/54
f 681/54/54 685/53/53 682/55/55
f 682/55/55 685/53/53 84/56/56
f 84/56/56 685/53/53 684/51/51
f 84/56/56 684/51/51 86/57/57
f 86/57/57 684/51/51 683/49/49
f 86/57/57 683/49/49 88/58/58
f 88/58/58 683/49/49 78/47/47
f 88/58/58 78/47/47 79/59/59
f 85/60/60 682/55/55 84/56/56
f 99/61/61 682/55/55 85/60/60
f 681/54/54 682/55/55 99/61/61
f 99/61/61 97/62/62 681/54/54
f 681/54/54 97/62/62 680/63/63
f 680/63/63 97/62/62 679/64/64
f 679/64/64 97/62/62 98/65/65
f 679/64/64 98/65/65 678/66/66
f 678/66/66 98/65/65 100/67/67
f 678/66/66 100/67/67 677/68/68
f 677/68/68 100/67/67 101/69/69
f 677/68/68 101/69/69 676/70/70
f 676/70/70 101/69/69 102/71/71
f 676/70/70 102/71/71 675/72/72
g ValveBiped.Bip01_L_Finger2
f 675/72/72 102/71/71 103/73/73
f 675/72/72 103/73/73 674/74/74
g ValveBiped.Bip01_L_Finger1
f 674/74/74 103/73/73 106/75/75
g ValveBiped.Bip01_L_Finger11
f 654/76/76 660/77/77 673/78/78
f 654/76/76 673/78/78 655/79/79
f 655/79/79 673/78/78 672/80/80
f 655/79/79 672/80/80 656/81/81
f 656/81/81 672/80/80 671/82/82
f 656/81/81 671/82/82 657/83/83
f 657/83/83 671/82/82 670/84/84
f 657/83/83 670/84/84 658/85/85
f 658/85/85 670/84/84 669/86/86
f 658/85/85 669/86/86 668/87/87
g ValveBiped.Bip01_L_Finger1
f 658/85/85 668/87/87 659/88/88
f 659/88/88 668/87/87 106/75/75
f 106/75/75 643/89/89 659/88/88
f 107/90/90 643/89/89 106/75/75
f 645/91/91 643/89/89 107/90/90
f 118/92/92 645/91/91 107/90/90
f 118/92/92 130/93/93 645/91/91
f 117/94/94 130/93/93 118/92/92
g ValveBiped.Bip01_L_Finger11
f 661/95/95 662/96/96 667/97/97
f 661/95/95 667/97/97 660/77/77
g ValveBiped.Bip01_L_Finger1
f 645/91/91 130/93/93 666/98/98
f 645/91/91 666/98/98 646/99/99
g ValveBiped.Bip01_L_Finger11
f 646/99/99 666/98/98 665/100/100
f 646/99/99 665/100/100 648/101/101
f 648/101/101 665/100/100 664/102/102
f 648/101/101 664/102/102 650/103/103
f 650/103/103 664/102/102 663/104/104
f 650/103/103 663/104/104 652/105/105
f 652/105/105 663/104/104 662/96/96
f 652/105/105 662/96/96 661/95/95
f 653/106/106 652/105/105 661/95/95
f 661/95/95 660/77/77 653/106/106
f 653/106/106 660/77/77 654/76/76
g ValveBiped.Bip01_L_Finger1
f 659/88/88 643/89/89 658/85/85
g ValveBiped.Bip01_L_Finger11
f 658/85/85 643/89/89 644/107/107
f 658/85/85 644/107/107 657/83/83
f 657/83/83 644/107/107 647/108/108
f 657/83/83 647/108/108 656/81/81
f 656/81/81 647/108/108 649/109/109
f 656/81/81 649/109/109 655/79/79
f 655/79/79 649/109/109 651/110/110
f 655/79/79 651/110/110 654/76/76
f 654/76/76 651/110/110 653/106/106
f 653/106/106 651/110/110 652/105/105
f 652/105/105 651/110/110 650/103/103
f 650/103/103 651/110/110 649/109/109
f 650/103/103 649/109/109 648/101/101
f 648/101/101 649/109/109 647/108/108
f 648/101/101 647/108/108 646/99/99
f 646/99/99 647/108/108 644/107/107
f 646/99/99 644/107/107 645/91/91
g ValveBiped.Bip01_L_Finger1
f 645/91/91 644/107/107 643/89/89
g ValveBiped.Bip01_L_Finger21
f 641/111/111 639/112/112 642/113/113
f 637/114/114 639/112/112 641/111/111
f 632/115/115 637/114/114 641/111/111
f 631/116/116 637/114/114 632/115/115
f 635/117/117 620/118/118 636/119/119
f 636/119/119 620/118/118 638/120/120
f 638/120/120 620/118/118 640/121/121
f 638/120/120 640/121/121 639/112/112
f 638/120/120 639/112/112 637/114/114
f 636/119/119 638/120/120 637/114/114
f 636/119/119 637/114/114 631/116/116
f 635/117/117 636/119/119 631/116/116
f 635/117/117 631/116/116 628/122/122
f 628/122/122 619/123/123 635/117/117
f 619/123/123 620/118/118 635/117/117
f 626/124/124 634/125/125 625/126/126
f 627/127/127 634/125/125 626/124/124
f 627/127/127 629/128/128 634/125/125
f 621/129/129 622/130/112 633/131/130
f 621/129/129 633/131/130 620/118/118
f 630/132/131 631/116/116 632/115/115
f 628/122/122 631/116/116 630/132/131
f 628/122/122 630/132/131 629/128/128
f 628/122/122 629/128/128 627/127/127
f 627/127/127 619/123/123 628/122/122
f 626/124/124 619/123/123 627/127/127
f 626/124/124 617/133/132 619/123/123
f 626/124/124 616/134/133 617/133/132
f 626/124/124 625/126/126 616/134/133
f 618/135/134 616/134/133 625/126/126
f 618/135/134 625/126/126 624/136/135
f 618/135/134 624/136/135 623/137/136
f 618/135/134 623/137/136 622/130/112
f 618/135/134 622/130/112 621/129/129
f 621/129/129 615/138/137 618/135/134
f 621/129/129 620/118/118 615/138/137
f 615/138/137 620/118/118 617/133/132
f 617/133/132 620/118/118 619/123/123
f 618/135/134 615/138/137 616/134/133
f 617/133/132 616/134/133 615/138/137
g ValveBiped.Bip01_L_Finger01
f 613/139/138 601/140/139 614/141/140
f 613/139/138 599/142/141 601/140/139
f 612/143/142 599/142/141 613/139/138
f 612/143/142 597/144/143 599/142/141
f 611/145/144 597/144/143 612/143/142
f 611/145/144 595/146/145 597/144/143
f 610/147/146 595/146/145 611/145/144
f 610/147/146 593/148/147 595/146/145
f 609/149/148 593/148/147 610/147/146
f 609/149/148 591/150/149 593/148/147
f 608/151/150 591/150/149 609/149/148
f 608/151/150 589/152/151 591/150/149
f 607/153/152 589/152/151 608/151/150
f 607/153/152 588/154/153 589/152/151
f 606/155/154 588/154/153 607/153/152
f 605/156/155 588/154/153 606/155/154
f 604/157/156 588/154/153 605/156/155
f 603/158/157 587/159/158 604/157/159
f 590/160/160 587/159/158 603/158/157
f 592/161/161 590/160/160 603/158/157
f 592/161/161 603/158/157 594/162/162
f 594/162/162 603/158/157 596/163/163
f 596/163/163 603/158/157 598/164/164
f 598/164/164 603/158/157 600/165/165
f 600/165/165 603/158/157 602/166/166
f 600/165/165 602/166/166 601/140/139
f 600/165/165 601/140/139 599/142/141
f 600/165/165 599/142/141 598/164/164
f 598/164/164 599/142/141 597/144/143
f 598/164/164 597/144/143 596/163/163
f 596/163/163 597/144/143 595/146/145
f 596/163/163 595/146/145 594/162/162
f 594/162/162 595/146/145 593/148/147
f 594/162/162 593/148/147 592/161/161
f 592/161/161 593/148/147 591/150/149
f 592/161/161 591/150/149 590/160/160
f 590/160/160 591/150/149 589/152/151
f 589/152/151 587/159/158 590/160/160
f 589/152/151 588/154/153 587/159/158
g ValveBiped.Bip01_L_Hand
f 528/167/167 537/168/168 547/169/169
f 528/167/167 547/169/169 526/170/170
f 526/170/170 547/169/169 580/171/171
f 526/170/170 580/171/171 525/172/172
f 525/172/172 580/171/171 579/173/173
f 525/172/172 579/173/173 524/174/174
f 524/174/174 579/173/173 578/175/175
f 524/174/174 578/175/175 523/176/176
f 523/176/176 578/175/175 577/177/177
f 523/176/176 577/177/177 158/178/178
f 158/178/178 577/177/177 575/179/179
f 158/178/178 575/179/179 156/180/180
f 156/180/180 575/179/179 573/181/181
f 156/180/180 573/181/181 155/182/182
f 155/182/182 573/181/181 571/183/183
f 155/182/182 571/183/183 154/184/184
f 154/184/184 571/183/183 569/185/185
f 154/184/184 569/185/185 153/186/186
f 568/187/187 153/186/186 569/185/185
f 152/188/188 153/186/186 568/187/187
f 568/187/187 150/189/189 152/188/188
f 568/187/187 566/190/190 150/189/189
g ValveBiped.Bip01_L_Finger0
f 148/191/191 150/189/189 566/190/190
g ValveBiped.Bip01_L_Forearm
f 148/191/191 566/190/190 586/192/192
f 566/190/190 585/193/193 586/192/192
g ValveBiped.Bip01_L_Hand
f 567/194/194 585/193/193 566/190/190
g ValveBiped.Bip01_L_Forearm
f 567/194/194 584/195/195 585/193/193
g ValveBiped.Bip01_L_Hand
f 567/194/194 570/196/196 584/195/195
g ValveBiped.Bip01_L_Forearm
f 584/195/195 570/196/196 583/197/197
g ValveBiped.Bip01_L_Hand
f 583/197/197 570/196/196 572/198/198
g ValveBiped.Bip01_L_Forearm
f 583/197/197 572/198/198 582/199/199
g ValveBiped.Bip01_L_Hand
f 582/199/199 572/198/198 574/200/200
g ValveBiped.Bip01_L_Forearm
f 582/199/199 574/200/200 581/201/201
g ValveBiped.Bip01_L_Hand
f 581/201/201 574/200/200 576/202/202
g ValveBiped.Bip01_L_Forearm
f 581/201/201 576/202/202 565/203/203
g ValveBiped.Bip01_L_Hand
f 565/203/203 576/202/202 564/204/204
f 547/169/169 545/205/205 580/171/171
f 580/171/171 545/205/205 560/206/206
f 580/171/171 560/206/206 579/173/173
f 579/173/173 560/206/206 562/207/207
f 579/173/173 562/207/207 578/175/175
f 578/175/175 562/207/207 564/204/204
f 578/175/175 564/204/204 577/177/177
f 577/177/177 564/204/204 576/202/202
f 577/177/177 576/202/202 575/179/179
f 575/179/179 576/202/202 574/200/200
f 575/179/179 574/200/200 573/181/181
f 573/181/181 574/200/200 572/198/198
f 573/181/181 572/198/198 571/183/183
f 571/183/183 572/198/198 570/196/196
f 571/183/183 570/196/196 569/185/185
f 569/185/185 570/196/196 567/194/194
f 568/187/187 569/185/185 567/194/194
f 568/187/187 567/194/194 566/190/190
g ValveBiped.Bip01_L_Forearm
f 565/203/203 564/204/204 563/208/208
g ValveBiped.Bip01_L_Hand
f 563/208/208 564/204/204 562/207/207
g ValveBiped.Bip01_L_Forearm
f 563/208/208 562/207/207 561/209/209
g ValveBiped.Bip01_L_Hand
f 561/209/209 562/207/207 560/206/206
g ValveBiped.Bip01_L_Forearm
f 561/209/209 560/206/206 559/210/210
g ValveBiped.Bip01_L_Hand
f 559/210/210 560/206/206 545/205/205
g ValveBiped.Bip01_L_Forearm
f 559/210/210 545/205/205 558/211/211
g ValveBiped.Bip01_L_Hand
f 558/211/211 545/205/205 546/212/212
g ValveBiped.Bip01_L_Forearm
f 558/211/211 546/212/212 557/213/213
g ValveBiped.Bip01_L_Hand
f 557/213/213 546/212/212 548/214/214
g ValveBiped.Bip01_L_Forearm
f 557/213/213 548/214/214 556/215/215
g ValveBiped.Bip01_L_Hand
f 556/215/215 548/214/214 549/216/216
g ValveBiped.Bip01_L_Forearm
f 556/215/215 549/216/216 555/217/217
g ValveBiped.Bip01_L_Hand
f 555/217/217 549/216/216 550/218/218
g ValveBiped.Bip01_L_Forearm
f 550/218/218 554/219/219 555/217/217
g ValveBiped.Bip01_L_Hand
f 551/220/220 554/219/219 550/218/218
g ValveBiped.Bip01_L_Forearm
f 551/220/220 553/221/221 554/219/219
f 552/222/222 553/221/221 551/220/220
f 552/222/222 551/220/220 541/223/223
g ValveBiped.Bip01_L_Hand
f 541/223/223 551/220/220 540/224/224
f 550/218/218 540/224/224 551/220/220
f 539/225/225 540/224/224 550/218/218
f 550/218/218 549/216/216 539/225/225
f 539/225/225 549/216/216 538/226/226
f 538/226/226 549/216/216 548/214/214
f 538/226/226 548/214/214 537/168/168
f 537/168/168 548/214/214 546/212/212
f 537/168/168 546/212/212 547/169/169
f 547/169/169 546/212/212 545/205/205
g ValveBiped.Bip01_L_Finger01
f 542/36/36 544/35/35 543/227/227
f 541/223/223 542/36/36 543/227/227
g ValveBiped.Bip01_L_Finger0
f 536/38/38 542/36/36 541/223/223
f 541/223/223 540/224/224 536/38/38
g ValveBiped.Bip01_L_Hand
f 536/38/38 540/224/224 534/228/228
f 539/225/225 534/228/228 540/224/224
f 532/229/229 534/228/228 539/225/225
f 532/229/229 539/225/225 538/226/226
f 532/229/229 538/226/226 530/230/230
f 530/230/230 538/226/226 537/168/168
f 530/230/230 537/168/168 528/167/167
g ValveBiped.Bip01_L_Finger0
f 536/38/38 534/228/228 535/11/11
g ValveBiped.Bip01_L_Hand
f 535/11/11 534/228/228 533/9/9
f 532/229/229 533/9/9 534/228/228
f 532/229/229 531/7/7 533/9/9
f 530/230/230 531/7/7 532/229/229
f 530/230/230 529/5/5 531/7/7
f 528/167/167 529/5/5 530/230/230
f 528/167/167 527/2/2 529/5/5
f 526/170/170 527/2/2 528/167/167
f 526/170/170 519/3/3 527/2/2
f 525/172/172 519/3/3 526/170/170
f 525/172/172 520/231/231 519/3/3
f 524/174/174 520/231/231 525/172/172
f 524/174/174 521/232/232 520/231/231
f 523/176/176 521/232/232 524/174/174
f 523/176/176 522/233/233 521/232/232
f 158/178/178 522/233/233 523/176/176
f 158/178/178 157/234/234 522/233/233
f 119/235/235 157/234/234 132/236/236
f 119/235/235 120/237/237 157/234/234
f 522/233/233 157/234/234 120/237/237
f 522/233/233 120/237/237 518/238/238
f 518/238/238 521/232/232 522/233/233
f 517/239/239 521/232/232 518/238/238
f 517/239/239 520/231/231 521/232/232
f 516/240/240 520/231/231 517/239/239
f 516/240/240 519/3/3 520/231/231
f 515/1/1 519/3/3 516/240/240
g ValveBiped.Bip01_L_Finger3
f 121/241/241 508/242/242 120/237/237
g ValveBiped.Bip01_L_Hand
f 518/238/238 120/237/237 508/242/242
g ValveBiped.Bip01_L_Finger3
f 518/238/238 508/242/242 507/243/243
g ValveBiped.Bip01_L_Hand
f 507/243/243 517/239/239 518/238/238
g ValveBiped.Bip01_L_Finger3
f 506/244/244 517/239/239 507/243/243
g ValveBiped.Bip01_L_Hand
f 506/244/244 516/240/240 517/239/239
f 505/245/245 516/240/240 506/244/244
f 505/245/245 515/1/1 516/240/240
f 504/246/246 515/1/1 505/245/245
f 504/246/246 514/4/4 515/1/1
f 503/247/247 514/4/4 504/246/246
f 503/247/247 513/6/6 514/4/4
g ValveBiped.Bip01_L_Finger1
f 502/248/248 513/6/6 503/247/247
g ValveBiped.Bip01_L_Hand
f 512/8/8 513/6/6 502/248/248
g ValveBiped.Bip01_L_Finger1
f 502/248/248 501/249/249 512/8/8
g ValveBiped.Bip01_L_Hand
f 512/8/8 501/249/249 510/250/250
g ValveBiped.Bip01_L_Finger0
f 512/8/8 510/250/250 511/10/10
f 511/10/10 510/250/250 509/13/13
g ValveBiped.Bip01_L_Finger3
f 95/251/251 111/252/252 94/253/253
f 95/251/251 121/241/241 111/252/252
f 95/251/251 96/254/254 121/241/241
f 96/254/254 508/242/242 121/241/241
f 96/254/254 490/255/255 508/242/242
f 507/243/243 508/242/242 490/255/255
f 507/243/243 490/255/255 491/256/256
f 491/256/256 506/244/244 507/243/243
f 492/257/257 506/244/244 491/256/256
g ValveBiped.Bip01_L_Hand
f 492/257/257 505/245/245 506/244/244
f 493/258/258 505/245/245 492/257/257
f 493/258/258 504/246/246 505/245/245
f 494/259/259 504/246/246 493/258/258
g ValveBiped.Bip01_L_Finger1
f 494/259/259 503/247/247 504/246/246
f 500/260/260 503/247/247 494/259/259
f 502/248/248 503/247/247 500/260/260
f 500/260/260 499/261/261 502/248/248
f 502/248/248 499/261/261 501/249/249
f 500/260/260 494/259/259 495/262/262
f 495/262/262 496/263/263 500/260/260
f 500/260/260 496/263/263 499/261/261
g ValveBiped.Bip01_L_Finger11
f 437/264/264 445/265/102 435/266/265
f 435/266/265 445/265/102 498/267/266
f 435/266/265 498/267/266 434/268/267
g ValveBiped.Bip01_L_Finger1
f 434/268/267 498/267/266 497/269/98
f 434/268/267 497/269/98 496/263/263
f 434/268/267 496/263/263 495/262/262
f 495/262/262 433/270/268 434/268/267
f 495/262/262 494/259/259 433/270/268
f 484/271/269 433/270/268 494/259/259
g ValveBiped.Bip01_L_Finger2
f 484/271/269 494/259/259 493/258/258
f 484/271/269 493/258/258 76/272/270
g ValveBiped.Bip01_L_Hand
f 76/272/270 493/258/258 492/257/257
f 76/272/270 492/257/257 491/256/256
g ValveBiped.Bip01_L_Finger3
f 491/256/256 75/273/271 76/272/270
f 491/256/256 490/255/255 75/273/271
f 74/274/272 75/273/271 490/255/255
f 74/274/272 490/255/255 96/254/254
f 73/275/273 74/274/272 96/254/254
g ValveBiped.Bip01_L_Finger21
f 489/276/52 469/277/54 485/278/274
f 489/276/52 485/278/274 488/279/275
f 488/279/275 480/280/276 481/281/277
f 488/279/275 485/278/274 480/280/276
f 485/278/274 486/282/278 480/280/276
f 487/283/279 486/282/278 485/278/274
g ValveBiped.Bip01_L_Finger2
f 484/271/269 458/284/280 433/270/268
f 484/271/269 475/285/281 458/284/280
f 76/272/270 475/285/281 484/271/269
f 76/272/270 476/286/282 475/285/281
f 76/272/270 82/287/43 476/286/282
f 82/287/43 477/288/283 476/286/282
g ValveBiped.Bip01_L_Finger21
f 82/287/43 483/289/284 477/288/283
f 483/289/284 478/290/285 477/288/283
f 483/289/284 482/291/286 478/290/285
f 482/291/286 479/292/287 478/290/285
f 482/291/286 481/281/277 479/292/287
f 481/281/277 480/280/276 479/292/287
f 479/292/287 480/280/276 471/293/288
f 471/293/288 480/280/276 470/294/289
f 472/295/290 479/292/287 471/293/288
f 478/290/285 479/292/287 472/295/290
f 473/296/291 478/290/285 472/295/290
f 477/288/283 478/290/285 473/296/291
f 474/297/292 477/288/283 473/296/291
f 476/286/282 477/288/283 474/297/292
g ValveBiped.Bip01_L_Finger2
f 475/285/281 476/286/282 474/297/292
f 460/298/293 458/284/280 475/285/281
g ValveBiped.Bip01_L_Finger21
f 475/285/281 474/297/292 460/298/293
f 460/298/293 474/297/292 462/299/294
f 474/297/292 473/296/291 462/299/294
f 462/299/294 473/296/291 464/300/295
f 473/296/291 472/295/290 464/300/295
f 464/300/295 472/295/290 466/301/296
f 472/295/290 471/293/288 466/301/296
f 466/301/296 471/293/288 468/302/297
f 471/293/288 470/294/289 468/302/297
f 468/302/297 470/294/289 469/277/279
f 468/302/297 469/277/279 467/303/63
f 468/302/297 467/303/63 466/301/296
f 466/301/296 467/303/63 465/304/298
f 466/301/296 465/304/298 464/300/295
f 464/300/295 465/304/298 463/305/299
f 464/300/295 463/305/299 462/299/294
f 462/299/294 463/305/299 461/306/300
f 462/299/294 461/306/300 460/298/293
f 460/298/293 461/306/300 459/307/301
f 460/298/293 459/307/301 458/284/280
g ValveBiped.Bip01_L_Finger2
f 458/284/280 459/307/301 457/308/302
f 458/284/280 457/308/302 433/270/268
g ValveBiped.Bip01_L_Finger1
f 433/270/268 457/308/302 456/309/303
f 433/270/268 456/309/303 432/310/304
f 432/310/304 456/309/303 455/311/305
f 432/310/304 455/311/305 436/312/306
g ValveBiped.Bip01_L_Finger11
f 436/312/306 455/311/305 454/313/86
f 436/312/306 454/313/86 438/314/307
f 438/314/307 454/313/86 453/315/84
f 438/314/307 453/315/84 440/316/308
f 440/316/308 453/315/84 452/317/309
f 440/316/308 452/317/309 442/318/310
f 442/318/310 452/317/309 451/319/311
f 444/320/312 442/318/310 451/319/311
f 444/320/312 451/319/311 450/321/313
f 444/320/312 450/321/313 449/322/314
f 443/323/315 449/322/316 448/324/97
f 443/323/315 448/324/97 441/325/317
f 441/325/317 448/324/97 447/326/318
f 441/325/317 447/326/318 439/327/319
f 439/327/319 447/326/318 446/328/320
f 439/327/319 446/328/320 437/264/264
f 437/264/264 446/328/320 445/265/102
f 443/323/315 442/318/310 444/320/312
f 441/325/317 442/318/310 443/323/315
f 441/325/317 440/316/308 442/318/310
f 439/327/319 440/316/308 441/325/317
f 439/327/319 438/314/307 440/316/308
f 437/264/264 438/314/307 439/327/319
f 437/264/264 436/312/306 438/314/307
f 435/266/265 436/312/306 437/264/264
f 435/266/265 432/310/304 436/312/306
g ValveBiped.Bip01_L_Finger1
f 434/268/267 432/310/304 435/266/265
f 434/268/267 433/270/268 432/310/304
g ValveBiped.Bip01_L_Finger11
f 426/329/321 431/330/322 429/331/323
f 426/329/321 424/332/324 431/330/322
f 424/332/324 423/333/325 431/330/322
f 423/333/325 422/334/326 431/330/322
f 431/330/322 422/334/326 429/331/323
f 429/331/323 422/334/326 430/335/327
f 428/336/328 429/331/323 430/335/327
f 426/329/321 429/331/323 428/336/328
f 427/337/329 426/329/321 428/336/328
f 425/338/330 426/329/321 427/337/329
f 425/338/330 424/332/324 426/329/321
f 425/338/330 417/339/331 424/332/324
f 417/339/331 415/340/332 424/332/324
f 415/340/332 423/333/325 424/332/324
f 415/340/332 416/341/333 423/333/325
f 416/341/333 422/334/326 423/333/325
f 418/342/334 422/334/326 416/341/333
f 419/343/335 422/334/326 418/342/334
f 420/344/336 422/334/326 419/343/335
f 420/344/336 421/345/337 422/334/326
f 406/346/338 421/345/337 420/344/336
f 406/346/338 420/344/336 407/347/339
f 407/347/339 420/344/336 419/343/335
f 407/347/339 419/343/335 409/348/340
f 409/348/340 419/343/335 418/342/334
f 409/348/340 418/342/334 411/349/341
f 411/349/341 418/342/334 416/341/333
f 411/349/341 416/341/333 413/350/342
f 414/351/343 415/340/332 417/339/331
f 415/340/332 413/350/342 416/341/333
f 414/351/343 413/350/342 415/340/332
f 414/351/343 412/352/344 413/350/342
f 411/349/341 413/350/342 412/352/344
f 411/349/341 412/352/344 410/353/345
f 411/349/341 410/353/345 409/348/340
f 409/348/340 410/353/345 408/354/346
f 407/347/339 409/348/340 408/354/346
f 407/347/339 408/354/346 405/355/347
f 407/347/339 405/355/347 406/346/338
f 406/346/338 405/355/347 404/356/348
g ValveBiped.Bip01_L_Forearm
f 214/357/349 201/358/350 202/359/351
f 214/357/349 403/360/352 201/358/350
f 215/361/353 403/360/352 214/357/349
f 215/361/353 402/362/354 403/360/352
f 391/363/355 402/362/354 215/361/353
f 391/363/355 401/364/356 402/362/354
f 392/365/357 401/364/356 391/363/355
f 392/365/357 400/366/358 401/364/356
f 394/367/359 400/366/358 392/365/357
f 394/367/359 399/368/360 400/366/358
f 394/367/359 398/369/217 399/368/360
f 394/367/359 397/370/361 398/369/217
f 393/371/362 397/370/361 394/367/359
f 393/371/362 396/372/213 397/370/361
f 388/373/363 396/372/213 393/371/362
f 388/373/363 395/374/211 396/372/213
f 380/375/364 395/374/211 388/373/363
f 380/375/364 379/376/365 395/374/211
f 389/377/366 391/363/355 215/361/353
f 389/377/366 215/361/353 216/378/367
f 226/379/368 389/377/366 216/378/367
f 393/371/362 394/367/359 392/365/357
f 393/371/362 392/365/357 390/380/369
f 388/373/363 393/371/362 390/380/369
f 388/373/363 390/380/369 387/381/370
f 390/380/369 392/365/357 391/363/355
f 390/380/369 391/363/355 389/377/366
f 387/381/370 390/380/369 389/377/366
f 387/381/370 389/377/366 226/379/368
f 386/382/371 387/381/370 226/379/368
f 386/382/371 226/379/368 227/383/372
f 385/384/373 386/382/371 227/383/372
f 385/384/373 227/383/372 229/385/374
f 384/386/375 385/384/373 229/385/374
f 384/386/375 229/385/374 234/387/376
f 383/388/377 384/386/375 234/387/376
f 383/388/377 234/387/376 239/389/378
f 383/388/377 239/389/378 382/390/379
f 382/390/379 239/389/378 245/391/380
f 382/390/379 245/391/380 381/392/381
f 381/392/381 245/391/380 252/393/382
f 381/392/381 252/393/382 269/394/383
f 380/375/364 388/373/363 387/381/370
f 380/375/364 387/381/370 386/382/371
f 378/395/384 380/375/364 386/382/371
f 378/395/384 386/382/371 385/384/373
f 376/396/385 378/395/384 385/384/373
f 376/396/385 385/384/373 384/386/375
f 374/397/386 376/396/385 384/386/375
f 374/397/386 384/386/375 383/388/377
f 374/397/386 383/388/377 372/398/387
f 372/398/387 383/388/377 382/390/379
f 372/398/387 382/390/379 370/399/388
f 370/399/388 382/390/379 381/392/381
f 370/399/388 381/392/381 368/400/389
f 368/400/389 381/392/381 269/394/383
f 368/400/389 269/394/383 366/401/390
f 366/401/390 269/394/383 268/402/391
f 366/401/390 268/402/391 364/403/392
f 364/403/392 268/402/391 278/404/393
f 378/395/384 379/376/365 380/375/364
f 378/395/384 377/405/209 379/376/365
f 376/396/385 377/405/209 378/395/384
f 376/396/385 375/406/394 377/405/209
f 374/397/386 375/406/394 376/396/385
f 374/397/386 373/407/395 375/406/394
f 372/398/387 373/407/395 374/397/386
f 372/398/387 371/408/396 373/407/395
f 370/399/388 371/408/396 372/398/387
f 370/399/388 369/409/397 371/408/396
f 368/400/389 369/409/397 370/399/388
f 368/400/389 367/410/197 369/409/397
f 366/401/390 367/410/197 368/400/389
f 366/401/390 365/411/195 367/410/197
f 364/403/392 365/411/195 366/401/390
f 364/403/392 354/412/193 365/411/195
f 324/413/398 354/412/193 364/403/392
f 364/403/392 278/404/393 324/413/398
f 356/414/360 363/415/399 355/416/400
g ValveBiped.Bip01_L_UpperArm
f 339/417/401 338/418/402 346/419/403
f 362/420/404 339/417/401 346/419/403
f 340/421/405 339/417/401 362/420/404
f 361/422/406 340/421/405 362/420/404
g ValveBiped.Bip01_L_Forearm
f 341/423/407 340/421/405 361/422/406
f 360/424/408 341/423/407 361/422/406
f 342/425/409 341/423/407 360/424/408
f 359/426/410 342/425/409 360/424/408
f 343/427/411 342/425/409 359/426/410
f 358/428/356 343/427/411 359/426/410
f 344/429/412 343/427/411 358/428/356
f 357/430/413 344/429/412 358/428/356
f 357/430/413 349/431/414 344/429/412
f 356/414/360 349/431/414 357/430/413
f 350/432/415 349/431/414 356/414/360
f 356/414/360 355/416/400 350/432/415
f 350/432/415 355/416/400 352/433/416
f 350/432/415 352/433/416 351/434/417
f 324/413/398 353/435/222 354/412/193
f 324/413/398 352/433/416 353/435/222
f 351/434/417 352/433/416 324/413/398
f 324/413/398 323/436/418 351/434/417
f 351/434/417 323/436/418 325/437/419
f 351/434/417 325/437/419 350/432/415
f 350/432/415 325/437/419 349/431/414
f 325/437/419 326/438/420 349/431/414
f 349/431/414 326/438/420 344/429/412
g ValveBiped.Bip01_L_UpperArm
f 334/439/421 315/440/422 314/441/423
f 336/442/424 348/443/425 347/444/426
f 336/442/424 347/444/426 337/445/427
f 337/445/427 347/444/426 345/446/428
f 337/445/427 345/446/428 338/418/402
f 346/419/403 338/418/402 345/446/428
g ValveBiped.Bip01_L_Forearm
f 326/438/420 327/447/429 344/429/412
f 344/429/412 327/447/429 343/427/411
f 327/447/429 328/448/430 343/427/411
f 343/427/411 328/448/430 342/425/409
f 328/448/430 329/449/431 342/425/409
f 342/425/409 329/449/431 341/423/407
f 329/449/431 330/450/432 341/423/407
g ValveBiped.Bip01_L_UpperArm
f 341/423/407 330/450/432 340/421/405
f 330/450/432 331/451/433 340/421/405
f 340/421/405 331/451/433 339/417/401
f 331/451/433 332/452/434 339/417/401
f 339/417/401 332/452/434 338/418/402
f 333/453/435 338/418/402 332/452/434
f 337/445/427 338/418/402 333/453/435
f 335/454/436 337/445/427 333/453/435
f 335/454/436 336/442/424 337/445/427
f 335/454/436 333/453/435 334/439/421
f 334/439/421 333/453/435 315/440/422
f 333/453/435 332/452/434 315/440/422
f 315/440/422 332/452/434 316/455/437
f 331/451/433 316/455/437 332/452/434
f 317/456/438 316/455/437 331/451/433
f 330/450/432 317/456/438 331/451/433
f 318/457/439 317/456/438 330/450/432
g ValveBiped.Bip01_L_Forearm
f 329/449/431 318/457/439 330/450/432
f 319/458/440 318/457/439 329/449/431
f 328/448/430 319/458/440 329/449/431
f 320/459/441 319/458/440 328/448/430
f 327/447/429 320/459/441 328/448/430
f 321/460/442 320/459/441 327/447/429
f 326/438/420 321/460/442 327/447/429
f 322/461/443 321/460/442 326/438/420
f 325/437/419 322/461/443 326/438/420
f 323/436/418 322/461/443 325/437/419
f 324/413/398 278/404/393 323/436/418
f 278/404/393 277/462/444 323/436/418
f 323/436/418 277/462/444 322/461/443
f 277/462/444 307/463/445 322/461/443
f 322/461/443 307/463/445 321/460/442
f 307/463/445 308/464/446 321/460/442
f 321/460/442 308/464/446 320/459/441
f 308/464/446 309/465/447 320/459/441
f 320/459/441 309/465/447 319/458/440
f 309/465/447 310/466/448 319/458/440
f 319/458/440 310/466/448 318/457/439
g ValveBiped.Bip01_L_UpperArm
f 310/466/448 311/467/449 318/457/439
f 318/457/439 311/467/449 317/456/438
f 311/467/449 312/468/450 317/456/438
f 317/456/438 312/468/450 316/455/437
f 313/469/451 316/455/437 312/468/450
f 315/440/422 316/455/437 313/469/451
f 314/441/423 315/440/422 313/469/451
f 314/441/423 313/469/451 301/470/452
f 301/470/452 313/469/451 300/471/453
f 313/469/451 312/468/450 300/471/453
f 300/471/453 312/468/450 302/472/454
f 311/467/449 302/472/454 312/468/450
f 303/473/455 302/472/454 311/467/449
f 310/466/448 303/473/455 311/467/449
f 304/474/456 303/473/455 310/466/448
g ValveBiped.Bip01_L_Forearm
f 309/465/447 304/474/456 310/466/448
f 305/475/457 304/474/456 309/465/447
f 308/464/446 305/475/457 309/465/447
f 306/476/458 305/475/457 308/464/446
f 307/463/445 306/476/458 308/464/446
f 276/477/459 306/476/458 307/463/445
f 277/462/444 276/477/459 307/463/445
f 276/477/459 275/478/460 306/476/458
f 275/478/460 294/479/461 306/476/458
f 306/476/458 294/479/461 305/475/457
f 294/479/461 295/480/462 305/475/457
f 305/475/457 295/480/462 304/474/456
g ValveBiped.Bip01_L_UpperArm
f 295/480/462 296/481/463 304/474/456
f 304/474/456 296/481/463 303/473/455
f 296/481/463 297/482/464 303/473/455
f 303/473/455 297/482/464 302/472/454
f 298/483/465 302/472/454 297/482/464
f 300/471/453 302/472/454 298/483/465
f 299/484/466 300/471/453 298/483/465
f 301/470/452 300/471/453 299/484/466
f 299/484/466 298/483/465 289/485/467
f 289/485/467 298/483/465 290/486/468
f 298/483/465 297/482/464 290/486/468
f 290/486/468 297/482/464 291/487/469
f 296/481/463 291/487/469 297/482/464
f 292/488/470 291/487/469 296/481/463
f 295/480/462 292/488/470 296/481/463
f 293/489/471 292/488/470 295/480/462
f 294/479/461 293/489/471 295/480/462
g ValveBiped.Bip01_L_Forearm
f 274/490/472 293/489/471 294/479/461
f 275/478/460 274/490/472 294/479/461
g ValveBiped.Bip01_L_UpperArm
f 274/490/472 273/491/473 293/489/471
f 273/491/473 285/492/474 293/489/471
f 293/489/471 285/492/474 292/488/470
f 285/492/474 286/493/475 292/488/470
f 292/488/470 286/493/475 291/487/469
f 287/494/476 291/487/469 286/493/475
f 290/486/468 291/487/469 287/494/476
f 288/495/477 290/486/468 287/494/476
f 289/485/467 290/486/468 288/495/477
f 288/495/477 287/494/476 283/496/478
f 283/496/478 287/494/476 282/497/479
f 287/494/476 286/493/475 282/497/479
f 282/497/479 286/493/475 284/498/480
f 285/492/474 284/498/480 286/493/475
f 272/499/481 284/498/480 285/492/474
f 273/491/473 272/499/481 285/492/474
f 272/499/481 271/500/482 284/498/480
f 280/501/483 284/498/480 271/500/482
f 282/497/479 284/498/480 280/501/483
f 281/502/484 282/497/479 280/501/483
f 283/496/478 282/497/479 281/502/484
g ValveBiped.Bip01_Spine4
f 281/502/484 280/501/483 279/503/485
g ValveBiped.Bip01_L_UpperArm
f 279/503/485 280/501/483 270/504/486
f 280/501/483 271/500/482 270/504/486
f 279/503/485 270/504/486 213/505/487
g ValveBiped.Bip01_L_Forearm
f 268/402/391 267/506/488 278/404/393
f 278/404/393 267/506/488 277/462/444
f 267/506/488 276/477/459 277/462/444
f 267/506/488 266/507/489 276/477/459
f 266/507/489 275/478/460 276/477/459
f 266/507/489 265/508/490 275/478/460
f 265/508/490 274/490/472 275/478/460
f 265/508/490 264/509/491 274/490/472
f 264/509/491 273/491/473 274/490/472
g ValveBiped.Bip01_L_UpperArm
f 264/509/491 263/510/492 273/491/473
f 263/510/492 272/499/481 273/491/473
f 263/510/492 262/511/493 272/499/481
f 262/511/493 271/500/482 272/499/481
f 262/511/493 261/512/494 271/500/482
f 270/504/486 271/500/482 261/512/494
f 261/512/494 260/513/495 270/504/486
f 213/505/487 270/504/486 260/513/495
f 213/505/487 260/513/495 212/514/496
g ValveBiped.Bip01_L_Forearm
f 269/394/383 252/393/382 259/515/497
f 269/394/383 259/515/497 268/402/391
f 268/402/391 259/515/497 267/506/488
f 259/515/497 266/507/489 267/506/488
f 259/515/497 258/516/498 266/507/489
f 258/516/498 265/508/490 266/507/489
f 258/516/498 257/517/499 265/508/490
f 257/517/499 264/509/491 265/508/490
f 257/517/499 256/518/500 264/509/491
f 256/518/500 263/510/492 264/509/491
g ValveBiped.Bip01_L_UpperArm
f 256/518/500 255/519/501 263/510/492
f 255/519/501 262/511/493 263/510/492
f 255/519/501 254/520/502 262/511/493
f 254/520/502 261/512/494 262/511/493
f 254/520/502 253/521/503 261/512/494
f 253/521/503 260/513/495 261/512/494
f 253/521/503 224/522/504 260/513/495
f 212/514/496 260/513/495 224/522/504
g ValveBiped.Bip01_L_Forearm
f 252/393/382 258/516/498 259/515/497
f 252/393/382 251/523/505 258/516/498
f 251/523/505 257/517/499 258/516/498
f 251/523/505 250/524/506 257/517/499
f 250/524/506 256/518/500 257/517/499
f 250/524/506 249/525/507 256/518/500
f 249/525/507 255/519/501 256/518/500
g ValveBiped.Bip01_L_UpperArm
f 249/525/507 248/526/508 255/519/501
f 248/526/508 254/520/502 255/519/501
f 248/526/508 247/527/509 254/520/502
f 247/527/509 253/521/503 254/520/502
f 247/527/509 246/528/510 253/521/503
f 246/528/510 224/522/504 253/521/503
f 246/528/510 222/529/511 224/522/504
f 223/530/512 224/522/504 222/529/511
g ValveBiped.Bip01_L_Forearm
f 245/391/380 251/523/505 252/393/382
f 245/391/380 244/531/513 251/523/505
f 244/531/513 250/524/506 251/523/505
f 244/531/513 243/532/514 250/524/506
f 243/532/514 249/525/507 250/524/506
f 243/532/514 242/533/515 249/525/507
f 242/533/515 248/526/508 249/525/507
g ValveBiped.Bip01_L_UpperArm
f 242/533/515 241/534/516 248/526/508
f 241/534/516 247/527/509 248/526/508
f 241/534/516 240/535/517 247/527/509
f 240/535/517 246/528/510 247/527/509
f 240/535/517 221/536/518 246/528/510
f 221/536/518 222/529/511 246/528/510
g ValveBiped.Bip01_L_Forearm
f 239/389/378 244/531/513 245/391/380
f 239/389/378 238/537/519 244/531/513
f 238/537/519 243/532/514 244/531/513
f 238/537/519 237/538/520 243/532/514
f 237/538/520 242/533/515 243/532/514
f 237/538/520 236/539/521 242/533/515
f 236/539/521 241/534/516 242/533/515
g ValveBiped.Bip01_L_UpperArm
f 236/539/521 235/540/522 241/534/516
f 235/540/522 240/535/517 241/534/516
f 235/540/522 220/541/523 240/535/517
f 220/541/523 221/536/518 240/535/517
g ValveBiped.Bip01_L_Forearm
f 239/389/378 234/387/376 238/537/519
f 234/387/376 233/542/524 238/537/519
f 238/537/519 233/542/524 237/538/520
f 233/542/524 232/543/525 237/538/520
f 237/538/520 232/543/525 236/539/521
f 232/543/525 231/544/526 236/539/521
f 236/539/521 231/544/526 235/540/522
g ValveBiped.Bip01_L_UpperArm
f 231/544/526 219/545/527 235/540/522
f 235/540/522 219/545/527 220/541/523
g ValveBiped.Bip01_L_Forearm
f 234/387/376 229/385/374 233/542/524
f 229/385/374 228/546/528 233/542/524
f 233/542/524 228/546/528 232/543/525
f 228/546/528 230/547/529 232/543/525
f 232/543/525 230/547/529 231/544/526
f 230/547/529 218/548/530 231/544/526
f 231/544/526 218/548/530 219/545/527
f 230/547/529 217/549/531 218/548/530
f 225/550/532 217/549/531 230/547/529
f 228/546/528 225/550/532 230/547/529
f 227/383/372 225/550/532 228/546/528
f 229/385/374 227/383/372 228/546/528
f 225/550/532 216/378/367 217/549/531
f 226/379/368 216/378/367 225/550/532
f 227/383/372 226/379/368 225/550/532
g ValveBiped.Bip01_L_UpperArm
f 212/514/496 224/522/504 223/530/512
f 223/530/512 222/529/511 211/551/533
f 211/551/533 222/529/511 209/552/534
f 209/552/534 222/529/511 221/536/518
f 207/553/535 209/552/534 221/536/518
f 207/553/535 221/536/518 220/541/523
f 220/541/523 205/554/536 207/553/535
f 219/545/527 205/554/536 220/541/523
f 219/545/527 203/555/537 205/554/536
f 218/548/530 203/555/537 219/545/527
g ValveBiped.Bip01_L_Forearm
f 218/548/530 202/359/351 203/555/537
f 217/549/531 202/359/351 218/548/530
f 217/549/531 214/357/349 202/359/351
f 216/378/367 214/357/349 217/549/531
f 216/378/367 215/361/353 214/357/349
g ValveBiped.Bip01_L_UpperArm
f 210/556/538 211/551/533 209/552/534
f 210/556/538 209/552/534 208/557/426
f 207/553/535 208/557/426 209/552/534
f 207/553/535 206/558/539 208/557/426
f 205/554/536 206/558/539 207/553/535
f 205/554/536 204/559/540 206/558/539
f 203/555/537 204/559/540 205/554/536
f 203/555/537 200/560/541 204/559/540
f 202/359/351 200/560/541 203/555/537
g ValveBiped.Bip01_L_Forearm
f 202/359/351 201/358/350 200/560/541
g ValveBiped.Bip01_L_Finger3
f 65/561/542 69/562/543 198/563/544
f 65/561/542 198/563/544 197/564/545
g ValveBiped.Bip01_L_Finger31
f 62/565/546 65/561/542 197/564/545
f 62/565/546 197/564/545 48/566/547
f 62/565/546 48/566/547 47/567/548
f 194/568/549 193/569/550 199/570/551
f 194/568/549 199/570/551 195/571/552
f 197/564/545 198/563/544 191/572/553
f 197/564/545 191/572/553 189/573/554
f 48/566/547 197/564/545 189/573/554
f 48/566/547 189/573/554 182/574/555
f 182/574/555 46/575/556 48/566/547
f 182/574/555 183/576/557 46/575/556
f 183/576/557 31/577/558 46/575/556
f 183/576/557 196/578/559 31/577/558
f 185/579/560 196/578/559 183/576/557
f 185/579/560 195/571/552 196/578/559
f 186/580/561 195/571/552 185/579/560
f 194/568/549 195/571/552 186/580/561
f 187/581/562 194/568/549 186/580/561
f 187/581/562 193/569/550 194/568/549
f 187/581/562 192/582/563 193/569/550
f 188/583/564 192/582/563 187/581/562
f 188/583/564 190/584/565 192/582/563
f 189/573/554 191/572/553 190/584/565
f 189/573/554 190/584/565 188/583/564
f 182/574/555 189/573/554 188/583/564
f 182/574/555 188/583/564 184/585/566
f 184/585/566 188/583/564 187/581/562
f 187/581/562 186/580/561 184/585/566
f 184/585/566 186/580/561 185/579/560
f 184/585/566 185/579/560 183/576/557
f 184/585/566 183/576/557 182/574/555
g ValveBiped.Bip01_L_Finger01
f 177/586/567 181/587/27 176/588/24
f 177/586/567 178/589/29 181/587/27
f 146/590/568 144/591/569 159/592/570
f 159/592/570 144/591/569 180/593/571
f 159/592/570 180/593/571 161/594/572
f 161/594/572 180/593/571 179/595/573
f 161/594/572 179/595/573 172/596/574
f 172/596/574 179/595/573 178/589/29
f 172/596/574 178/589/29 177/586/567
f 171/597/575 172/596/574 177/586/567
f 177/586/567 176/588/24 171/597/575
f 171/597/575 176/588/24 170/598/576
f 170/598/576 176/588/24 175/599/23
f 170/598/576 175/599/23 168/600/577
f 168/600/577 175/599/23 174/601/578
f 168/600/577 174/601/578 167/602/579
f 167/602/579 174/601/578 173/603/19
f 167/602/579 173/603/19 166/604/580
f 166/604/580 173/603/19 143/605/581
f 166/604/580 143/605/581 142/606/582
f 161/594/572 169/607/583 160/608/584
f 172/596/574 169/607/583 161/594/572
f 171/597/575 169/607/583 172/596/574
f 170/598/576 169/607/583 171/597/575
f 168/600/577 169/607/583 170/598/576
f 168/600/577 160/608/584 169/607/583
f 167/602/579 160/608/584 168/600/577
f 167/602/579 162/609/585 160/608/584
f 166/604/580 162/609/585 167/602/579
f 166/604/580 163/610/586 162/609/585
f 142/606/582 163/610/586 166/604/580
f 142/606/582 164/611/587 163/610/586
f 140/612/588 164/611/587 142/606/582
f 140/612/588 165/613/589 164/611/587
g ValveBiped.Bip01_L_Finger0
f 140/612/588 138/614/590 165/613/589
f 138/614/590 137/615/591 165/613/589
f 165/613/589 137/615/591 151/616/592
f 136/617/593 151/616/592 137/615/591
f 165/613/589 151/616/592 149/618/594
f 164/611/587 165/613/589 149/618/594
g ValveBiped.Bip01_L_Finger01
f 164/611/587 149/618/594 147/619/595
f 147/619/595 163/610/586 164/611/587
f 146/590/568 163/610/586 147/619/595
f 146/590/568 162/609/585 163/610/586
f 159/592/570 162/609/585 146/590/568
f 159/592/570 160/608/584 162/609/585
f 161/594/572 160/608/584 159/592/570
g ValveBiped.Bip01_L_Hand
f 158/178/178 156/180/180 157/234/234
f 132/236/236 157/234/234 156/180/180
f 132/236/236 156/180/180 155/182/182
f 132/236/236 155/182/182 133/620/596
f 133/620/596 155/182/182 154/184/184
f 134/621/597 133/620/596 154/184/184
f 154/184/184 153/186/186 134/621/597
f 134/621/597 153/186/186 135/622/598
f 152/188/188 135/622/598 153/186/186
f 136/617/593 135/622/598 152/188/188
f 152/188/188 151/616/592 136/617/593
g ValveBiped.Bip01_L_Finger0
f 152/188/188 150/189/189 151/616/592
f 149/618/594 151/616/592 150/189/189
f 149/618/594 150/189/189 148/191/191
f 147/619/595 149/618/594 148/191/191
g ValveBiped.Bip01_L_Finger01
f 147/619/595 148/191/191 145/623/599
f 147/619/595 145/623/599 146/590/568
f 146/590/568 145/623/599 144/591/569
f 142/606/582 143/605/581 141/624/600
f 142/606/582 141/624/600 140/612/588
f 140/612/588 141/624/600 139/625/601
f 139/625/601 138/614/590 140/612/588
g ValveBiped.Bip01_L_Finger0
f 138/614/590 139/625/601 131/626/602
f 138/614/590 131/626/602 127/627/603
f 127/627/603 137/615/591 138/614/590
f 127/627/603 126/628/604 137/615/591
g ValveBiped.Bip01_L_Hand
f 136/617/593 137/615/591 126/628/604
f 136/617/593 126/628/604 125/629/605
f 125/629/605 135/622/598 136/617/593
f 125/629/605 124/630/606 135/622/598
f 134/621/597 135/622/598 124/630/606
f 134/621/597 124/630/606 123/631/607
f 123/631/607 133/620/596 134/621/597
f 123/631/607 122/632/608 133/620/596
f 122/632/608 132/236/236 133/620/596
f 119/235/235 132/236/236 122/632/608
g ValveBiped.Bip01_L_Finger0
f 127/627/603 131/626/602 128/633/609
g ValveBiped.Bip01_L_Finger1
f 117/94/94 129/634/610 130/93/93
f 116/635/611 129/634/610 117/94/94
f 116/635/611 128/633/609 129/634/610
f 127/627/603 128/633/609 116/635/611
f 116/635/611 115/636/612 127/627/603
g ValveBiped.Bip01_L_Hand
f 127/627/603 115/636/612 126/628/604
g ValveBiped.Bip01_L_Finger1
f 114/637/613 126/628/604 115/636/612
g ValveBiped.Bip01_L_Hand
f 125/629/605 126/628/604 114/637/613
f 114/637/613 113/638/614 125/629/605
f 125/629/605 113/638/614 124/630/606
f 112/639/615 124/630/606 113/638/614
f 123/631/607 124/630/606 112/639/615
f 112/639/615 110/640/616 123/631/607
f 123/631/607 110/640/616 122/632/608
g ValveBiped.Bip01_L_Finger3
f 111/252/252 122/632/608 110/640/616
g ValveBiped.Bip01_L_Hand
f 111/252/252 119/235/235 122/632/608
g ValveBiped.Bip01_L_Finger3
f 111/252/252 121/241/241 119/235/235
g ValveBiped.Bip01_L_Hand
f 121/241/241 120/237/237 119/235/235
g ValveBiped.Bip01_L_Finger1
f 118/92/92 107/90/90 117/94/94
f 117/94/94 107/90/90 108/641/617
f 117/94/94 108/641/617 116/635/611
f 116/635/611 108/641/617 115/636/612
f 109/642/618 115/636/612 108/641/617
f 114/637/613 115/636/612 109/642/618
f 109/642/618 105/643/619 114/637/613
g ValveBiped.Bip01_L_Hand
f 114/637/613 105/643/619 113/638/614
g ValveBiped.Bip01_L_Finger2
f 92/644/620 113/638/614 105/643/619
g ValveBiped.Bip01_L_Hand
f 112/639/615 113/638/614 92/644/620
f 92/644/620 93/645/621 112/639/615
g ValveBiped.Bip01_L_Finger3
f 112/639/615 93/645/621 110/640/616
f 94/253/253 110/640/616 93/645/621
f 111/252/252 110/640/616 94/253/253
g ValveBiped.Bip01_L_Finger2
f 109/642/618 104/646/622 105/643/619
g ValveBiped.Bip01_L_Finger1
f 106/75/75 104/646/622 109/642/618
f 109/642/618 108/641/617 106/75/75
f 106/75/75 108/641/617 107/90/90
g ValveBiped.Bip01_L_Finger2
f 106/75/75 103/73/73 104/646/622
f 92/644/620 105/643/619 91/647/623
f 91/647/623 105/643/619 104/646/622
f 91/647/623 104/646/622 90/648/624
f 90/648/624 104/646/622 103/73/73
f 90/648/624 103/73/73 89/649/625
g ValveBiped.Bip01_L_Finger21
f 89/649/625 103/73/73 102/71/71
f 89/649/625 102/71/71 87/650/626
f 87/650/626 102/71/71 101/69/69
f 87/650/626 101/69/69 83/651/627
f 83/651/627 101/69/69 100/67/67
f 83/651/627 100/67/67 85/60/60
f 85/60/60 100/67/67 98/65/65
f 85/60/60 98/65/65 99/61/61
f 99/61/61 98/65/65 97/62/62
g ValveBiped.Bip01_L_Finger3
f 73/275/273 96/254/254 95/251/251
f 72/652/628 73/275/273 95/251/251
f 95/251/251 94/253/253 72/652/628
f 72/652/628 94/253/253 71/653/629
f 94/253/253 93/645/621 71/653/629
f 71/653/629 93/645/621 70/654/630
f 92/644/620 70/654/630 93/645/621
g ValveBiped.Bip01_L_Finger2
f 91/647/623 70/654/630 92/644/620
f 91/647/623 80/655/631 70/654/630
f 90/648/624 80/655/631 91/647/623
f 90/648/624 79/59/59 80/655/631
g ValveBiped.Bip01_L_Finger21
f 89/649/625 79/59/59 90/648/624
f 89/649/625 88/58/58 79/59/59
f 87/650/626 88/58/58 89/649/625
f 87/650/626 86/57/57 88/58/58
f 83/651/627 86/57/57 87/650/626
f 83/651/627 84/56/56 86/57/57
f 85/60/60 84/56/56 83/651/627
g ValveBiped.Bip01_L_Hand
f 76/272/270 81/656/632 82/287/43
g ValveBiped.Bip01_L_Finger3
f 76/272/270 77/657/633 81/656/632
g ValveBiped.Bip01_L_Finger2
f 80/655/631 67/658/634 70/654/630
f 80/655/631 66/44/44 67/658/634
g ValveBiped.Bip01_L_Finger21
f 79/59/59 66/44/44 80/655/631
f 79/59/59 78/47/47 66/44/44
g ValveBiped.Bip01_L_Finger3
f 32/659/635 33/660/636 77/657/633
f 32/659/635 77/657/633 76/272/270
f 76/272/270 55/661/637 32/659/635
f 76/272/270 75/273/271 55/661/637
f 56/662/638 55/661/637 75/273/271
f 56/662/638 75/273/271 74/274/272
f 58/663/639 56/662/638 74/274/272
f 58/663/639 74/274/272 73/275/273
f 63/664/640 58/663/639 73/275/273
f 63/664/640 73/275/273 72/652/628
f 63/664/640 72/652/628 64/665/641
f 72/652/628 71/653/629 64/665/641
f 64/665/641 71/653/629 65/561/542
f 71/653/629 70/654/630 65/561/542
f 65/561/542 70/654/630 69/562/543
f 70/654/630 67/658/634 69/562/543
g ValveBiped.Bip01_L_Finger2
f 69/562/543 67/658/634 68/43/43
f 68/43/43 67/658/634 66/44/44
g ValveBiped.Bip01_L_Finger3
f 64/665/641 65/561/542 62/565/546
g ValveBiped.Bip01_L_Finger31
f 61/666/642 64/665/641 62/565/546
g ValveBiped.Bip01_L_Finger3
f 63/664/640 64/665/641 61/666/642
g ValveBiped.Bip01_L_Finger31
f 61/666/642 60/667/643 63/664/640
g ValveBiped.Bip01_L_Finger3
f 63/664/640 60/667/643 58/663/639
g ValveBiped.Bip01_L_Finger31
f 60/667/643 57/668/644 58/663/639
f 62/565/546 47/567/548 61/666/642
f 61/666/642 47/567/548 49/669/645
f 61/666/642 49/669/645 60/667/643
f 49/669/645 59/670/646 60/667/643
f 60/667/643 59/670/646 57/668/644
f 59/670/646 53/671/647 57/668/644
f 57/668/644 53/671/647 54/672/648
f 49/669/645 50/673/649 59/670/646
f 50/673/649 52/674/650 59/670/646
f 59/670/646 52/674/650 53/671/647
f 50/673/649 51/675/651 52/674/650
g ValveBiped.Bip01_L_Finger3
f 58/663/639 57/668/644 56/662/638
g ValveBiped.Bip01_L_Finger31
f 57/668/644 54/672/648 56/662/638
g ValveBiped.Bip01_L_Finger3
f 56/662/638 54/672/648 55/661/637
f 32/659/635 55/661/637 54/672/648
g ValveBiped.Bip01_L_Finger31
f 32/659/635 54/672/648 34/676/652
f 34/676/652 54/672/648 36/677/653
f 36/677/653 54/672/648 53/671/647
f 36/677/653 53/671/647 38/678/654
f 38/678/654 53/671/647 52/674/650
f 38/678/654 52/674/650 40/679/655
f 40/679/655 52/674/650 51/675/651
f 40/679/655 51/675/651 42/680/656
f 42/680/656 51/675/651 43/681/657
f 43/681/657 51/675/651 44/682/658
f 50/673/649 44/682/658 51/675/651
f 45/683/659 44/682/658 50/673/649
f 49/669/645 45/683/659 50/673/649
f 47/567/548 45/683/659 49/669/645
f 48/566/547 46/575/556 47/567/548
f 47/567/548 46/575/556 45/683/659
f 46/575/556 31/577/558 45/683/659
f 45/683/659 31/577/558 44/682/658
f 30/684/660 44/682/658 31/577/558
f 43/681/657 44/682/658 30/684/660
f 42/680/656 41/685/661 40/679/655
f 40/679/655 41/685/661 39/686/662
f 40/679/655 39/686/662 38/678/654
f 38/678/654 39/686/662 37/687/663
f 38/678/654 37/687/663 36/677/653
f 36/677/653 37/687/663 35/688/664
f 36/677/653 35/688/664 34/676/652
f 34/676/652 35/688/664 33/660/636
f 34/676/652 33/660/636 32/659/635
f 30/684/660 31/577/558 29/689/665
f 27/690/666 20/691/667 28/692/668
f 19/693/669 20/691/667 27/690/666
f 26/694/670 19/693/669 27/690/666
f 18/695/671 19/693/669 26/694/670
f 18/695/671 26/694/670 17/696/672
f 21/697/673 25/698/674 20/691/667
f 21/697/673 10/699/675 25/698/674
f 22/700/676 10/699/675 21/697/673
f 23/701/677 10/699/675 22/700/676
f 24/702/678 10/699/675 23/701/677
f 11/703/679 10/699/675 24/702/678
f 11/703/679 24/702/678 12/704/680
f 12/704/680 24/702/678 14/705/681
f 16/706/682 14/705/681 24/702/678
f 16/706/682 24/702/678 23/701/677
f 16/706/682 23/701/677 18/695/671
f 18/695/671 23/701/677 22/700/676
f 22/700/676 19/693/669 18/695/671
f 22/700/676 21/697/673 19/693/669
f 21/697/673 20/691/667 19/693/669
f 18/695/671 17/696/672 16/706/682
f 16/706/682 17/696/672 15/707/683
f 16/706/682 15/707/683 14/705/681
f 14/705/681 15/707/683 13/708/684
f 14/705/681 13/708/684 12/704/680
f 12/704/680 13/708/684 6/709/685
f 12/704/680 6/709/685 1/710/686
f 12/704/680 1/710/686 11/703/679
f 11/703/679 1/710/686 2/711/687
f 2/711/687 10/699/675 11/703/679
f 4/712/688 10/699/675 2/711/687
f 4/712/688 9/713/689 10/699/675
f 4/712/688 8/714/690 9/713/689
f 3/715/691 8/714/690 4/712/688
f 3/715/691 7/716/692 8/714/690
f 3/715/691 5/717/693 7/716/692
f 1/710/686 5/717/693 3/715/691
f 1/710/686 6/709/685 5/717/693
f 4/712/688 2/711/687 3/715/691
f 3/715/691 2/711/687 1/710/686
