# Blender 5.0.0
# www.blender.org
mtllib PoBody.mtl
g PoBody_Mesh
v -0.314148 3.103922 0.329693
v -0.350379 3.095164 0.290533
v -0.313358 3.116726 0.320726
v -0.373380 3.241134 0.264502
v -0.379764 3.257125 0.307943
v -0.397792 3.211027 0.291136
v -0.334685 3.266171 0.274604
v -0.349068 3.226900 0.248676
v -0.361626 3.202557 0.283082
v -0.330920 3.185571 0.286099
v -0.379140 3.132421 0.322593
v -0.315406 3.162787 0.289367
v -0.355896 3.125969 0.309428
v -0.340217 3.122613 0.295853
v -0.324352 3.123542 0.328964
v -0.335327 3.114162 0.283739
v -0.308323 3.132930 0.264132
v -0.323865 3.117039 0.244058
v -0.295947 3.142129 0.237897
v -0.292313 3.133919 0.225796
v -0.261338 3.156063 0.250897
v -0.406346 3.147880 0.331750
v -0.308454 3.149561 0.280879
v -0.267397 3.193930 0.305927
v -0.282468 3.221083 0.309060
v -0.272721 3.203296 0.251092
v -0.286203 3.234087 0.251625
v -0.306300 3.244428 0.316439
v -0.309038 3.257256 0.260240
v -0.342888 3.257058 0.322256
v -0.328292 3.204646 0.242800
v -0.314889 3.177088 0.244823
v -0.304001 3.158445 0.243093
v -0.266483 3.179041 0.252798
v -0.260106 3.174166 0.303764
v -0.252615 3.151180 0.297722
v -0.274014 3.156298 0.336286
v -0.263753 3.139328 0.327036
v -0.285725 3.169599 0.343498
v -0.254199 3.148217 0.233571
v -0.229007 3.145579 0.286328
v -0.247012 3.128716 0.334928
v 0.150434 2.619339 -0.344762
v 0.165888 2.593619 -0.374949
v 0.164110 2.592888 -0.378994
v 0.167396 2.594081 -0.371725
v 0.173360 2.610578 -0.329779
v 0.168242 2.594117 -0.370078
v 0.158044 2.616717 -0.338735
v 0.254074 2.668052 -0.104762
v 0.250768 2.682099 -0.104762
v 0.256908 2.612799 -0.104764
v 0.252853 2.591146 -0.104764
v 0.195595 2.586461 -0.311514
v 0.197142 2.577428 -0.309304
v 0.248659 2.573878 -0.104764
v 0.194221 2.573060 -0.310421
v 0.240038 2.558511 -0.104764
v 0.186377 2.564111 -0.314511
v 0.221073 2.543863 -0.104764
v 0.174044 2.550602 -0.329020
v 0.202407 2.530130 -0.104764
v 0.158595 2.544537 -0.352679
v 0.134685 2.538975 -0.392112
v 0.134426 2.587572 -0.433457
v 0.147764 2.588985 -0.411236
v 0.160970 2.591084 -0.386723
v 0.166033 2.592398 -0.376019
v 0.167396 2.592927 -0.372762
v 0.168354 2.593529 -0.370238
v 0.190329 2.595914 -0.315714
v 0.258316 2.637473 -0.104764
v 0.257605 2.649317 -0.104764
v 0.173531 2.513828 -0.104764
v 0.133060 2.497823 -0.104766
v 0.102609 2.534396 -0.429315
v 0.086674 2.485296 -0.104766
v 0.066432 2.535808 -0.456265
v 0.039728 2.478722 -0.104766
v 0.038417 2.692807 -0.104762
v -0.007739 2.692807 -0.104762
v 0.009996 2.645798 -0.471948
v -0.007741 2.646344 -0.472440
v -0.007743 2.582207 -0.515172
v -0.025480 2.645518 -0.471969
v -0.037568 2.580783 -0.514371
v -0.046699 2.642677 -0.466440
v -0.070764 2.580216 -0.505171
v -0.066938 2.637661 -0.455020
v -0.097836 2.580541 -0.489869
v -0.217884 2.530129 -0.104764
v -0.189008 2.513827 -0.104764
v -0.177030 2.692770 -0.104762
v -0.144377 2.692816 -0.104762
v -0.148539 2.497823 -0.104764
v -0.103678 2.692811 -0.104762
v -0.102151 2.485296 -0.104766
v -0.053894 2.692807 -0.104762
v -0.055206 2.478722 -0.104766
v -0.007739 2.476914 -0.104766
v 0.029490 2.539271 -0.469986
v 0.056644 2.587137 -0.497874
v 0.087737 2.587136 -0.480992
v 0.114644 2.586129 -0.458299
v -0.044972 2.538713 -0.470028
v -0.007740 2.539277 -0.473644
v -0.081912 2.534687 -0.456347
v -0.072133 2.586303 -0.497937
v -0.040027 2.585287 -0.506813
v -0.007743 2.585007 -0.509174
v 0.024540 2.585540 -0.506794
v -0.118152 2.533623 -0.429133
v -0.150397 2.538268 -0.391331
v -0.174460 2.543307 -0.351403
v -0.189900 2.549165 -0.327798
v -0.236551 2.543861 -0.104764
v -0.202231 2.562429 -0.313312
v -0.255515 2.558510 -0.104764
v -0.210039 2.571376 -0.309344
v -0.264136 2.573877 -0.104764
v -0.212938 2.575837 -0.308306
v -0.268331 2.591146 -0.104764
v -0.211388 2.584870 -0.310517
v -0.272385 2.612130 -0.104764
v -0.184114 2.592429 -0.368814
v -0.184229 2.591833 -0.368976
v -0.206140 2.593609 -0.314662
v -0.183272 2.591269 -0.371500
v -0.181904 2.590798 -0.374766
v -0.176829 2.589176 -0.385494
v -0.163670 2.587606 -0.409842
v -0.150217 2.586380 -0.432447
v -0.130250 2.584825 -0.457938
v -0.103250 2.585644 -0.481008
v -0.273793 2.636806 -0.104764
v -0.189269 2.607918 -0.328413
v -0.273082 2.648649 -0.104764
v -0.269551 2.667384 -0.104762
v -0.266245 2.682105 -0.104762
v -0.258737 2.690278 -0.104762
v -0.243666 2.692513 -0.104762
v -0.221083 2.692578 -0.104762
v -0.204347 2.692669 -0.104762
v -0.083058 2.631661 -0.432741
v -0.102296 2.627867 -0.410464
v -0.125981 2.624384 -0.380972
v -0.145956 2.621196 -0.359874
v -0.158019 2.619423 -0.349788
v -0.166375 2.617551 -0.343268
v -0.173978 2.614799 -0.337272
v -0.119214 2.581431 -0.470676
v -0.137239 2.583739 -0.448887
v -0.148604 2.585876 -0.431707
v -0.164485 2.588376 -0.404089
v -0.174932 2.590617 -0.384589
v -0.179984 2.591350 -0.377723
v -0.181764 2.592018 -0.373683
v -0.183266 2.592434 -0.370464
v 0.029466 2.594923 -0.173799
v 0.093645 2.611346 -0.226712
v 0.080545 2.586939 -0.209805
v -0.007742 2.593108 -0.171528
v 0.051085 2.636454 -0.215339
v 0.094611 2.599925 -0.292849
v -0.096030 2.586939 -0.209807
v -0.109150 2.611300 -0.226649
v -0.044950 2.594923 -0.173799
v -0.066570 2.636454 -0.215339
v -0.007742 2.638330 -0.218500
v 0.050774 2.629175 -0.300092
v 0.059502 2.566667 -0.385439
v 0.033199 2.593144 -0.392050
v 0.015738 2.563345 -0.405641
v 0.007937 2.575948 -0.408390
v -0.007742 2.564008 -0.407593
v -0.007743 2.578915 -0.409936
v -0.023422 2.575738 -0.408406
v -0.007742 2.595371 -0.392234
v -0.048698 2.592835 -0.392012
v -0.007742 2.627455 -0.299734
v -0.066304 2.629064 -0.299934
v -0.110276 2.599454 -0.292249
v -0.075044 2.566229 -0.385257
v -0.031222 2.563064 -0.405662
v -0.007741 2.540699 -0.375980
v -0.007742 2.553690 -0.401875
v -0.007742 2.566947 -0.288346
v -0.110276 2.599454 -0.292249
v -0.109150 2.611300 -0.226649
v -0.007742 2.589088 -0.232137
v 0.094611 2.599925 -0.292849
v 0.093645 2.611346 -0.226712
v 0.644686 2.461613 0.441217
v 0.631554 2.586394 0.372537
v 0.659377 2.510315 0.270945
v 0.645359 2.591314 0.228347
v 0.617641 2.673738 0.316442
v 0.620715 2.667362 0.181579
v 0.593547 2.761750 0.251387
v 0.545749 2.779613 0.424597
v 0.521148 2.883809 0.336207
v 0.554351 2.681707 0.495206
v 0.552063 2.545081 0.582301
v 0.626960 2.273366 0.616966
v 0.673430 2.399872 0.322635
v 0.636929 2.393348 0.136508
v 0.627852 2.462476 0.108461
v 0.614004 2.530964 0.076976
v 0.600949 2.724012 0.148675
v 0.569142 2.833467 0.196474
v 0.491350 2.966992 0.240988
v 0.402288 3.054134 0.271083
v 0.599906 2.598383 0.046248
v 0.703358 2.282956 0.378814
v 0.651977 2.303771 0.169265
v 0.686912 2.215380 0.197635
v 0.460216 2.753197 0.577062
v 0.455990 2.853855 0.500511
v 0.432780 2.969098 0.400340
v 0.334902 3.095162 0.290533
v 0.327836 3.018499 0.446231
v 0.298671 3.103922 0.329693
v 0.308388 3.117036 0.244058
v -0.007739 2.179891 -0.182410
v -0.007739 2.201664 -0.202947
v -0.108142 2.184027 -0.176676
v -0.209579 2.163126 -0.146848
v -0.201120 2.193895 -0.162897
v -0.296895 2.178984 -0.126139
v -0.288244 2.209944 -0.141958
v -0.192103 2.219856 -0.185441
v -0.102323 2.207566 -0.197814
v -0.187548 2.228331 -0.207296
v -0.099693 2.213928 -0.217788
v -0.092005 2.228050 -0.257300
v -0.007739 2.222264 -0.260565
v -0.007739 2.207685 -0.222252
v 0.084214 2.213928 -0.217787
v -0.113693 2.153522 -0.161250
v -0.007739 2.149770 -0.167345
v -0.394470 2.210500 -0.091686
v 0.076528 2.228050 -0.257300
v 0.055487 2.275286 -0.305149
v 0.043012 2.298970 -0.342166
v -0.007739 2.269172 -0.306927
v -0.070964 2.275286 -0.305149
v -0.173200 2.242049 -0.249048
v -0.272587 2.252168 -0.190396
v -0.278896 2.238477 -0.165155
v -0.386567 2.243585 -0.106789
v -0.489874 2.262397 -0.047537
v -0.497509 2.216324 -0.034327
v -0.402163 2.170218 -0.079077
v -0.305484 2.139643 -0.111837
v -0.366112 2.295911 -0.161271
v -0.376894 2.277455 -0.131902
v -0.250741 2.267889 -0.235878
v -0.132584 2.288904 -0.300620
v -0.058489 2.298971 -0.342166
v -0.007739 2.292353 -0.343271
v 0.039143 2.331115 -0.389270
v -0.118730 2.053856 -0.139321
v -0.007739 2.048723 -0.147596
v -0.007739 2.109896 -0.156126
v -0.116498 2.113869 -0.149085
v -0.211438 2.064075 -0.123320
v -0.215606 2.123548 -0.133339
v -0.312248 2.081186 -0.099521
v -0.413000 2.110543 -0.066964
v -0.509053 2.153059 -0.021306
v -0.588543 2.208419 0.041710
v -0.574889 2.279437 0.025137
v -0.567389 2.335105 0.006480
v -0.483324 2.301186 -0.062585
v -0.456734 2.360222 -0.123791
v -0.327148 2.308349 -0.217481
v -0.474615 2.340588 -0.088007
v -0.560140 2.388869 -0.017070
v -0.643330 2.462476 0.108459
v -0.652409 2.393351 0.136510
v -0.667462 2.303771 0.169267
v -0.702400 2.215385 0.197638
v -0.621434 2.114532 0.045648
v -0.506959 2.067387 -0.025233
v -0.410779 2.035733 -0.067882
v -0.303789 2.014590 -0.100361
v -0.615383 2.598385 0.046248
v -0.629483 2.530965 0.076978
v -0.590032 2.698825 -0.022549
v -0.559792 2.462115 -0.050150
v -0.287332 2.807749 -0.272758
v -0.304659 2.813299 -0.257368
v -0.279731 2.784954 -0.278593
v -0.301086 2.769676 -0.278148
v -0.316833 2.819281 -0.246772
v -0.349239 2.819636 -0.234817
v -0.340811 2.766579 -0.268498
v -0.433605 2.823661 -0.195696
v -0.420317 2.756563 -0.245899
v -0.507405 2.814112 -0.149076
v -0.492053 2.714598 -0.215428
v -0.559021 2.768841 -0.091274
v -0.526652 2.655112 -0.178371
v -0.536488 2.549573 -0.128274
v -0.507521 2.430480 -0.113897
v -0.264246 2.744827 -0.296085
v -0.495185 2.878099 -0.113107
v -0.544400 2.868569 -0.040647
v -0.426749 2.866020 -0.175250
v -0.348496 2.848787 -0.223239
v -0.447437 2.592622 -0.261652
v -0.455636 2.498904 -0.222207
v -0.436033 2.410040 -0.193264
v -0.394185 2.359067 -0.198528
v -0.415557 2.895000 -0.170336
v -0.477426 2.917139 -0.100379
v -0.515097 2.926890 -0.027318
v -0.549735 2.924137 0.065334
v -0.583403 2.835673 0.045203
v -0.573673 2.881578 0.152093
v -0.608121 2.765120 0.121917
v -0.429734 2.971041 -0.109283
v -0.453762 2.989798 -0.024741
v -0.476749 3.004972 0.070983
v -0.495012 3.001214 0.161684
v -0.378413 3.087914 0.157658
v -0.362692 3.078259 0.057476
v -0.352002 3.061157 -0.045453
v -0.283387 3.138750 0.150687
v -0.267284 3.124806 0.033278
v -0.203971 3.163197 0.152546
v -0.229007 3.145579 0.286328
v -0.254199 3.148217 0.233571
v -0.292313 3.133919 0.225796
v -0.323865 3.117039 0.244058
v -0.417765 3.054165 0.271083
v -0.506827 2.967019 0.240990
v -0.584619 2.833481 0.196474
v -0.616426 2.724014 0.148675
v -0.247012 3.128716 0.334928
v -0.193703 3.122092 0.364369
v 0.161838 3.119204 -0.117302
v 0.160362 3.090583 -0.195608
v 0.240240 3.076286 -0.167782
v 0.109353 3.116998 -0.148708
v 0.117320 3.149134 -0.003046
v 0.079598 3.147250 -0.016179
v 0.088399 3.170220 0.145219
v -0.007739 3.166852 0.135111
v 0.098854 3.159372 0.268878
v -0.007739 3.159126 0.267965
v 0.117513 3.120113 0.379036
v -0.007739 3.121226 0.392556
v -0.132990 3.120113 0.379036
v -0.114331 3.159365 0.268878
v -0.158005 3.156775 0.269688
v -0.147521 3.169911 0.150092
v -0.184940 3.144940 0.012424
v -0.103876 3.170204 0.145219
v -0.132797 3.149107 -0.003046
v -0.177315 3.119169 -0.117302
v -0.259944 3.103071 -0.082792
v -0.255718 3.076302 -0.167782
v -0.341271 3.035943 -0.140009
v -0.312737 2.992460 -0.209819
v -0.379611 2.938173 -0.180816
v -0.324282 2.916199 -0.223680
v -0.344956 2.872073 -0.219413
v -0.316856 2.866256 -0.234473
v -0.319149 2.844127 -0.237601
v -0.311468 2.862341 -0.243433
v -0.311966 2.840130 -0.245757
v -0.280270 2.967272 -0.240604
v -0.240049 3.024915 -0.237547
v -0.175840 3.090541 -0.195608
v -0.124830 3.116962 -0.148708
v -0.095077 3.147224 -0.016179
v -0.052542 3.142314 -0.029613
v -0.089381 3.107794 -0.171838
v -0.124959 3.087366 -0.217645
v -0.170193 3.031993 -0.260705
v -0.224016 2.990965 -0.259676
v -0.257849 2.955399 -0.253320
v -0.300427 2.909425 -0.238665
v -0.021725 3.140081 -0.034868
v -0.007739 3.140265 -0.035109
v -0.046862 3.084373 -0.208030
v -0.089219 3.075743 -0.238669
v -0.124291 3.020177 -0.280484
v -0.169622 2.991158 -0.277898
v -0.204317 2.970259 -0.270522
v -0.226126 2.955681 -0.270720
v -0.261675 2.941953 -0.259234
v -0.296451 2.904817 -0.248171
v -0.018538 3.068881 -0.227318
v -0.045937 3.047202 -0.269309
v -0.091943 2.998780 -0.299366
v -0.128346 2.971199 -0.295214
v -0.098654 2.936400 -0.312250
v -0.051539 2.963570 -0.324503
v -0.019013 3.027758 -0.285070
v -0.101451 2.881183 -0.311150
v -0.063083 2.896706 -0.337240
v -0.022794 2.944789 -0.334686
v -0.159357 2.960321 -0.285267
v -0.128509 2.936487 -0.295657
v -0.111613 2.908277 -0.303223
v -0.119907 2.904093 -0.299919
v -0.109209 2.876587 -0.305954
v -0.082290 2.846078 -0.341949
v -0.032757 2.885571 -0.352853
v -0.007831 2.942989 -0.336847
v -0.007756 3.025514 -0.286576
v -0.007739 3.067956 -0.228449
v -0.007850 2.886084 -0.359645
v -0.185252 2.954817 -0.281999
v -0.147695 2.937723 -0.290893
v -0.119970 2.809797 -0.351110
v -0.115816 2.825602 -0.327271
v -0.118294 2.856877 -0.300717
v -0.119905 2.870482 -0.301223
v -0.125550 2.867346 -0.300075
v -0.114025 2.856593 -0.303104
v -0.115366 2.873614 -0.302264
v -0.108816 2.856558 -0.308171
v -0.124267 2.895658 -0.301584
v -0.144376 2.920500 -0.298741
v -0.175711 2.938800 -0.294582
v -0.214791 2.946046 -0.287150
v -0.255785 2.936988 -0.275782
v -0.294550 2.903401 -0.262765
v -0.308622 2.865503 -0.254241
v -0.303841 2.866380 -0.267148
v -0.291362 2.897361 -0.279568
v -0.256516 2.924755 -0.291316
v -0.216121 2.932860 -0.299026
v -0.178664 2.926701 -0.303018
v -0.147920 2.910683 -0.303985
v -0.128646 2.889561 -0.303343
v -0.133812 2.884739 -0.303188
v -0.145575 2.879022 -0.288945
v -0.135221 2.865848 -0.291177
v -0.161869 2.890772 -0.284769
v -0.152013 2.903095 -0.304733
v -0.213096 2.860596 -0.208795
v -0.182486 2.900136 -0.283400
v -0.180760 2.916388 -0.305207
v -0.215743 2.920493 -0.303673
v -0.253427 2.913203 -0.297739
v -0.284307 2.891103 -0.286830
v -0.298187 2.865564 -0.274427
v -0.301414 2.849659 -0.268410
v -0.286532 2.853229 -0.261820
v -0.284195 2.843982 -0.260261
v -0.282683 2.867189 -0.268284
v -0.269074 2.887332 -0.278568
v -0.239564 2.901781 -0.283053
v -0.208241 2.904447 -0.283611
v -0.309843 2.845010 -0.253598
v -0.304116 2.825684 -0.259447
v -0.301660 2.832734 -0.265412
v -0.287196 2.818530 -0.277072
v -0.285358 2.826692 -0.279133
v -0.263802 2.817767 -0.292487
v -0.258030 2.831343 -0.272152
v -0.236704 2.827435 -0.281855
v -0.273818 2.837032 -0.263947
v -0.298276 2.837760 -0.269179
v -0.306063 2.848128 -0.262594
v -0.263795 2.807148 -0.291115
v -0.144947 2.787072 -0.346030
v -0.143965 2.796209 -0.328412
v -0.173106 2.756464 -0.339910
v -0.173824 2.767057 -0.326162
v -0.168359 2.782787 -0.316108
v -0.193235 2.769778 -0.312418
v -0.172598 2.792354 -0.312756
v -0.200955 2.784225 -0.308406
v -0.174505 2.807336 -0.312759
v -0.203156 2.800340 -0.310102
v -0.176718 2.818833 -0.311254
v -0.205255 2.812995 -0.310081
v -0.185557 2.827635 -0.295263
v -0.212531 2.825961 -0.289528
v -0.235071 2.812874 -0.303751
v -0.233573 2.800862 -0.302904
v -0.262218 2.792972 -0.287439
v -0.231459 2.785034 -0.299897
v -0.221009 2.764961 -0.304374
v -0.202467 2.746811 -0.319183
v -0.235920 2.739808 -0.306237
v -0.251250 2.769746 -0.293097
v -0.149918 2.769933 -0.386029
v -0.174437 2.735126 -0.370486
v -0.201441 2.723408 -0.331466
v -0.226821 2.706063 -0.320311
v -0.247369 2.696394 -0.312821
v -0.275162 2.691277 -0.306502
v -0.311546 2.687332 -0.302630
v -0.373162 2.670174 -0.296099
v -0.425391 2.633032 -0.279566
v 0.017070 2.885289 -0.353247
v -0.007814 2.853703 -0.379247
v -0.042328 2.850411 -0.371208
v -0.088490 2.826346 -0.364881
v -0.127366 2.791347 -0.393791
v -0.154515 2.758670 -0.421520
v -0.176867 2.721859 -0.406017
v -0.200189 2.691806 -0.350631
v -0.222274 2.670504 -0.336352
v -0.236068 2.657699 -0.332366
v 0.007151 2.944859 -0.334810
v 0.047486 2.896033 -0.337630
v 0.003502 3.027889 -0.285070
v 0.035970 2.963422 -0.324675
v 0.083263 2.935846 -0.312694
v 0.113712 2.936542 -0.295068
v 0.104101 2.902966 -0.299957
v 0.131902 2.937143 -0.290940
v 0.095949 2.906861 -0.303234
v 0.086112 2.879993 -0.311003
v 0.066752 2.845383 -0.342162
v 0.026697 2.850137 -0.371612
v -0.007793 2.843240 -0.389555
v 0.072951 2.825863 -0.365134
v 0.030443 2.839606 -0.384280
v 0.126603 2.806837 -0.313886
v 0.104256 2.840751 -0.305287
v 0.101619 2.837303 -0.309645
v 0.100297 2.825023 -0.327296
v 0.104492 2.809318 -0.351144
v 0.111883 2.791393 -0.393828
v 0.080219 2.808704 -0.405046
v 0.033341 2.823189 -0.418097
v -0.007753 2.826165 -0.421532
v -0.046033 2.839576 -0.383973
v -0.095711 2.808572 -0.404965
v -0.048850 2.823059 -0.418003
v -0.049030 2.799874 -0.476785
v -0.007739 2.801123 -0.481187
v -0.098434 2.792043 -0.457353
v -0.132569 2.779246 -0.434666
v 0.130818 2.824382 -0.309875
v 0.157301 2.791883 -0.312683
v 0.159260 2.807168 -0.312853
v 0.128342 2.814177 -0.310824
v 0.153776 2.781911 -0.315765
v 0.128210 2.796111 -0.328345
v 0.129460 2.786988 -0.345878
v 0.134382 2.770328 -0.386236
v 0.138956 2.759038 -0.421803
v 0.117076 2.779461 -0.434729
v 0.082958 2.792197 -0.457355
v 0.033555 2.800027 -0.476787
v 0.195815 2.826254 -0.289689
v 0.169087 2.826946 -0.297223
v 0.189057 2.813649 -0.309615
v 0.161362 2.818744 -0.311454
v 0.187208 2.800890 -0.309828
v 0.185152 2.784382 -0.308243
v 0.178222 2.769837 -0.312072
v 0.158032 2.767281 -0.326532
v 0.157536 2.756776 -0.340353
v 0.158688 2.735995 -0.371440
v 0.161097 2.722889 -0.406985
v 0.186455 2.747587 -0.319683
v 0.205160 2.765836 -0.304369
v 0.214647 2.786041 -0.299657
v 0.216292 2.801922 -0.302393
v 0.217422 2.813964 -0.302962
v 0.219178 2.828302 -0.281221
v 0.198398 2.860697 -0.208013
v 0.140004 2.835840 -0.299037
v 0.133468 2.832567 -0.307346
v 0.190799 2.601386 -0.361535
v 0.186159 2.593661 -0.361335
v 0.194131 2.595884 -0.356667
v 0.199270 2.607641 -0.356404
v 0.194895 2.613922 -0.362473
v 0.202901 2.634821 -0.352638
v 0.193538 2.642411 -0.365260
v 0.184318 2.693587 -0.351843
v 0.206521 2.671934 -0.337238
v 0.185714 2.724938 -0.332167
v 0.211153 2.707431 -0.321144
v 0.219852 2.740818 -0.306646
v 0.234076 2.770838 -0.293164
v 0.243571 2.794476 -0.287126
v 0.244629 2.808586 -0.290544
v 0.206644 2.563952 -0.348953
v 0.196392 2.561568 -0.355615
v 0.207933 2.553810 -0.349888
v 0.220045 2.559199 -0.343372
v 0.215020 2.575915 -0.344901
v 0.252171 2.583007 -0.331967
v 0.232370 2.610374 -0.337429
v 0.257786 2.627735 -0.326179
v 0.238102 2.643189 -0.328895
v 0.259635 2.691195 -0.306185
v 0.231742 2.697191 -0.313226
v 0.247318 2.745962 -0.296156
v 0.260202 2.785808 -0.279218
v 0.267320 2.809523 -0.272600
v 0.267138 2.820022 -0.276782
v 0.244468 2.819121 -0.291658
v 0.222718 2.618829 -0.340487
v 0.208342 2.591370 -0.348338
v 0.202603 2.577500 -0.349746
v 0.220427 2.658527 -0.332877
v 0.211830 2.628543 -0.345327
v 0.203775 2.600095 -0.351752
v 0.197431 2.589537 -0.353180
v 0.192494 2.580048 -0.354371
v 0.195626 2.569371 -0.353822
v 0.188613 2.589202 -0.357891
v 0.185227 2.582857 -0.358895
v 0.186913 2.574772 -0.358690
v 0.186710 2.569486 -0.360777
v 0.183272 2.559731 -0.369399
v 0.134240 2.525077 -0.442118
v 0.099546 2.550940 -0.471541
v 0.104473 2.516532 -0.465260
v 0.128166 2.554046 -0.448602
v 0.156220 2.536343 -0.416664
v 0.148910 2.559891 -0.423341
v 0.170976 2.545272 -0.393291
v 0.162585 2.564576 -0.400558
v 0.175022 2.572025 -0.376141
v 0.179609 2.577186 -0.366631
v 0.180455 2.580625 -0.364148
v 0.180059 2.586009 -0.363209
v 0.182339 2.589752 -0.362028
v 0.173872 2.590665 -0.368308
v 0.173325 2.588801 -0.370111
v 0.172155 2.587348 -0.373083
v 0.167473 2.584348 -0.383583
v 0.155306 2.579810 -0.408175
v 0.142616 2.576820 -0.430571
v 0.122836 2.573277 -0.455780
v 0.094784 2.572617 -0.478849
v 0.061679 2.572411 -0.496158
v 0.065614 2.550204 -0.488872
v 0.027146 2.570618 -0.505753
v 0.029382 2.548497 -0.498837
v 0.147764 2.588985 -0.411236
v 0.134426 2.587572 -0.433457
v 0.160970 2.591084 -0.386723
v 0.166033 2.592398 -0.376019
v 0.167396 2.592927 -0.372762
v 0.168354 2.593529 -0.370238
v 0.173329 2.592268 -0.368667
v 0.178343 2.590575 -0.365094
v 0.176601 2.592580 -0.368010
v 0.180414 2.592744 -0.365273
v 0.178556 2.594714 -0.369234
v 0.183832 2.597150 -0.365782
v 0.181354 2.599994 -0.371576
v 0.187519 2.605701 -0.367746
v 0.172095 2.592974 -0.370728
v 0.170344 2.593111 -0.374056
v 0.174685 2.593668 -0.371755
v 0.165888 2.593619 -0.374949
v 0.167396 2.594081 -0.371725
v 0.168242 2.594117 -0.370078
v 0.168384 2.592782 -0.378040
v 0.172684 2.594050 -0.376176
v 0.176505 2.596229 -0.374213
v 0.139190 2.748437 -0.453390
v 0.157842 2.715343 -0.439748
v 0.176254 2.681999 -0.396122
v 0.181913 2.646459 -0.398007
v 0.189156 2.620342 -0.373839
v 0.183119 2.609710 -0.378282
v 0.178350 2.626092 -0.401343
v 0.166096 2.648762 -0.433464
v 0.165407 2.679909 -0.434682
v 0.150289 2.710566 -0.458513
v 0.135751 2.740530 -0.470021
v 0.117756 2.765146 -0.472484
v 0.116202 2.754808 -0.489788
v 0.082740 2.771907 -0.503500
v 0.082231 2.755339 -0.523911
v 0.032254 2.772329 -0.527609
v 0.031239 2.750186 -0.552221
v -0.007739 2.771939 -0.531754
v -0.007739 2.748848 -0.556730
v -0.007739 2.724476 -0.573232
v 0.165026 2.592055 -0.385231
v 0.169382 2.593973 -0.384098
v 0.158625 2.592881 -0.406179
v 0.173180 2.597282 -0.382845
v 0.177720 2.602518 -0.381032
v 0.172838 2.612899 -0.403500
v 0.162374 2.627963 -0.433355
v 0.150991 2.645716 -0.456800
v 0.152440 2.674954 -0.457004
v 0.133929 2.667546 -0.477087
v 0.138317 2.695115 -0.474681
v 0.156806 2.613737 -0.434806
v 0.167552 2.603850 -0.404784
v 0.162718 2.597174 -0.405669
v 0.151313 2.603846 -0.435845
v 0.143129 2.612802 -0.456264
v 0.147612 2.626589 -0.456168
v 0.125546 2.621867 -0.483885
v 0.127479 2.637507 -0.485641
v 0.100281 2.630229 -0.512225
v 0.096530 2.643320 -0.517043
v 0.092900 2.642144 -0.519953
v 0.104236 2.667683 -0.525693
v 0.099941 2.644435 -0.514385
v 0.105167 2.669245 -0.521431
v 0.110973 2.671072 -0.518049
v 0.114704 2.698112 -0.522684
v 0.119081 2.674066 -0.511390
v 0.103899 2.645791 -0.510948
v 0.110453 2.648570 -0.505137
v 0.123840 2.658380 -0.490568
v 0.129598 2.682677 -0.494442
v 0.107438 2.695456 -0.525016
v 0.109226 2.695319 -0.530917
v 0.101082 2.665361 -0.531741
v 0.079337 2.659975 -0.547343
v 0.069017 2.638107 -0.535441
v 0.067401 2.625720 -0.533372
v 0.098441 2.617934 -0.509731
v 0.122407 2.609925 -0.482424
v 0.138507 2.602884 -0.455992
v 0.146334 2.596466 -0.436087
v 0.026121 2.618713 -0.542607
v 0.065877 2.614916 -0.529720
v 0.096245 2.607826 -0.506894
v 0.118670 2.600605 -0.480972
v 0.134215 2.595031 -0.455153
v 0.142329 2.591270 -0.435910
v 0.154178 2.590119 -0.406272
v 0.159049 2.592094 -0.385892
v 0.164110 2.592888 -0.378994
v 0.130675 2.589515 -0.454166
v 0.112000 2.587612 -0.477337
v 0.115002 2.593048 -0.479230
v 0.088956 2.586991 -0.498256
v 0.091217 2.592292 -0.500840
v 0.093787 2.599393 -0.503851
v 0.059298 2.586079 -0.515727
v 0.060936 2.591176 -0.518716
v 0.062725 2.597963 -0.522217
v 0.064375 2.605867 -0.525916
v 0.138224 2.587940 -0.434878
v 0.126967 2.585934 -0.452455
v 0.108780 2.584042 -0.474963
v 0.086500 2.583256 -0.495288
v 0.057680 2.582281 -0.512358
v 0.022479 2.585746 -0.524875
v 0.022967 2.590481 -0.527995
v 0.023783 2.596330 -0.531524
v 0.024659 2.602715 -0.535086
v 0.025271 2.609836 -0.538669
v 0.148574 2.589773 -0.405498
v 0.132816 2.587076 -0.432707
v 0.121584 2.584917 -0.449425
v 0.103664 2.582946 -0.470819
v 0.082338 2.581964 -0.489793
v 0.055275 2.580985 -0.505113
v 0.022083 2.580997 -0.514355
v 0.022177 2.582080 -0.521488
v -0.007743 2.582207 -0.515172
v -0.101993 2.581795 -0.495368
v -0.070764 2.580216 -0.505171
v -0.073163 2.581471 -0.512417
v -0.037568 2.580783 -0.514371
v -0.037657 2.581822 -0.521503
v -0.007739 2.583165 -0.520557
v -0.007739 2.586929 -0.523609
v -0.007739 2.591420 -0.526523
v -0.007739 2.596406 -0.529418
v -0.007739 2.600876 -0.531891
v -0.007739 2.605397 -0.534382
v -0.007739 2.610437 -0.537149
v -0.044523 2.631059 -0.547527
v -0.041602 2.618322 -0.542631
v -0.007739 2.617127 -0.540550
v -0.040751 2.609485 -0.538690
v -0.040142 2.602396 -0.535105
v -0.039264 2.596037 -0.531541
v -0.038449 2.590205 -0.528011
v -0.037959 2.585478 -0.524890
v -0.076420 2.590229 -0.518782
v -0.074784 2.585175 -0.515790
v -0.106710 2.590708 -0.500911
v -0.104448 2.585468 -0.498332
v -0.078209 2.596955 -0.522287
v -0.079860 2.604797 -0.525990
v -0.081362 2.613768 -0.529800
v -0.082886 2.624480 -0.533457
v -0.084500 2.636803 -0.535530
v -0.052502 2.654158 -0.562096
v -0.094813 2.658844 -0.547419
v -0.058326 2.679231 -0.574651
v -0.102388 2.686285 -0.556507
v -0.116559 2.664530 -0.531782
v -0.121742 2.694431 -0.540086
v -0.124704 2.694959 -0.530922
v -0.126601 2.702464 -0.530411
v -0.122918 2.695085 -0.525017
v -0.128075 2.704258 -0.528231
v -0.130188 2.697788 -0.522669
v -0.120653 2.668510 -0.521435
v -0.119718 2.666920 -0.525714
v -0.108381 2.640771 -0.520022
v -0.129630 2.703942 -0.525582
v -0.135207 2.719876 -0.523068
v -0.129582 2.720573 -0.531242
v -0.123001 2.714240 -0.541103
v -0.138366 2.705174 -0.516944
v -0.134590 2.673503 -0.511298
v -0.143937 2.714659 -0.503288
v -0.135452 2.729790 -0.515528
v -0.126683 2.729913 -0.527943
v -0.118703 2.726190 -0.539444
v -0.103248 2.705119 -0.560501
v -0.059052 2.696460 -0.580556
v -0.007740 2.694552 -0.586183
v -0.007741 2.678107 -0.580278
v -0.007740 2.651644 -0.565137
v -0.100206 2.718913 -0.558172
v -0.058327 2.710694 -0.578736
v -0.007739 2.708237 -0.584807
v -0.046716 2.750040 -0.552223
v -0.056189 2.726705 -0.566702
v -0.092558 2.732816 -0.547393
v -0.109809 2.739114 -0.528941
v -0.118065 2.741307 -0.518819
v -0.129514 2.741772 -0.504653
v -0.144768 2.730565 -0.487565
v -0.153907 2.694671 -0.474299
v -0.145146 2.682158 -0.494200
v -0.149541 2.666810 -0.476643
v -0.047731 2.772192 -0.527607
v -0.097708 2.755201 -0.523909
v -0.131686 2.754648 -0.489763
v -0.151283 2.740258 -0.469833
v -0.165911 2.710069 -0.458025
v -0.168160 2.674114 -0.456196
v -0.143065 2.636391 -0.485305
v -0.166751 2.644617 -0.455866
v -0.163370 2.625343 -0.455242
v -0.178217 2.626519 -0.432155
v -0.172655 2.612230 -0.433584
v -0.098217 2.771767 -0.503498
v -0.133245 2.764970 -0.472445
v -0.154736 2.748125 -0.453152
v -0.173525 2.714638 -0.439063
v -0.181216 2.678886 -0.433592
v -0.192095 2.680576 -0.394943
v -0.181929 2.647601 -0.432303
v -0.197749 2.644860 -0.396863
v -0.194184 2.624552 -0.400207
v -0.204995 2.618529 -0.372702
v -0.198972 2.607890 -0.377093
v -0.203361 2.603873 -0.366600
v -0.197214 2.598158 -0.370369
v -0.199691 2.595291 -0.364584
v -0.194420 2.592901 -0.368015
v -0.188669 2.611209 -0.402360
v -0.193570 2.600542 -0.379848
v -0.192361 2.594228 -0.373014
v -0.193044 2.590950 -0.370110
v -0.192466 2.590786 -0.366778
v -0.187961 2.591270 -0.369482
v -0.189194 2.590517 -0.367429
v -0.183390 2.602194 -0.403613
v -0.189027 2.595380 -0.381669
v -0.191040 2.591453 -0.374538
v -0.186208 2.591462 -0.372817
v -0.183266 2.592434 -0.370464
v -0.184114 2.592429 -0.368814
v -0.184229 2.591833 -0.368976
v -0.181764 2.592018 -0.373683
v -0.184248 2.591204 -0.376803
v -0.179984 2.591350 -0.377723
v -0.185233 2.592419 -0.382893
v -0.180883 2.590566 -0.384004
v -0.174932 2.590617 -0.384589
v -0.178573 2.595814 -0.404438
v -0.174496 2.591524 -0.404894
v -0.170065 2.588749 -0.404928
v -0.164485 2.588376 -0.404089
v -0.167158 2.602591 -0.434631
v -0.162162 2.595222 -0.434931
v -0.158139 2.590054 -0.434820
v -0.154017 2.586743 -0.433843
v -0.148604 2.585876 -0.431707
v -0.158865 2.611760 -0.455416
v -0.154216 2.601812 -0.455240
v -0.149901 2.593932 -0.454484
v -0.146344 2.588396 -0.453562
v -0.142622 2.584797 -0.451897
v -0.137239 2.583739 -0.448887
v -0.141129 2.620724 -0.483573
v -0.137982 2.608656 -0.482150
v -0.134234 2.599256 -0.480748
v -0.130561 2.591607 -0.479033
v -0.127551 2.586137 -0.477172
v -0.124325 2.582539 -0.474815
v -0.119214 2.581431 -0.470676
v -0.139404 2.657509 -0.490295
v -0.115774 2.628764 -0.512256
v -0.113934 2.616376 -0.509777
v -0.111741 2.606235 -0.506951
v -0.109282 2.597798 -0.503917
v -0.097836 2.580541 -0.489869
v -0.115432 2.643162 -0.514408
v -0.112015 2.641990 -0.517091
v -0.126466 2.670419 -0.518020
v -0.125971 2.647467 -0.505047
v -0.119398 2.644600 -0.510933
v -0.055675 2.594034 -0.489664
v -0.016145 2.594497 -0.501605
v -0.016855 2.620440 -0.507208
v -0.007751 2.620049 -0.504462
v -0.007752 2.658879 -0.505817
v 0.002725 2.658758 -0.507608
v 0.001355 2.620435 -0.506178
v 0.040009 2.656869 -0.497563
v 0.040929 2.621277 -0.494712
v 0.045797 2.621356 -0.480618
v 0.040173 2.595898 -0.487624
v 0.000645 2.595191 -0.499673
v -0.007751 2.596270 -0.498011
v -0.007750 2.659348 -0.485995
v 0.044709 2.656216 -0.483254
v -0.018226 2.658617 -0.507610
v -0.056432 2.620359 -0.495764
v -0.061882 2.597012 -0.479958
v -0.053115 2.588015 -0.483215
v -0.015996 2.587704 -0.494714
v -0.007751 2.593811 -0.489887
v 0.000496 2.589165 -0.492568
v 0.037613 2.590909 -0.480991
v 0.046379 2.598550 -0.478056
v -0.007751 2.620967 -0.484591
v -0.060213 2.655286 -0.483205
v -0.061301 2.619814 -0.481621
v -0.055514 2.656049 -0.497543
v -0.060213 2.655286 -0.483205
v -0.007751 2.593811 -0.489887
v 0.037613 2.590909 -0.480991
v 0.000496 2.589165 -0.492568
v -0.061301 2.619814 -0.481621
v -0.061882 2.597012 -0.479958
v -0.015996 2.587704 -0.494714
v -0.053115 2.588015 -0.483215
v -0.131845 2.856355 -0.291859
v -0.136059 2.850238 -0.293923
v -0.128388 2.849136 -0.300577
v -0.123597 2.856280 -0.298621
v -0.124168 2.845578 -0.303044
v -0.119862 2.841293 -0.305304
v -0.117057 2.837957 -0.309714
v -0.141788 2.807701 -0.314025
v -0.143899 2.814729 -0.310852
v -0.146399 2.824860 -0.309853
v -0.149122 2.832993 -0.307300
v -0.156629 2.836468 -0.297903
v -0.165043 2.639746 -0.334574
v -0.183158 2.645083 -0.283108
v -0.180716 2.592579 -0.278551
v -0.196710 2.605108 -0.238275
v -0.192292 2.658296 -0.246319
v -0.150227 2.665534 -0.247807
v -0.149564 2.616239 -0.237214
v -0.146058 2.604778 -0.275134
v -0.144922 2.591301 -0.313143
v -0.114847 2.587977 -0.371377
v -0.105703 2.596691 -0.375388
v -0.128020 2.589011 -0.395271
v -0.130529 2.581230 -0.386189
v -0.150302 2.585493 -0.377426
v -0.146200 2.579258 -0.370999
v -0.159083 2.590565 -0.326473
v -0.137310 2.598664 -0.318638
v -0.159376 2.585544 -0.318808
v -0.143836 2.641734 -0.385667
v -0.121706 2.645316 -0.404861
v -0.103083 2.649297 -0.387918
v -0.135565 2.649014 -0.330213
v -0.137310 2.598664 -0.318638
v -0.146058 2.604778 -0.275134
v -0.144922 2.591301 -0.313143
v -0.114847 2.587977 -0.371377
v -0.148990 2.656244 -0.282301
v -0.150227 2.665534 -0.247807
v -0.149564 2.616239 -0.237214
v 0.147755 2.891276 -0.285854
v 0.118589 2.884262 -0.303576
v 0.129439 2.879241 -0.290808
v 0.113354 2.889081 -0.303520
v 0.138444 2.903370 -0.305488
v 0.169779 2.900715 -0.284037
v 0.118931 2.865406 -0.292269
v 0.109991 2.866668 -0.300106
v 0.104331 2.869843 -0.301175
v 0.099810 2.872950 -0.302202
v 0.093359 2.855847 -0.308102
v 0.093772 2.875964 -0.305758
v 0.098483 2.855951 -0.303076
v 0.102736 2.856284 -0.300684
v 0.108041 2.855659 -0.298609
v 0.115672 2.855744 -0.292619
v 0.119642 2.849786 -0.294659
v 0.112705 2.848707 -0.300540
v 0.108533 2.845099 -0.303011
v 0.108805 2.895114 -0.301610
v 0.129954 2.920704 -0.298979
v 0.134071 2.910954 -0.304569
v 0.166234 2.927425 -0.303624
v 0.168824 2.917113 -0.306040
v 0.204049 2.921238 -0.304359
v 0.196100 2.905083 -0.284088
v 0.226378 2.901899 -0.282772
v 0.253532 2.887402 -0.277723
v 0.240606 2.913468 -0.297826
v 0.204247 2.933678 -0.299583
v 0.162557 2.939513 -0.294859
v 0.267918 2.854234 -0.260759
v 0.265159 2.868010 -0.267352
v 0.269165 2.891332 -0.286574
v 0.244014 2.925074 -0.291456
v 0.202512 2.946819 -0.287496
v 0.171214 2.955462 -0.282102
v 0.144731 2.960532 -0.285010
v 0.112470 2.970021 -0.295808
v 0.076496 2.998538 -0.299567
v 0.030448 3.047343 -0.269309
v 0.276141 2.897583 -0.279414
v 0.243737 2.937427 -0.276001
v 0.280678 2.866669 -0.274260
v 0.003058 3.069009 -0.227318
v 0.031385 3.084410 -0.208030
v 0.006246 3.140105 -0.034868
v 0.037064 3.142340 -0.029613
v 0.073904 3.107831 -0.171838
v 0.073741 3.075785 -0.238669
v 0.108756 3.020024 -0.280746
v 0.154199 2.991194 -0.278145
v 0.190090 2.970740 -0.270612
v 0.213942 2.956456 -0.270847
v 0.109482 3.087408 -0.217645
v 0.154683 3.031920 -0.260825
v 0.208963 2.991099 -0.259482
v 0.245474 2.956309 -0.253355
v 0.249976 2.942232 -0.259233
v 0.279339 2.903583 -0.262826
v 0.285495 2.867600 -0.267048
v 0.282797 2.850671 -0.268178
v 0.264883 2.845184 -0.259272
v 0.239620 2.832383 -0.271374
v 0.254843 2.838247 -0.262899
v 0.278767 2.838779 -0.269182
v 0.286736 2.849192 -0.262506
v 0.289084 2.866839 -0.254493
v 0.281374 2.904656 -0.248197
v 0.285209 2.909837 -0.238729
v 0.266187 2.967816 -0.240460
v 0.265470 2.827904 -0.278689
v 0.281729 2.834033 -0.265527
v 0.289681 2.846219 -0.253815
v 0.291396 2.863023 -0.243826
v 0.296564 2.868008 -0.234900
v 0.308915 2.916371 -0.223680
v 0.297258 2.992567 -0.209819
v 0.224558 3.024963 -0.237457
v 0.283461 2.827327 -0.259705
v 0.291565 2.840608 -0.246407
v 0.299203 2.846061 -0.237701
v 0.325320 2.872454 -0.219858
v 0.364134 2.938025 -0.180816
v 0.325794 3.035782 -0.140009
v 0.244467 3.103057 -0.082792
v 0.169463 3.144966 0.012424
v 0.132044 3.169927 0.150092
v 0.142527 3.156782 0.269688
v 0.178226 3.122092 0.364369
v 0.283315 2.813189 -0.258906
v 0.297802 2.821523 -0.246860
v 0.329402 2.849425 -0.223485
v 0.400080 2.894905 -0.170336
v 0.414257 2.970918 -0.109283
v 0.336525 3.061024 -0.045453
v 0.251807 3.124796 0.033278
v 0.188494 3.163190 0.152546
v 0.213529 3.145576 0.286328
v 0.231535 3.128715 0.334928
v 0.284139 2.771396 -0.277630
v 0.331005 2.820112 -0.234945
v 0.411272 2.866008 -0.175250
v 0.461949 2.917062 -0.100379
v 0.438285 2.989698 -0.024741
v 0.347215 3.078159 0.057476
v 0.267909 3.138743 0.150685
v 0.238722 3.148213 0.233571
v 0.326692 2.765787 -0.267999
v 0.296335 2.686274 -0.301441
v 0.418128 2.823654 -0.195696
v 0.479708 2.878090 -0.113109
v 0.499620 2.926826 -0.027318
v 0.461272 3.004898 0.070983
v 0.362936 3.087845 0.157658
v 0.276836 3.133914 0.225796
v 0.308388 3.117036 0.244058
v 0.402288 3.054134 0.271083
v 0.479534 3.001164 0.161683
v 0.534258 2.924093 0.065334
v 0.528923 2.868561 -0.040647
v 0.491928 2.814106 -0.149076
v 0.404852 2.756437 -0.245863
v 0.358029 2.668652 -0.294997
v 0.410108 2.631841 -0.278966
v 0.312942 2.563034 -0.315645
v 0.325285 2.530861 -0.311250
v 0.266356 2.525666 -0.326556
v 0.254641 2.491184 -0.331368
v 0.491350 2.966992 0.240988
v 0.558196 2.881551 0.152093
v 0.567926 2.835667 0.045203
v 0.543544 2.768836 -0.091274
v 0.476576 2.714556 -0.215428
v 0.432026 2.592170 -0.261448
v 0.327958 2.479200 -0.297814
v 0.237217 2.429955 -0.322603
v 0.302984 2.403284 -0.284393
v 0.440159 2.498865 -0.222207
v 0.420556 2.410017 -0.193262
v 0.511173 2.655077 -0.178371
v 0.574553 2.698822 -0.022549
v 0.592643 2.765117 0.121917
v 0.569142 2.833467 0.196474
v 0.599906 2.598383 0.046248
v 0.600949 2.724012 0.148675
v 0.217829 2.518611 -0.347633
v 0.200267 2.466183 -0.354888
v 0.183983 2.434551 -0.360293
v 0.213760 2.395348 -0.321119
v 0.270549 2.366238 -0.283097
v 0.378708 2.359055 -0.198528
v 0.492043 2.430473 -0.113897
v 0.441257 2.360222 -0.123793
v 0.459137 2.340586 -0.088007
v 0.361415 2.277455 -0.131902
v 0.467847 2.301186 -0.062585
v 0.371090 2.243583 -0.106789
v 0.474397 2.262397 -0.047537
v 0.378993 2.210500 -0.091686
v 0.482032 2.216324 -0.034327
v 0.288536 2.598606 -0.321064
v 0.264891 2.554687 -0.327656
v 0.221661 2.546483 -0.343181
v 0.205727 2.531377 -0.354833
v 0.190868 2.492806 -0.371631
v 0.175371 2.467536 -0.386241
v 0.151904 2.441253 -0.401979
v 0.159510 2.403544 -0.368305
v 0.182159 2.363953 -0.323441
v 0.227705 2.335982 -0.286987
v 0.194201 2.545822 -0.362387
v 0.181315 2.521060 -0.384492
v 0.165834 2.504298 -0.405446
v 0.142679 2.485424 -0.428125
v 0.111322 2.468190 -0.449218
v 0.119081 2.417322 -0.417661
v 0.125410 2.372721 -0.377464
v 0.144283 2.333248 -0.326160
v 0.175834 2.308894 -0.293876
v 0.311671 2.308349 -0.217481
v 0.235262 2.267887 -0.235878
v 0.350633 2.295911 -0.161273
v 0.257110 2.252168 -0.190396
v 0.084222 2.346900 -0.385155
v 0.091764 2.314944 -0.338990
v 0.079546 2.396027 -0.430695
v 0.074002 2.456214 -0.466488
v 0.069204 2.512710 -0.483313
v 0.172070 2.228331 -0.207296
v 0.157723 2.242049 -0.249048
v 0.117105 2.288904 -0.300620
v 0.036651 2.383651 -0.438331
v 0.033776 2.448569 -0.477015
v 0.031278 2.511042 -0.494135
v -0.007740 2.547460 -0.501889
v -0.007740 2.510227 -0.497631
v -0.007740 2.446043 -0.480430
v -0.007739 2.379157 -0.440683
v -0.007739 2.325065 -0.390370
v -0.054620 2.331121 -0.389270
v -0.107241 2.314949 -0.338990
v -0.191313 2.308906 -0.293876
v -0.007739 2.569888 -0.508522
v -0.042627 2.570316 -0.505775
v -0.243184 2.336000 -0.286987
v -0.159760 2.333269 -0.326160
v -0.099699 2.346911 -0.385155
v -0.052130 2.383659 -0.438331
v -0.049254 2.448269 -0.477039
v -0.046763 2.510420 -0.494183
v -0.044863 2.548082 -0.498868
v -0.081098 2.549055 -0.488958
v -0.077163 2.571439 -0.496231
v -0.115044 2.549560 -0.471554
v -0.110291 2.571118 -0.478858
v -0.130250 2.584825 -0.457938
v -0.138442 2.572134 -0.455400
v -0.103250 2.585644 -0.481008
v -0.072133 2.586303 -0.497937
v -0.040027 2.585287 -0.506813
v -0.007743 2.585007 -0.509174
v 0.024540 2.585540 -0.506794
v 0.056644 2.587137 -0.497874
v 0.087737 2.587136 -0.480992
v 0.114644 2.586129 -0.458299
v -0.196276 2.590905 -0.364055
v -0.194208 2.588762 -0.363871
v -0.189736 2.588920 -0.367076
v -0.189189 2.587091 -0.368882
v -0.183272 2.591269 -0.371500
v -0.188013 2.585703 -0.371870
v -0.181904 2.590798 -0.374766
v -0.183327 2.582963 -0.382367
v -0.176829 2.589176 -0.385494
v -0.171180 2.578508 -0.406867
v -0.163670 2.587606 -0.409842
v -0.158405 2.575680 -0.429547
v -0.150217 2.586380 -0.432447
v -0.143758 2.553135 -0.448249
v -0.164676 2.558899 -0.422385
v -0.178433 2.563363 -0.399342
v -0.190856 2.570552 -0.374995
v -0.195457 2.575594 -0.365451
v -0.196305 2.578887 -0.362964
v -0.195916 2.584212 -0.362002
v -0.198198 2.587911 -0.360825
v -0.202006 2.591826 -0.360172
v -0.201074 2.581056 -0.357726
v -0.202753 2.573133 -0.357541
v -0.202540 2.567844 -0.359659
v -0.199084 2.558319 -0.368324
v -0.186781 2.544238 -0.392222
v -0.171905 2.535690 -0.415976
v -0.149791 2.524541 -0.441887
v -0.119954 2.515609 -0.465298
v -0.084683 2.511561 -0.483401
v -0.208313 2.578346 -0.353296
v -0.204449 2.587407 -0.356763
v -0.211435 2.567763 -0.352784
v -0.212192 2.560024 -0.354596
v -0.209976 2.544557 -0.361442
v -0.197010 2.520377 -0.383779
v -0.181411 2.504046 -0.405122
v -0.158181 2.485310 -0.428046
v -0.126800 2.467962 -0.449237
v -0.089478 2.455832 -0.466518
v -0.134558 2.417341 -0.417661
v -0.167382 2.441275 -0.401977
v -0.190872 2.467502 -0.386164
v -0.206432 2.492521 -0.371349
v -0.221443 2.530339 -0.354073
v -0.223682 2.552452 -0.349034
v -0.222395 2.562579 -0.348094
v -0.218358 2.576087 -0.348874
v -0.213207 2.587997 -0.352242
v -0.209928 2.594229 -0.355663
v -0.174989 2.403563 -0.368305
v -0.199462 2.434574 -0.360289
v -0.215768 2.466115 -0.354808
v -0.233465 2.517863 -0.347130
v -0.237338 2.545427 -0.342556
v -0.235714 2.558197 -0.342774
v -0.230687 2.574920 -0.344310
v -0.224031 2.590262 -0.347684
v -0.219491 2.598834 -0.351015
v -0.215021 2.606190 -0.355551
v -0.280322 2.554735 -0.327821
v -0.267672 2.582874 -0.331898
v -0.247932 2.609926 -0.337173
v -0.238313 2.618197 -0.340125
v -0.227489 2.627571 -0.344762
v -0.218635 2.633468 -0.351834
v -0.303873 2.599008 -0.321533
v -0.273251 2.627774 -0.326235
v -0.253642 2.642827 -0.328704
v -0.209363 2.640661 -0.364171
v -0.210686 2.612288 -0.361488
v -0.206622 2.599631 -0.360456
v 0.098057 2.592071 -0.389042
v 0.100412 2.608256 -0.388098
v 0.108022 2.585456 -0.407131
v 0.103268 2.581493 -0.406471
v 0.097262 2.581049 -0.425513
v 0.072469 2.589441 -0.420130
v 0.082389 2.585055 -0.429803
v 0.079611 2.590325 -0.435871
v 0.100318 2.585175 -0.431033
v 0.102923 2.598859 -0.439133
v 0.113514 2.598672 -0.408989
v 0.116891 2.644248 -0.413958
v 0.103562 2.647223 -0.399154
v 0.069841 2.650574 -0.442665
v 0.064877 2.614722 -0.432872
v 0.067028 2.596267 -0.423202
v 0.097131 2.586407 -0.392863
v 0.072469 2.589441 -0.420130
v 0.102197 2.646055 -0.445607
v 0.077938 2.606011 -0.446711
v 0.067028 2.596267 -0.423202
v 0.080919 2.648913 -0.453138
v 0.064877 2.614722 -0.432872
v 0.069841 2.650574 -0.442665
v -0.062245 2.654944 -0.487334
v -0.090099 2.650316 -0.488134
v -0.064148 2.611955 -0.484515
v -0.062514 2.611170 -0.460642
v -0.067687 2.590830 -0.460562
v -0.060790 2.654166 -0.465192
v -0.105745 2.647009 -0.457248
v -0.090001 2.608511 -0.484297
v -0.070109 2.589473 -0.472999
v -0.077108 2.580981 -0.456746
v -0.062514 2.611170 -0.460642
v -0.090162 2.649287 -0.439034
v -0.060790 2.654166 -0.465192
v -0.088062 2.586307 -0.442993
v -0.095001 2.584137 -0.452921
v -0.088608 2.577493 -0.452278
v -0.082193 2.579250 -0.460565
v -0.075653 2.581131 -0.463852
v -0.087030 2.588343 -0.471727
v -0.102038 2.600466 -0.455144
v -0.067687 2.590830 -0.460562
v -0.086800 2.578115 -0.449792
v -0.077108 2.580981 -0.456746
v 0.107525 2.714462 -0.541098
v 0.114105 2.720755 -0.531243
v 0.103227 2.726369 -0.539442
v 0.094332 2.739269 -0.528941
v 0.077081 2.733003 -0.547390
v 0.084730 2.719148 -0.558165
v 0.087772 2.705441 -0.560488
v 0.086913 2.686824 -0.556477
v 0.106265 2.694798 -0.540069
v 0.111123 2.702757 -0.530409
v 0.112596 2.704534 -0.528232
v 0.114150 2.704218 -0.525589
v 0.040712 2.726909 -0.566697
v 0.042850 2.710962 -0.578726
v 0.043574 2.696832 -0.580535
v 0.042845 2.679853 -0.574612
v 0.111206 2.730073 -0.527945
v 0.102588 2.741454 -0.518820
v 0.119727 2.720058 -0.523081
v 0.037020 2.654981 -0.562042
v 0.029041 2.631554 -0.547495
v 0.128431 2.714891 -0.503387
v 0.122877 2.705428 -0.516987
v 0.119971 2.729953 -0.515546
v 0.114035 2.741926 -0.504668
v 0.129253 2.730794 -0.487693
v 0.060160 2.582249 -0.463793
v 0.061610 2.582153 -0.456705
v 0.066694 2.580495 -0.460526
v 0.073094 2.578811 -0.452302
v 0.071284 2.579405 -0.449819
v 0.061610 2.582153 -0.456705
v 0.052198 2.591809 -0.460508
v 0.072527 2.587596 -0.443101
v 0.079468 2.585529 -0.453013
v 0.071528 2.589652 -0.471688
v 0.054623 2.590411 -0.472935
v 0.052198 2.591809 -0.460508
v 0.048663 2.612731 -0.484457
v 0.047023 2.612078 -0.460596
v 0.046763 2.655858 -0.487267
v 0.045303 2.654987 -0.465157
v 0.047023 2.612078 -0.460596
v 0.074573 2.650094 -0.439372
v 0.086475 2.601908 -0.455348
v 0.074498 2.609854 -0.484257
v 0.074600 2.651466 -0.488126
v 0.045303 2.654987 -0.465157
v 0.090154 2.647977 -0.457588
v -0.094764 2.526724 -0.423443
v -0.084315 2.525810 -0.441422
v -0.097740 2.579899 -0.441407
v -0.083379 2.529542 -0.411120
v -0.095490 2.599360 -0.450361
v -0.053879 2.603324 -0.472084
v -0.056123 2.600021 -0.476555
v -0.035537 2.599391 -0.483710
v -0.056645 2.601377 -0.470378
v -0.058513 2.598280 -0.473069
v -0.059041 2.603257 -0.469316
v -0.061785 2.599500 -0.473338
v -0.074980 2.602707 -0.460952
v -0.085795 2.597336 -0.465349
v -0.096579 2.598028 -0.452680
v -0.086580 2.570397 -0.456957
v -0.061631 2.528642 -0.450301
v -0.062883 2.578021 -0.465186
v -0.058293 2.529281 -0.449164
v -0.059305 2.582204 -0.465929
v -0.057915 2.529195 -0.449404
v -0.057791 2.580731 -0.467938
v -0.037469 2.573704 -0.474389
v -0.011352 2.575034 -0.476712
v -0.010654 2.598985 -0.485019
v -0.007744 2.576499 -0.476466
v -0.007751 2.598649 -0.483824
v -0.004119 2.574647 -0.476486
v -0.004846 2.599011 -0.485017
v 0.021973 2.573947 -0.474317
v 0.020036 2.599669 -0.483689
v 0.042288 2.581439 -0.467885
v -0.039288 2.530559 -0.456250
v -0.013257 2.531625 -0.461631
v -0.007750 2.531792 -0.461390
v -0.002245 2.531713 -0.461624
v 0.023785 2.531090 -0.456210
v 0.042412 2.530033 -0.449341
v 0.042790 2.530124 -0.449103
v 0.043801 2.582958 -0.465874
v 0.046129 2.529528 -0.450236
v 0.047379 2.578855 -0.465126
v 0.068816 2.526739 -0.441363
v 0.071059 2.571684 -0.456931
v 0.040620 2.600651 -0.476507
v 0.043009 2.598978 -0.473018
v 0.046280 2.600268 -0.473283
v 0.070264 2.598662 -0.465350
v 0.082165 2.581218 -0.441591
v 0.081006 2.599444 -0.452846
v 0.078542 2.601307 -0.450430
v 0.059458 2.603861 -0.460931
v 0.043536 2.604003 -0.469261
v 0.041142 2.602066 -0.470328
v 0.038376 2.603943 -0.472037
v 0.017754 2.605771 -0.475062
v -0.004829 2.604594 -0.477406
v -0.007751 2.602388 -0.477929
v -0.010671 2.604562 -0.477409
v -0.033256 2.605486 -0.475082
v 0.079249 2.527405 -0.423469
v 0.067867 2.530080 -0.411139
v 0.041224 2.531717 -0.420258
v 0.059458 2.603861 -0.460931
v 0.035928 2.531882 -0.432920
v 0.043536 2.604003 -0.469261
v 0.041142 2.602066 -0.470328
v 0.035204 2.531838 -0.435377
v 0.034095 2.532012 -0.431334
v 0.038376 2.603943 -0.472037
v 0.011456 2.533621 -0.430079
v 0.017754 2.605771 -0.475062
v -0.004829 2.604594 -0.477406
v -0.006964 2.533927 -0.437886
v -0.007750 2.533708 -0.443236
v -0.007751 2.602388 -0.477929
v -0.008539 2.533913 -0.437887
v -0.010671 2.604562 -0.477409
v -0.033256 2.605486 -0.475082
v -0.026956 2.533297 -0.430104
v -0.049595 2.531370 -0.431381
v -0.053879 2.603324 -0.472084
v -0.056645 2.601377 -0.470378
v -0.059041 2.603257 -0.469316
v -0.055607 2.531242 -0.420293
v -0.074980 2.602707 -0.460952
v -0.083379 2.529542 -0.411120
v -0.095490 2.599360 -0.450361
v 0.334902 3.095162 0.290533
v 0.298671 3.103922 0.329693
v 0.297881 3.116724 0.320726
v 0.238722 3.148213 0.233571
v 0.276836 3.133914 0.225796
v 0.245861 3.156060 0.250896
v 0.280470 3.142124 0.237897
v 0.308388 3.117036 0.244058
v 0.292846 3.132926 0.264132
v 0.319850 3.114160 0.283739
v 0.324740 3.122611 0.295854
v 0.308875 3.123541 0.328964
v 0.340419 3.125967 0.309428
v 0.299929 3.162784 0.289367
v 0.363663 3.132421 0.322593
v 0.315442 3.185569 0.286099
v 0.325609 3.125540 0.341033
v 0.312814 3.204643 0.242800
v 0.270726 3.234086 0.251625
v 0.257244 3.203293 0.251092
v 0.299412 3.177085 0.244823
v 0.292977 3.149558 0.280877
v 0.288524 3.158442 0.243093
v 0.251006 3.179038 0.252798
v 0.364287 3.257125 0.307943
v 0.319208 3.266171 0.274604
v 0.357901 3.241133 0.264502
v 0.382314 3.211027 0.291134
v 0.346149 3.202556 0.283080
v 0.390869 3.147880 0.331750
v 0.333591 3.226898 0.248676
v 0.293560 3.257255 0.260238
v 0.290823 3.244428 0.316437
v 0.266991 3.221082 0.309060
v 0.251920 3.193928 0.305927
v 0.244629 3.174163 0.303764
v 0.237138 3.151177 0.297722
v 0.327411 3.257058 0.322255
v 0.248276 3.139325 0.327036
v 0.258537 3.156296 0.336286
v 0.270248 3.169598 0.343498
v 0.213529 3.145576 0.286328
v 0.231535 3.128715 0.334928
v 0.092425 2.594612 -0.439930
v 0.088576 2.565904 -0.437501
v 0.119439 2.569494 -0.404711
v 0.115986 2.593419 -0.418489
v 0.104341 2.604130 -0.404245
v 0.101632 2.591641 -0.385990
v 0.069130 2.590664 -0.424067
v 0.060142 2.531423 -0.404294
v 0.082124 2.526483 -0.427124
v 0.112016 2.530004 -0.387327
v 0.096791 2.535062 -0.369342
v 0.101632 2.591641 -0.385990
v 0.104341 2.604130 -0.404245
v 0.099781 2.603748 -0.425724
v 0.083582 2.600384 -0.429885
v 0.096791 2.535062 -0.369342
v 0.056194 3.153982 0.265409
v 0.034914 3.172341 0.242054
v 0.055837 3.165156 0.151822
v 0.025313 3.152090 0.276972
v -0.011646 3.153701 0.264111
v 0.023312 3.171639 0.251453
v 0.011198 3.176917 0.242889
v -0.049655 3.161472 0.204651
v 0.003847 3.184862 0.221264
v -0.018593 3.164312 0.150154
v 0.010697 3.190345 0.199862
v 0.025993 3.164965 0.128223
v 0.025016 3.190649 0.190851
v 0.036447 3.185795 0.199166
v 0.039165 3.227004 0.248781
v 0.034914 3.172341 0.242054
v 0.056194 3.153982 0.265409
v 0.121332 2.600122 -0.320295
v 0.130240 2.605845 -0.276251
v 0.128946 2.592795 -0.314794
v 0.119546 2.650598 -0.332006
v 0.089956 2.597492 -0.376284
v 0.087330 2.650050 -0.388835
v 0.105860 2.646389 -0.406087
v 0.112170 2.590202 -0.396503
v 0.127838 2.643274 -0.387387
v 0.099049 2.588881 -0.372438
v 0.099049 2.588881 -0.372438
v 0.133100 2.657541 -0.283660
v 0.134571 2.666142 -0.248394
v 0.133945 2.616722 -0.237670
v 0.121332 2.600122 -0.320295
v 0.130233 2.580693 -0.372619
v 0.114665 2.582397 -0.387471
v 0.134332 2.586976 -0.379048
v 0.149082 2.641604 -0.336141
v 0.143115 2.592220 -0.328084
v 0.164785 2.594282 -0.280024
v 0.143403 2.587180 -0.320432
v 0.128946 2.592795 -0.314794
v 0.167202 2.647026 -0.284652
v 0.180978 2.606168 -0.239087
v 0.176516 2.659501 -0.247281
v 0.134571 2.666142 -0.248394
v 0.133945 2.616722 -0.237670
v 0.130240 2.605845 -0.276251
v 0.055719 3.154087 0.263476
v 0.034227 3.175479 0.239690
v 0.055837 3.165156 0.151822
v -0.008324 3.152804 0.274467
v 0.034227 3.175479 0.239690
v 0.055719 3.154087 0.263476
v 0.016522 3.178937 0.242123
v -0.013728 3.160049 0.210746
v 0.011661 3.189249 0.214914
v 0.070928 3.222245 0.247742
v 0.020767 3.193613 0.194112
v 0.033787 3.192695 0.186619
v -0.000841 3.163930 0.152975
v 0.028580 3.164977 0.128922
v 0.043012 3.187271 0.196737
v 0.163023 2.544348 -0.296890
v 0.170967 2.552289 -0.269278
v 0.166071 2.598753 -0.298415
v 0.160998 2.617640 -0.273522
v 0.159554 2.610590 -0.302160
v 0.123938 2.614806 -0.310089
v 0.143922 2.624626 -0.272613
v 0.144023 2.540258 -0.324459
v 0.142750 2.601245 -0.325262
v 0.125098 2.605413 -0.326171
v 0.115818 2.605404 -0.308818
v 0.135509 2.611540 -0.272680
v 0.144091 2.638753 -0.229030
v 0.177125 2.641304 -0.235301
v 0.179639 2.568933 -0.219340
v 0.148072 2.571377 -0.216652
v 0.135509 2.611540 -0.272680
v 0.144091 2.638753 -0.229030
v 0.148072 2.571377 -0.216652
v 0.140606 2.557738 -0.264130
v 0.115818 2.605404 -0.308818
v 0.120092 2.548896 -0.302835
v 0.117171 2.543293 -0.326248
v 0.125098 2.605413 -0.326171
v 0.107155 2.601416 -0.340698
v 0.106732 2.541982 -0.334814
v 0.098539 2.600926 -0.363332
v 0.097258 2.535894 -0.364161
v 0.110624 2.591704 -0.375524
v 0.107731 2.532358 -0.378428
v 0.132698 2.592436 -0.363015
v 0.131749 2.532264 -0.368427
v 0.143067 2.535859 -0.344528
v 0.139380 2.591717 -0.344944
v 0.107155 2.601416 -0.340698
v 0.098539 2.600926 -0.363332
v -0.120147 2.602997 -0.403163
v -0.084690 2.589620 -0.423847
v -0.117436 2.590631 -0.384905
v -0.099190 2.599227 -0.429498
v -0.115477 2.602607 -0.425028
v -0.104130 2.564704 -0.437307
v -0.127617 2.529579 -0.386915
v -0.097621 2.525769 -0.427101
v -0.135212 2.568461 -0.403740
v -0.112378 2.534729 -0.368979
v -0.117436 2.590631 -0.384905
v -0.131778 2.592212 -0.417457
v -0.120147 2.602997 -0.403163
v -0.108032 2.593320 -0.439563
v -0.075632 2.530976 -0.404289
v -0.112378 2.534729 -0.368979
v -0.117861 2.645134 -0.445009
v -0.132777 2.643032 -0.412599
v -0.118575 2.597626 -0.438595
v -0.116253 2.607168 -0.386899
v -0.113830 2.591115 -0.388072
v -0.123783 2.584386 -0.406204
v -0.118989 2.580500 -0.405676
v -0.112897 2.579958 -0.425026
v -0.115959 2.584019 -0.430534
v -0.129352 2.597433 -0.407800
v -0.119418 2.646163 -0.397900
v -0.085409 2.649767 -0.442408
v -0.080436 2.613655 -0.432667
v -0.082590 2.595256 -0.422975
v -0.112867 2.585500 -0.392010
v -0.088045 2.588440 -0.419850
v -0.097974 2.583884 -0.429500
v -0.095181 2.589070 -0.435626
v -0.093501 2.604677 -0.446503
v -0.096499 2.647970 -0.452846
v -0.080436 2.613655 -0.432667
v -0.085409 2.649767 -0.442408
v -0.082590 2.595256 -0.422975
v -0.088045 2.588440 -0.419850
v 0.098760 3.207134 0.249082
v 0.075701 3.169709 0.251993
v 0.054404 3.174639 0.255982
v 0.064979 3.169709 0.260839
v 0.039277 3.159479 0.228989
v 0.049441 3.164315 0.178116
v 0.050582 3.181986 0.237128
v 0.055487 3.186900 0.217028
v 0.076022 3.165534 0.154913
v 0.066065 3.186666 0.207938
v 0.103770 3.163781 0.174766
v 0.076160 3.181627 0.215193
v 0.107838 3.152547 0.267340
v 0.075701 3.169709 0.251993
v 0.049906 3.153342 0.270403
v 0.079102 3.151628 0.277658
v 0.107838 3.152547 0.267340
v -0.195204 2.568533 -0.219060
v -0.186674 2.551419 -0.268533
v -0.192838 2.640322 -0.234544
v -0.158727 2.599535 -0.323635
v -0.182005 2.596849 -0.296948
v -0.159797 2.539346 -0.323479
v -0.178801 2.543319 -0.295907
v -0.176944 2.615926 -0.272005
v -0.159703 2.638256 -0.228593
v -0.163601 2.571187 -0.216491
v -0.123071 2.600230 -0.339240
v -0.141111 2.603820 -0.324398
v -0.175511 2.608665 -0.300619
v -0.139928 2.613279 -0.308394
v -0.159823 2.623226 -0.271223
v -0.151344 2.610395 -0.271504
v -0.131725 2.604176 -0.307402
v -0.159703 2.638256 -0.228593
v -0.151344 2.610395 -0.271504
v -0.163601 2.571187 -0.216491
v -0.156237 2.557214 -0.263627
v -0.131725 2.604176 -0.307402
v -0.135747 2.548388 -0.302246
v -0.132841 2.542774 -0.325614
v -0.141111 2.603820 -0.324398
v -0.123071 2.600230 -0.339240
v -0.122364 2.541596 -0.334305
v -0.114381 2.599948 -0.362116
v -0.112849 2.535574 -0.363781
v -0.126527 2.590497 -0.374109
v -0.123336 2.531961 -0.378004
v -0.148684 2.590894 -0.361334
v -0.114381 2.599948 -0.362116
v -0.155351 2.590114 -0.343322
v -0.147444 2.531661 -0.367704
v -0.158836 2.534994 -0.343564
v -0.323865 3.117039 0.244058
v -0.350379 3.095164 0.290533
v -0.417765 3.054165 0.271083
v -0.314148 3.103922 0.329693
v -0.343313 3.018499 0.446231
v -0.448257 2.969098 0.400340
v -0.536625 2.883809 0.336207
v -0.506827 2.967019 0.240990
v -0.609024 2.761750 0.251387
v -0.584619 2.833481 0.196474
v -0.636192 2.667363 0.181579
v -0.616426 2.724014 0.148675
v -0.629483 2.530965 0.076978
v -0.660836 2.591316 0.228347
v -0.643330 2.462476 0.108459
v -0.674854 2.510315 0.270943
v -0.652409 2.393351 0.136510
v -0.688909 2.399874 0.322637
v -0.667462 2.303771 0.169267
v -0.718843 2.282960 0.378825
v -0.702400 2.215385 0.197638
v -0.615383 2.598385 0.046248
v -0.471467 2.853855 0.500511
v -0.561226 2.779613 0.424597
v -0.633118 2.673738 0.316442
v -0.647031 2.586394 0.372539
v -0.660163 2.461615 0.441217
v -0.642430 2.273360 0.616975
v -0.567540 2.545080 0.582303
v -0.569828 2.681706 0.495207
v -0.475693 2.753197 0.577062
v -0.604228 1.967981 -0.004723
v -0.621434 2.114532 0.045648
v -0.698388 1.966951 0.030446
v -0.724445 2.071507 0.091503
v -0.702400 2.215385 0.197638
v -0.775768 2.153305 0.239243
v -0.718843 2.282960 0.378825
v -0.637682 1.790819 -0.027075
v -0.714069 1.795474 -0.000952
v -0.839324 1.787749 0.016509
v -0.849230 1.955273 0.079039
v -0.872559 2.045890 0.161470
v -0.894095 2.107018 0.299965
v -0.787072 2.197536 0.424036
v -0.642430 2.273360 0.616975
v 0.605938 2.114525 0.045644
v 0.588730 1.967970 -0.004725
v 0.682886 1.966938 0.030445
v 0.708945 2.071498 0.091499
v 0.686912 2.215380 0.197635
v 0.760270 2.153296 0.239232
v 0.703358 2.282956 0.378814
v 0.622192 1.790813 -0.027081
v 0.698569 1.795461 -0.000948
v 0.823813 1.787730 0.016507
v 0.833721 1.955255 0.079026
v 0.857055 2.045875 0.161451
v 0.878601 2.107011 0.299941
v 0.771589 2.197534 0.424019
v 0.626960 2.273366 0.616966
v -0.301233 1.936271 -0.117063
v -0.412638 1.944308 -0.084780
v -0.459239 1.806766 -0.114724
v -0.553379 1.795755 -0.070036
v -0.512841 1.956872 -0.044684
v -0.604228 1.967981 -0.004723
v -0.637682 1.790819 -0.027075
v -0.621434 2.114532 0.045648
v -0.506959 2.067387 -0.025233
v -0.410779 2.035733 -0.067882
v -0.303789 2.014590 -0.100361
v -0.200081 1.999722 -0.126549
v -0.195834 1.930718 -0.141401
v -0.106578 1.991110 -0.143831
v -0.097214 1.926702 -0.158340
v -0.215891 1.818098 -0.183999
v -0.090655 1.820330 -0.202493
v -0.007744 1.925297 -0.163585
v -0.007744 1.820776 -0.206693
v 0.075160 1.820330 -0.202497
v 0.081724 1.926702 -0.158342
v -0.007740 1.987192 -0.151176
v 0.091095 1.991110 -0.143832
v 0.200397 1.818098 -0.184005
v 0.180346 1.930718 -0.141403
v 0.184600 1.999722 -0.126551
v 0.285743 1.936271 -0.117069
v 0.288306 2.014590 -0.100363
v 0.397149 1.944308 -0.084788
v 0.395296 2.035733 -0.067886
v 0.497354 1.956872 -0.044693
v 0.491479 2.067387 -0.025237
v 0.605938 2.114525 0.045644
v 0.588730 1.967970 -0.004725
v 0.537887 1.795756 -0.070051
v 0.622192 1.790813 -0.027081
v 0.443745 1.806767 -0.114735
v 0.159049 2.592094 -0.385892
v 0.142057 2.621102 -0.351364
v 0.129952 2.622830 -0.361612
v 0.148574 2.589773 -0.405498
v 0.110020 2.625741 -0.382578
v 0.132816 2.587076 -0.432707
v 0.086596 2.628751 -0.411183
v 0.121584 2.584917 -0.449425
v 0.067483 2.632586 -0.433022
v 0.103664 2.582946 -0.470819
v 0.051436 2.638627 -0.455028
v 0.082338 2.581964 -0.489793
v 0.055275 2.580985 -0.505113
v 0.031216 2.643341 -0.466390
v 0.022083 2.580997 -0.514355
v 0.088200 2.692811 -0.104762
v 0.128900 2.692816 -0.104762
v 0.161553 2.692770 -0.104762
v 0.188870 2.692669 -0.104762
v 0.205604 2.692578 -0.104762
v 0.228189 2.692507 -0.104762
v 0.243260 2.690273 -0.104762
v 0.521010 2.549552 -0.128274
v 0.544315 2.462105 -0.050148
v 0.544663 2.388869 -0.017070
v 0.551910 2.335105 0.006481
v 0.559412 2.279437 0.025137
v 0.573061 2.208416 0.041710
v 0.493576 2.153059 -0.021305
v 0.491479 2.067387 -0.025237
v 0.395296 2.035733 -0.067886
v 0.614004 2.530964 0.076976
v 0.627852 2.462476 0.108461
v 0.636929 2.393348 0.136508
v 0.651977 2.303771 0.169265
v 0.686912 2.215380 0.197635
v 0.605938 2.114525 0.045644
v 0.386686 2.170218 -0.079077
v 0.397523 2.110543 -0.066966
v 0.288306 2.014590 -0.100363
v 0.263418 2.238477 -0.165157
v 0.272767 2.209944 -0.141958
v 0.281418 2.178984 -0.126139
v 0.290007 2.139643 -0.111837
v 0.296770 2.081186 -0.099521
v 0.184600 1.999722 -0.126551
v 0.176626 2.219856 -0.185441
v 0.185643 2.193895 -0.162897
v 0.194102 2.163126 -0.146848
v 0.200129 2.123548 -0.133339
v 0.195961 2.064075 -0.123320
v 0.091095 1.991110 -0.143832
v -0.007740 1.987192 -0.151176
v 0.103253 2.053856 -0.139321
v 0.101021 2.113869 -0.149085
v 0.098216 2.153523 -0.161250
v 0.092665 2.184027 -0.176676
v 0.086846 2.207566 -0.197816
v -0.200081 1.999722 -0.126549
v -0.106578 1.991110 -0.143831
v -0.095023 2.396039 -0.430695
v -0.140887 2.372737 -0.377464
v -0.197637 2.363984 -0.323441
v -0.229237 2.395387 -0.321119
v -0.252694 2.429999 -0.322601
v -0.270112 2.491120 -0.331397
v -0.281746 2.525707 -0.326869
v -0.286026 2.366263 -0.283097
v -0.318462 2.403317 -0.284391
v -0.343405 2.479399 -0.297906
v -0.340488 2.531843 -0.312146
v -0.328042 2.564080 -0.316905
v -0.095780 -0.194684 0.394216
v -0.080273 -0.219606 0.223976
v -0.097057 -0.264384 0.250676
v -0.115187 -0.244765 0.411229
v -0.161367 -0.158375 0.526452
v -0.804134 -0.365337 0.301681
v -0.777434 -0.355700 0.168549
v -0.583493 -0.688197 -0.067854
v -0.564120 -0.687481 -0.054855
v -0.604969 -0.687566 -0.037188
v -0.784732 -0.376505 0.163828
v -0.807542 -0.378296 0.302297
v 0.837901 -0.181419 0.304855
v 0.809477 -0.197694 0.149339
v 0.719721 -0.225283 0.018678
v 0.590024 -0.248157 -0.047795
v 0.450097 -0.261244 -0.075655
v 0.290830 -0.264294 -0.039025
v 0.178755 -0.264101 0.035021
v 0.108579 -0.266429 0.140036
v 0.091514 -0.213579 0.101054
v 0.163276 -0.217600 -0.001099
v 0.279285 -0.211794 -0.078823
v 0.445143 -0.201935 -0.111013
v 0.593557 -0.194754 -0.070605
v 0.745849 -0.153648 0.024668
v 0.772303 -0.152358 0.062988
v 0.770092 -0.106338 0.045121
v 0.759913 -0.105819 0.029644
v 0.767356 -0.090719 0.035181
v 0.081541 -0.264373 0.250829
v 0.060968 -0.209523 0.218076
v 0.060968 -0.209523 0.218076
v 0.079621 -0.193203 0.393261
v 0.081541 -0.264373 0.250829
v 0.099720 -0.244749 0.411374
v 0.166242 -0.231629 0.525428
v 0.237985 -0.223830 0.577374
v 0.385656 -0.207518 0.630551
v 0.560041 -0.191041 0.646289
v 0.703045 -0.180416 0.580717
v 0.804763 -0.176651 0.451190
v 0.159907 -0.208782 0.525927
v 0.232559 -0.198463 0.582387
v 0.383189 -0.188308 0.636388
v 0.560122 -0.176904 0.649627
v 0.704102 -0.165661 0.582866
v 0.806837 -0.160578 0.452563
v 0.841049 -0.162369 0.305632
v 0.812360 -0.182111 0.147812
v 0.708491 -0.079607 -0.066866
v 0.725070 -0.070538 -0.055879
v 0.709903 -0.045661 -0.066707
v 0.608791 -0.082752 -0.130480
v 0.136081 -0.151886 -0.128327
v 0.242188 -0.188124 -0.123992
v 0.221958 -0.140833 -0.171900
v 0.207620 -0.108216 -0.209306
v 0.384226 -0.099911 -0.215575
v 0.380172 -0.068907 -0.245104
v 0.611612 -0.048769 -0.144355
v 0.611081 -0.001401 -0.170639
v 0.419205 -0.251256 -0.104809
v 0.559833 -0.247456 -0.078447
v 0.564349 -0.241063 -0.088001
v 0.416688 -0.244698 -0.117202
v 0.587623 -0.169674 -0.107274
v 0.399960 -0.179415 -0.154021
v 0.389475 -0.130748 -0.188960
v 0.603663 -0.117022 -0.119980
v 0.690913 -0.113648 -0.073340
v 0.711822 -0.096763 -0.060708
v 0.721323 -0.089516 -0.054568
v 0.726753 -0.095152 -0.047903
v 0.699213 -0.118424 -0.064426
v 0.010656 -0.149985 0.072803
v 0.022239 -0.163070 0.077517
v 0.047694 -0.147790 -0.043676
v 0.069177 -0.170911 -0.025259
v 0.165318 -0.195837 -0.082379
v 0.265952 -0.249619 -0.077737
v 0.273305 -0.255388 -0.063790
v 0.279285 -0.211794 -0.078823
v 0.445143 -0.201935 -0.111013
v 0.608540 -0.247483 -0.068725
v 0.608931 -0.241163 -0.078470
v 0.662406 -0.166809 -0.077846
v 0.593557 -0.194754 -0.070605
v 0.672621 -0.166475 -0.067942
v 0.649453 -0.151372 -0.047323
v 0.671453 -0.106756 -0.042373
v 0.686003 -0.084557 -0.036674
v 0.699308 -0.075531 -0.027865
v 0.709228 -0.083508 -0.017073
v 0.724286 -0.116694 -0.044098
v 0.708909 -0.109097 -0.010944
v 0.710128 -0.163703 -0.040540
v 0.701333 -0.150962 -0.009820
v 0.688327 -0.226755 -0.039121
v 0.688693 -0.213538 -0.019425
v 0.679145 -0.240893 -0.033313
v 0.683775 -0.233063 -0.019633
v 0.723441 -0.223672 0.016079
v 0.745849 -0.153648 0.024668
v 0.699763 -0.233940 -0.006340
v 0.730028 -0.237887 0.012438
v 0.797232 -0.030887 0.028040
v 0.721125 0.012032 -0.074024
v 0.737231 -0.077460 -0.042388
v 0.738669 -0.111114 -0.033992
v 0.723867 -0.164059 -0.032131
v 0.702941 -0.228251 -0.032299
v 0.694333 -0.243283 -0.022046
v 0.718896 -0.240443 0.001119
v 0.740534 -0.223141 0.010466
v 0.769486 -0.162035 0.016430
v 0.786862 -0.114228 0.020534
v 0.759913 -0.105819 0.029644
v 0.794262 -0.098069 0.024819
v 0.767356 -0.090719 0.035181
v 0.797187 -0.113450 0.034093
v 0.770092 -0.106338 0.045121
v 0.794734 -0.160427 0.048057
v 0.772303 -0.152358 0.062988
v 0.768838 -0.225880 0.047844
v 0.759446 -0.234718 0.050434
v 0.731968 -0.224392 -0.000613
v 0.761010 -0.162113 0.005100
v 0.778675 -0.109044 0.008958
v 0.794071 -0.078603 0.025676
v 0.764872 -0.214696 0.070600
v 0.812360 -0.182111 0.147812
v 0.851056 -0.058152 0.159902
v 0.854555 -0.017598 0.156133
v 0.858062 0.038821 0.146960
v 0.886233 0.055590 0.311891
v 0.865085 0.138763 0.122035
v 0.902871 0.166733 0.310053
v 0.872844 0.253013 0.091551
v 0.814098 0.117221 -0.001182
v 0.800725 0.024107 0.020978
v 0.747386 0.098449 -0.103199
v 0.873295 -0.050113 0.306620
v 0.878676 -0.005820 0.310364
v 0.846428 0.011152 0.512376
v 0.852695 0.080610 0.523202
v 0.870222 0.203309 0.545700
v 0.914830 0.318795 0.318403
v 0.880054 0.386260 0.057451
v 0.820008 0.222155 -0.029070
v 0.758401 0.193696 -0.140326
v 0.605109 0.075868 -0.226202
v 0.378093 0.036542 -0.367352
v 0.587043 0.149149 -0.297004
v 0.766777 0.300665 -0.178533
v 0.825243 0.344841 -0.056743
v 0.891903 0.380997 0.048482
v 0.935896 0.464770 0.300172
v 0.920978 0.470157 0.305261
v 0.890367 0.368987 0.558432
v 0.769181 0.237239 0.755974
v 0.752195 0.105198 0.710414
v 0.748594 0.030217 0.687719
v 0.747644 -0.020125 0.665238
v 0.843127 -0.035487 0.500735
v 0.840941 -0.082268 0.487205
v 0.195126 -0.076036 -0.249750
v 0.180674 -0.029455 -0.314620
v 0.075370 -0.087162 -0.220094
v 0.377572 -0.026292 -0.291831
v 0.165352 0.032067 -0.410549
v 0.366763 0.108668 -0.430179
v 0.579405 0.232701 -0.363993
v 0.775216 0.295169 -0.194348
v 0.896141 0.416593 0.034435
v 0.937636 0.502256 0.291757
v 0.922225 0.538642 0.525524
v 0.905206 0.542219 0.539023
v 0.788760 0.429406 0.810216
v 0.777368 0.332090 -0.213672
v 0.354781 0.179377 -0.514499
v 0.588545 0.225832 -0.377122
v 0.592532 0.265167 -0.406852
v 0.349746 0.192336 -0.496110
v 0.585554 0.305589 -0.406903
v 0.767011 0.367118 -0.211210
v 0.886511 0.453095 0.033876
v 0.807123 0.624235 0.797843
v 0.829428 0.622373 0.792449
v 0.924430 0.576799 0.508896
v 0.926291 0.541954 0.282837
v 0.922603 0.549804 0.283884
v 0.872415 0.457672 0.033984
v 0.761213 0.373793 -0.203498
v 0.585358 0.317399 -0.384314
v 0.357126 0.272014 -0.549802
v 0.360406 0.222952 -0.551852
v 0.153578 0.162888 -0.573118
v 0.914486 0.616501 0.492087
v 0.908890 0.623897 0.492514
v 0.822128 0.713569 0.748634
v 0.827267 0.710136 0.754697
v 0.833558 0.664912 0.778795
v 0.706646 0.675375 0.977582
v 0.701669 0.675923 0.972407
v 0.661440 0.475715 0.994299
v 0.456524 0.492717 1.139962
v 0.487216 0.721312 1.151681
v 0.494327 0.720006 1.165024
v 0.260804 0.738181 1.263309
v 0.498068 0.780294 1.163393
v 0.259785 0.808556 1.271197
v 0.491870 0.841283 1.130134
v 0.706317 0.780080 0.926242
v 0.703804 0.776931 0.940888
v 0.710160 0.724399 0.967763
v 0.507477 0.841214 1.100789
v 0.265672 0.882913 1.220325
v -0.007737 0.440278 1.204234
v -0.008150 0.473306 1.217713
v 0.042438 0.424670 1.195855
v 0.059513 0.448953 1.213626
v -0.008150 0.525744 1.234172
v 0.101985 0.525646 1.247152
v 0.098184 0.744063 1.265559
v 0.250231 0.518584 1.222925
v 0.255013 0.738521 1.242121
v 0.099988 0.747513 1.290836
v 0.103517 0.820342 1.303004
v 0.252706 0.877234 1.232323
v 0.102546 0.889921 1.257111
v -0.008149 0.825231 1.310865
v -0.008149 0.750590 1.297553
v -0.008149 0.743303 1.264717
v -0.075814 0.448955 1.213628
v -0.137757 0.742542 1.263874
v -0.118286 0.525646 1.247152
v -0.128306 0.294788 1.136439
v -0.100398 0.334118 1.154555
v -0.008150 0.281852 1.111042
v -0.007737 0.333273 1.144438
v 0.084095 0.334118 1.154553
v 0.043154 0.362414 1.159703
v -0.058625 0.362414 1.159703
v -0.057911 0.424670 1.195855
v -0.427361 -0.007692 0.854333
v -0.268939 -0.016704 0.855775
v -0.284255 -0.073020 0.790562
v -0.257076 0.034466 0.912450
v -0.111467 0.002337 0.844771
v -0.249957 0.120522 0.993479
v -0.112264 0.120237 0.983403
v -0.008150 0.215590 1.057949
v 0.112004 0.294788 1.136439
v 0.240401 0.294229 1.127084
v -0.410249 0.045297 0.904396
v -0.424398 0.125956 0.968409
v -0.442900 0.292207 1.069376
v -0.256702 0.294911 1.127085
v -0.031888 -0.150297 0.437445
v -0.045205 -0.171081 0.427089
v -0.092440 -0.141436 0.603877
v -0.069073 -0.111335 0.633458
v -0.043671 -0.076427 0.672625
v -0.008150 0.029269 0.876480
v -0.008150 0.138248 0.989600
v 0.095964 0.120237 0.983403
v 0.233656 0.120528 0.993478
v 0.426628 0.291536 1.069376
v 0.631077 0.270707 0.934495
v 0.095181 0.002342 0.844785
v 0.311564 -0.220256 0.653099
v 0.252887 -0.233300 0.609241
v 0.241718 -0.226657 0.624433
v 0.207091 -0.165898 0.671611
v 0.290953 -0.153837 0.704211
v 0.162919 -0.091269 0.751255
v 0.268049 -0.072992 0.790631
v 0.252676 -0.016687 0.855801
v 0.411126 -0.007667 0.854356
v 0.240796 0.034479 0.912463
v 0.408073 0.046314 0.903669
v 0.409862 0.126026 0.968164
v 0.627754 0.119065 0.838629
v 0.141434 -0.052761 0.795763
v 0.076179 -0.141413 0.603978
v 0.604720 -0.012249 0.781298
v 0.618876 0.040026 0.800501
v 0.592513 -0.065081 0.746762
v 0.416006 -0.065956 0.793237
v 0.420679 -0.140950 0.720975
v 0.427282 -0.211905 0.676506
v 0.318216 -0.228323 0.637439
v 0.568664 -0.205209 0.671773
v 0.579040 -0.135322 0.700532
v 0.739924 -0.200433 0.592451
v 0.744451 -0.135390 0.609553
v 0.835094 -0.140854 0.471964
v 0.747105 -0.070124 0.638860
v 0.828081 -0.201140 0.464477
v 0.855785 -0.210382 0.296431
v 0.825252 -0.224824 0.173343
v 0.850593 -0.218312 0.296147
v 0.831961 -0.216840 0.170541
v 0.821596 -0.209555 0.461273
v 0.734845 -0.209279 0.585676
v 0.566627 -0.214274 0.660630
v 0.429309 -0.220909 0.662516
v 0.771364 -0.233596 0.062327
v 0.841049 -0.162369 0.305632
v 0.806837 -0.160578 0.452563
v 0.704102 -0.165661 0.582866
v 0.560122 -0.176904 0.649627
v 0.383189 -0.188308 0.636388
v 0.232559 -0.198463 0.582387
v 0.155541 -0.241522 0.536359
v 0.020006 -0.181321 0.250579
v 0.009834 -0.164999 0.252329
v 0.028905 -0.171062 0.427201
v 0.036020 -0.207356 0.249461
v 0.050280 -0.205107 0.416286
v 0.110751 -0.192249 0.558906
v 0.066664 -0.239353 0.412855
v 0.142718 -0.237611 0.544306
v 0.077139 -0.244465 0.410241
v 0.159907 -0.208782 0.525927
v 0.079621 -0.193203 0.393261
v 0.053333 -0.244356 0.251713
v 0.043059 -0.236390 0.250976
v 0.060968 -0.209523 0.218076
v 0.015585 -0.150284 0.437516
v 0.002609 -0.153773 0.252667
v 0.006197 -0.135256 0.446606
v -0.008162 -0.136221 0.253819
v -0.008149 -0.112155 0.460925
v -0.022500 -0.135263 0.446566
v -0.018933 -0.153781 0.252614
v -0.026167 -0.165009 0.252225
v 0.052806 -0.111322 0.633530
v 0.027382 -0.076423 0.672646
v -0.008141 -0.047112 0.706873
v -0.036348 -0.181332 0.250447
v -0.064556 -0.207322 0.417807
v -0.060346 -0.226708 0.248766
v -0.080463 -0.235875 0.411975
v -0.079462 -0.262848 0.247426
v -0.083307 -0.270950 0.247498
v -0.308996 -0.166048 0.689179
v -0.437094 -0.140910 0.718536
v -0.306368 -0.165772 0.702153
v -0.386382 -0.093311 0.664167
v -0.233788 -0.132138 0.594860
v -0.214848 -0.189560 0.644125
v -0.161367 -0.158375 0.526452
v -0.142688 -0.218098 0.545999
v -0.095780 -0.194684 0.394216
v -0.093022 -0.247600 0.407703
v -0.080273 -0.219606 0.223976
v -0.087182 -0.268663 0.247524
v -0.087458 -0.246912 0.409402
v -0.118010 -0.199774 0.564922
v -0.102616 -0.176256 0.575298
v -0.187257 -0.157621 0.690298
v -0.209403 -0.190282 0.655461
v -0.135803 -0.220497 0.551665
v -0.294482 -0.123996 0.747427
v -0.183652 -0.128218 0.717277
v -0.289948 -0.101398 0.766548
v -0.179129 -0.091294 0.751158
v -0.621251 0.121586 0.862074
v -0.647329 0.270695 0.934510
v -0.614772 0.041882 0.820977
v -0.614927 -0.011937 0.786180
v -0.432213 -0.065983 0.793201
v -0.157708 -0.052773 0.795734
v -0.906289 0.515232 0.522768
v -0.805016 0.429408 0.810252
v -0.906638 0.369000 0.558494
v -0.785428 0.237239 0.756017
v -0.768435 0.105196 0.710461
v -0.764832 0.030213 0.687768
v -0.763878 -0.020129 0.665293
v -0.617497 -0.045801 0.762899
v -0.432811 -0.081329 0.782362
v -0.433289 -0.093547 0.773732
v -0.436701 -0.140230 0.730790
v -0.762803 -0.038272 0.657606
v -0.869838 0.079998 0.517961
v -0.865260 0.009856 0.496871
v -0.886494 0.203323 0.545768
v -0.834296 -0.067590 0.459376
v -0.856082 -0.114417 0.470506
v -0.728527 -0.040029 0.599436
v -0.753122 -0.106544 0.625251
v -0.862857 -0.111426 0.474628
v -0.760657 -0.104101 0.631765
v -0.619199 -0.114664 0.707695
v -0.621088 -0.113408 0.718279
v -0.618345 -0.059515 0.752282
v -0.761571 -0.047146 0.652948
v -0.858094 -0.049914 0.481991
v -0.861946 -0.035414 0.485620
v -0.857799 -0.056878 0.481133
v -0.576187 -0.060282 0.675442
v 0.701333 -0.150962 -0.009820
v 0.649453 -0.151372 -0.047323
v 0.671453 -0.106756 -0.042373
v 0.708909 -0.109097 -0.010944
v 0.686003 -0.084557 -0.036674
v 0.709228 -0.083508 -0.017073
v 0.699308 -0.075531 -0.027865
v 0.096614 -0.206602 -0.001632
v 0.055476 -0.208795 0.092097
v 0.035627 -0.181691 0.083604
v 0.053333 -0.244356 0.251713
v 0.060968 -0.209523 0.218076
v 0.075425 -0.246589 0.104995
v 0.091514 -0.213579 0.101054
v 0.127022 -0.250513 0.030494
v 0.163276 -0.217600 -0.001099
v 0.197202 -0.254936 -0.024696
v 0.188655 -0.248580 -0.038484
v 0.116678 -0.243307 0.021851
v 0.065429 -0.238495 0.100533
v 0.043059 -0.236390 0.250976
v 0.036020 -0.207356 0.249461
v 0.020006 -0.181321 0.250579
v 0.009834 -0.164999 0.252329
v 0.002609 -0.153773 0.252667
v -0.744832 0.013028 -0.066318
v -0.748495 -0.041953 -0.044088
v -0.627535 -0.001368 -0.170622
v -0.628079 -0.048733 -0.144342
v -0.624931 -0.071254 -0.129092
v -0.426072 -0.099886 -0.215624
v -0.408974 -0.068883 -0.245148
v -0.235819 -0.107935 -0.207555
v -0.211562 -0.076022 -0.249822
v -0.123938 -0.117394 -0.170630
v -0.091780 -0.087160 -0.220166
v -0.064085 -0.147786 -0.043776
v -0.044994 -0.131045 -0.058709
v -0.027006 -0.149987 0.072731
v -0.008173 -0.129851 0.064606
v -0.018933 -0.153781 0.252614
v -0.008162 -0.136221 0.253819
v -0.026167 -0.165009 0.252225
v -0.038614 -0.163072 0.077406
v 0.028621 -0.131047 -0.058634
v -0.197090 -0.029440 -0.314672
v -0.008181 -0.033392 -0.319696
v 0.107532 -0.117404 -0.170549
v -0.008183 -0.106057 -0.081152
v -0.008152 -0.072049 -0.238012
v -0.394022 -0.026275 -0.291863
v -0.181723 0.032076 -0.410574
v -0.008160 0.027937 -0.422353
v 0.158541 0.098362 -0.486125
v -0.621529 0.075897 -0.226187
v -0.763804 0.098487 -0.103150
v -0.394517 0.036557 -0.367371
v 0.151318 0.176717 -0.552103
v -0.008169 0.093407 -0.496127
v -0.174908 0.098368 -0.486142
v -0.383161 0.108678 -0.430190
v -0.603446 0.149168 -0.296989
v -0.774795 0.193732 -0.140280
v -0.889200 0.253051 0.091626
v -0.877153 0.137329 0.113884
v -0.919190 0.166763 0.310142
v -0.902564 0.055623 0.311991
v -0.886494 0.203323 0.545768
v -0.008167 0.171416 -0.561561
v -0.761757 0.282301 -0.171563
v -0.599358 0.230413 -0.345697
v -0.387890 0.190281 -0.472516
v -0.183036 0.173704 -0.539320
v -0.008167 0.158527 -0.584563
v 0.158821 0.210360 -0.614702
v 0.158195 0.264160 -0.607808
v -0.008167 0.267619 -0.625197
v -0.008169 0.209461 -0.628866
v -0.200763 0.161867 -0.561561
v -0.402751 0.179984 -0.492959
v -0.931137 0.318820 0.318470
v -0.875786 0.361252 0.072588
v -0.784001 0.279728 -0.167989
v -0.622577 0.221800 -0.358947
v -0.415955 0.245288 -0.540520
v -0.203626 0.218205 -0.609565
v -0.195086 0.283231 -0.612807
v -0.007754 0.275430 -0.610628
v 0.170007 0.274886 -0.592542
v 0.374551 0.285343 -0.513233
v -0.896795 0.351299 0.064953
v -0.929414 0.441337 0.036570
v -0.808689 0.360594 -0.206882
v -0.642120 0.294916 -0.399336
v -0.917864 0.437007 0.304128
v -0.945879 0.429750 0.305726
v -0.973727 0.522341 0.284307
v -0.902517 0.537981 0.013430
v -0.782666 0.446059 -0.229512
v -0.616734 0.376434 -0.419988
v -0.402040 0.318328 -0.556502
v -0.185724 0.289507 -0.598614
v -0.396917 0.324455 -0.528134
v -0.608891 0.380930 -0.405784
v -0.778502 0.449722 -0.226578
v -0.888896 0.538701 0.015888
v -0.949132 0.628224 0.274001
v -0.957111 0.594386 0.507260
v -0.933415 0.506278 0.520529
v -0.906289 0.515232 0.522768
v -0.906638 0.369000 0.558494
v -0.939888 0.629255 0.269703
v -0.934502 0.696673 0.483370
v -0.927196 0.700510 0.478718
v -0.869838 0.079998 0.517961
v -0.865260 0.009856 0.496871
v -0.895011 -0.005787 0.310459
v -0.861946 -0.035414 0.485620
v -0.891093 -0.034611 0.307068
v -0.889075 -0.048854 0.305465
v -0.852764 -0.056736 0.134438
v -0.887397 -0.060876 0.304137
v -0.852670 -0.067367 0.135322
v -0.888079 -0.120854 0.298439
v -0.855988 -0.121271 0.136233
v -0.851780 -0.126523 0.137909
v -0.760487 -0.132095 -0.021639
v -0.844682 -0.091528 0.137793
v -0.752234 -0.103310 -0.014889
v -0.617204 -0.149443 -0.104597
v -0.613310 -0.132736 -0.097315
v -0.458812 -0.181459 -0.149880
v -0.885121 -0.123531 0.299280
v -0.858094 -0.049914 0.481991
v -0.857799 -0.056878 0.481133
v -0.862857 -0.111426 0.474628
v -0.856082 -0.114417 0.470506
v -0.834296 -0.067590 0.459376
v -0.869258 -0.085507 0.308005
v -0.442415 -0.130725 -0.189015
v -0.623121 -0.088157 -0.123524
v -0.622277 -0.099389 -0.119728
v -0.756055 -0.069871 -0.033941
v -0.757171 -0.076276 -0.031747
v -0.762911 -0.127141 -0.025679
v -0.618538 -0.145237 -0.112713
v -0.457788 -0.179747 -0.161087
v -0.283842 -0.214790 -0.114399
v -0.452509 -0.154332 -0.171934
v -0.450138 -0.147801 -0.176659
v -0.266588 -0.173666 -0.152714
v -0.447283 -0.139932 -0.182353
v -0.175624 -0.192942 -0.111398
v -0.194033 -0.225648 -0.097833
v -0.115675 -0.212349 -0.016098
v -0.139637 -0.245355 -0.008705
v -0.103630 -0.258388 0.088120
v -0.109982 -0.262894 0.089658
v -0.151193 -0.250866 -0.001394
v -0.155076 -0.250377 0.000962
v -0.213027 -0.232565 -0.077317
v -0.207498 -0.233009 -0.084028
v -0.280178 -0.214818 -0.122458
v -0.271892 -0.200529 -0.137907
v -0.456329 -0.148583 -0.143025
v -0.285489 -0.168978 -0.111523
v -0.169833 -0.190501 -0.022369
v -0.113640 -0.261439 0.090716
v -0.087182 -0.268663 0.247524
v -0.083307 -0.270950 0.247498
v -0.079462 -0.262848 0.247426
v -0.080745 -0.224386 0.086061
v -0.085585 -0.170907 -0.025382
v -0.152507 -0.151876 -0.128427
v -0.052009 -0.181693 0.083474
v -0.105754 -0.209500 0.097897
v -0.256928 -0.140283 -0.170426
v -0.036348 -0.181332 0.250447
v -0.060346 -0.226708 0.248766
v -0.751516 -0.056840 -0.038645
v -0.852855 -0.043498 0.132947
v -0.856619 -0.020413 0.132794
v -0.862103 0.036401 0.126741
v 0.842619 -0.151368 0.166107
v 0.862808 -0.149271 0.296197
v 0.867922 -0.094751 0.299703
v 0.848566 -0.096841 0.162679
v 0.802972 -0.159639 0.060364
v 0.777689 -0.225788 0.058299
v 0.806006 -0.107600 0.047747
v -0.940727 0.665942 0.263137
v -0.889391 0.594330 0.004219
v -0.887970 0.739373 -0.016178
v -0.934793 0.798397 0.219383
v -0.879427 0.894275 -0.024859
v -0.925886 0.944973 0.198825
v -0.864622 1.234045 0.138785
v -0.887392 1.192601 0.376885
v -0.918159 1.017774 0.416400
v -0.927902 0.869139 0.445485
v -0.928335 0.731181 0.473186
v -0.927196 0.700510 0.478718
v -0.939888 0.629255 0.269703
v -0.888896 0.538701 0.015888
v -0.524500 1.630262 -0.156969
v -0.459239 1.806766 -0.114724
v -0.619577 1.618501 -0.087796
v -0.553379 1.795755 -0.070036
v -0.637682 1.790819 -0.027075
v -0.697853 1.626153 -0.017476
v -0.695627 1.428928 -0.097280
v -0.757351 1.462737 0.005874
v -0.781610 1.236428 -0.069904
v -0.847081 1.069707 -0.030589
v -0.768377 0.858110 -0.262226
v -0.779554 0.692044 -0.262993
v -0.780406 0.538848 -0.248143
v -0.778502 0.449722 -0.226578
v -0.619322 0.505798 -0.432322
v -0.608891 0.380930 -0.405784
v -0.600593 1.422253 -0.208008
v -0.679016 1.208259 -0.242139
v -0.737358 1.029372 -0.252745
v -0.613112 0.840434 -0.427349
v -0.619371 0.665065 -0.441799
v -0.424487 0.830353 -0.554006
v -0.580210 1.017169 -0.400377
v -0.524911 1.198690 -0.367462
v -0.444529 1.418834 -0.304605
v -0.385859 1.638010 -0.221012
v -0.335104 1.813872 -0.154730
v -0.301233 1.936271 -0.117063
v -0.195834 1.930718 -0.141401
v -0.215891 1.818098 -0.183999
v -0.251064 1.643434 -0.267795
v -0.288601 1.417466 -0.379776
v -0.007746 1.649728 -0.301138
v -0.007744 1.820776 -0.206693
v -0.104783 1.648131 -0.295406
v -0.090655 1.820330 -0.202493
v -0.211105 0.643718 -0.647774
v -0.007750 0.826468 -0.654750
v -0.206344 0.827099 -0.631190
v -0.182879 1.006266 -0.594585
v -0.391893 1.009398 -0.521784
v -0.154300 1.191074 -0.529551
v -0.337213 1.193103 -0.470665
v -0.130492 1.418809 -0.419276
v 0.200397 1.818098 -0.184005
v 0.075160 1.820330 -0.202497
v 0.235562 1.643434 -0.267805
v 0.089285 1.648131 -0.295409
v 0.273101 1.417466 -0.379784
v 0.114991 1.418809 -0.419280
v 0.321717 1.193103 -0.470673
v 0.138800 1.191074 -0.529553
v 0.376395 1.009398 -0.521792
v 0.167379 1.006266 -0.594589
v 0.190837 0.827099 -0.631196
v -0.007750 1.005077 -0.610884
v -0.007750 1.191140 -0.542739
v -0.007748 1.419837 -0.428821
v 0.831593 1.069707 -0.030606
v 0.849141 1.234045 0.138774
v 0.766121 1.236431 -0.069923
v 0.863940 0.894272 -0.024884
v 0.752881 0.858109 -0.262247
v 0.872493 0.739362 -0.016202
v 0.764056 0.692039 -0.263021
v 0.597608 0.840434 -0.427366
v 0.603858 0.665063 -0.441821
v 0.408980 0.830353 -0.554018
v 0.414034 0.650754 -0.564543
v 0.195598 0.643718 -0.647778
v -0.007750 0.642323 -0.672881
v -0.202483 0.477168 -0.643674
v 0.721866 1.029372 -0.252760
v 0.663524 1.208261 -0.242154
v 0.585095 1.422253 -0.208023
v 0.680133 1.428928 -0.097297
v 0.509000 1.630262 -0.156988
v 0.564715 1.017171 -0.400391
v 0.509415 1.198690 -0.367473
v 0.429029 1.418835 -0.304618
v 0.370357 1.638010 -0.221026
v 0.319610 1.813872 -0.154739
v 0.180346 1.930718 -0.141403
v 0.285743 1.936271 -0.117069
v 0.443745 1.806767 -0.114735
v 0.604083 1.618501 -0.087814
v 0.682366 1.626149 -0.017481
v 0.741862 1.462734 0.005869
v 0.622192 1.790813 -0.027081
v 0.537887 1.795756 -0.070051
v 0.699145 1.192028 0.827496
v 0.659179 1.375059 0.792729
v 0.822177 1.114228 0.653797
v 0.796000 1.258092 0.608415
v 0.902680 1.017774 0.416377
v 0.871913 1.192599 0.376881
v 0.910407 0.944969 0.198801
v 0.919323 0.798386 0.219356
v 0.491856 1.102540 1.072231
v 0.709310 1.035439 0.876323
v 0.830960 0.962175 0.695025
v 0.912433 0.869135 0.445453
v 0.603813 0.505795 -0.432344
v 0.410684 0.487094 -0.559583
v 0.764912 0.538835 -0.248169
v 0.873915 0.594310 0.004200
v 0.925259 0.665925 0.263115
v 0.912873 0.731168 0.473162
v 0.827083 0.817162 0.729837
v 0.709625 0.881810 0.910536
v 0.495975 0.944936 1.101568
v 0.257155 0.970808 1.221452
v 0.257822 1.131378 1.197767
v 0.118590 0.972589 1.251616
v -0.007733 0.900299 1.261110
v -0.007733 0.972362 1.261406
v 0.116221 0.893526 1.252481
v 0.265672 0.882913 1.220325
v 0.507477 0.841214 1.100789
v 0.706317 0.780080 0.926242
v 0.822128 0.713569 0.748634
v 0.908890 0.623897 0.492514
v 0.922603 0.549804 0.283884
v 0.872857 0.475190 0.029185
v 0.762135 0.408259 -0.216567
v 0.872415 0.457672 0.033984
v 0.761213 0.373793 -0.203498
v 0.585358 0.317399 -0.384314
v 0.592426 0.369734 -0.403426
v 0.385409 0.347424 -0.536898
v 0.374551 0.285343 -0.513233
v 0.170875 0.336050 -0.617944
v 0.170007 0.274886 -0.592542
v -0.007754 0.275430 -0.610628
v -0.007748 0.334937 -0.634844
v -0.185724 0.289507 -0.598614
v 0.186975 0.477168 -0.643680
v -0.007750 0.475475 -0.665171
v -0.186380 0.336050 -0.617938
v -0.396917 0.324455 -0.528134
v -0.400948 0.347429 -0.536891
v -0.426201 0.487094 -0.559568
v -0.429549 0.650754 -0.564530
v 0.251920 3.193928 0.305927
v 0.266991 3.221082 0.309060
v 0.289935 3.190175 0.353560
v 0.270248 3.169598 0.343498
v 0.290823 3.244428 0.316437
v 0.313644 3.212545 0.362185
v 0.375203 3.149080 0.367413
v 0.348995 3.132053 0.355984
v 0.325609 3.125540 0.341033
v 0.258537 3.156296 0.336286
v 0.308875 3.123541 0.328964
v 0.297881 3.116724 0.320726
v 0.248276 3.139325 0.327036
v 0.231535 3.128715 0.334928
v 0.298671 3.103922 0.329693
v 0.327411 3.257058 0.322255
v 0.350255 3.232139 0.359094
v 0.393730 3.173488 0.366710
v 0.406452 3.198365 0.352179
v 0.387451 3.236916 0.329647
v 0.364287 3.257125 0.307943
v 0.319208 3.266171 0.274604
v -0.379764 3.257125 0.307943
v -0.402929 3.236916 0.329647
v -0.397792 3.211027 0.291136
v -0.423276 3.171398 0.333874
v -0.406346 3.147880 0.331750
v -0.421929 3.198365 0.352179
v -0.409207 3.173488 0.366710
v -0.390680 3.149080 0.367413
v -0.364472 3.132053 0.355984
v -0.379140 3.132421 0.322593
v -0.341086 3.125541 0.341032
v -0.355896 3.125969 0.309428
v -0.324352 3.123542 0.328964
v 0.428474 2.470359 0.753608
v 0.452013 2.614103 0.667087
v 0.528875 2.410605 0.675680
v 0.334301 2.666950 0.726309
v 0.313249 2.518092 0.808525
v 0.128596 2.564962 0.865039
v 0.460216 2.753197 0.577062
v 0.554351 2.681707 0.495206
v 0.552063 2.545081 0.582301
v 0.626960 2.273366 0.616966
v 0.433413 2.336818 0.801559
v 0.277462 2.405180 0.871276
v 0.117651 2.449057 0.916419
v -0.007737 2.460353 0.927477
v -0.467490 2.614103 0.667087
v -0.349779 2.666950 0.726311
v -0.443949 2.470358 0.753606
v -0.544351 2.410605 0.675678
v -0.567540 2.545080 0.582303
v -0.642430 2.273360 0.616975
v -0.448882 2.336814 0.801562
v -0.292937 2.405179 0.871278
v -0.328726 2.518091 0.808525
v -0.133126 2.449057 0.916423
v -0.144073 2.564962 0.865039
v -0.007739 2.575253 0.877509
v 0.135507 2.718745 0.787893
v 0.343000 2.807707 0.634619
v 0.455990 2.853855 0.500511
v -0.150984 2.718745 0.787893
v -0.007739 2.727967 0.801581
v -0.007739 2.873194 0.705334
v 0.137691 2.863799 0.691620
v -0.569828 2.681706 0.495207
v -0.475693 2.753197 0.577062
v -0.358475 2.807705 0.634619
v -0.153168 2.863799 0.691622
v -0.007739 2.974049 0.614942
v 0.137530 2.964082 0.603682
v 0.341024 2.908105 0.552884
v -0.153005 2.964082 0.603682
v -0.471467 2.853855 0.500511
v -0.356501 2.908105 0.552884
v -0.343313 3.018499 0.446231
v -0.153400 3.067120 0.481430
v -0.007739 3.072423 0.493528
v -0.448257 2.969098 0.400340
v 0.432780 2.969098 0.400340
v 0.327836 3.018499 0.446231
v 0.137923 3.067120 0.481430
v 0.117513 3.120113 0.379036
v -0.007739 3.121226 0.392556
v -0.132990 3.120113 0.379036
v -0.193703 3.122092 0.364369
v -0.314148 3.103922 0.329693
v -0.247012 3.128716 0.334928
v 0.178226 3.122092 0.364369
v 0.298671 3.103922 0.329693
v 0.231535 3.128715 0.334928
v -0.007735 2.296257 0.985953
v 0.107570 2.286247 0.976401
v -0.007733 2.031535 1.066844
v -0.123039 2.286247 0.976403
v -0.116882 2.024293 1.057584
v -0.243796 2.256196 0.947468
v -0.219772 2.005059 1.034597
v -0.475854 1.916981 0.968794
v -0.527422 2.138546 0.856245
v -0.377967 2.204114 0.901004
v -0.448882 2.336814 0.801562
v -0.292937 2.405179 0.871278
v -0.133126 2.449057 0.916423
v -0.007737 2.460353 0.927477
v 0.117651 2.449057 0.916419
v 0.277462 2.405180 0.871276
v -0.642430 2.273360 0.616975
v -0.007733 1.745534 1.130325
v 0.101416 2.024292 1.057582
v 0.228330 2.256198 0.947466
v 0.433413 2.336818 0.801559
v 0.362503 2.204116 0.901003
v 0.511964 2.138557 0.856241
v 0.460394 1.916991 0.968795
v 0.309773 1.972308 1.001969
v 0.497114 1.674878 0.968946
v 0.348796 1.706578 1.026498
v 0.567037 1.509864 0.899261
v 0.410769 1.517565 1.011761
v 0.463930 1.384305 1.000630
v 0.481752 1.263365 1.030934
v 0.626960 2.273366 0.616966
v 0.204308 2.005061 1.034595
v 0.210737 1.729026 1.088539
v 0.229297 1.532113 1.117378
v 0.243622 1.402724 1.142751
v 0.252647 1.290756 1.166749
v 0.114432 1.405797 1.183911
v 0.118184 1.295197 1.206279
v -0.007731 1.407092 1.198704
v 0.109820 1.538931 1.155297
v -0.007731 1.541569 1.167933
v 0.105363 1.741241 1.119354
v -0.125284 1.538931 1.155299
v 0.120861 1.136131 1.233541
v -0.007731 1.296739 1.220027
v -0.133646 1.295197 1.206280
v -0.129895 1.405797 1.183913
v -0.244761 1.532113 1.117383
v -0.226201 1.729026 1.088545
v -0.120829 1.741242 1.119355
v -0.007731 1.137137 1.245714
v -0.136325 1.136131 1.233543
v -0.268109 1.290756 1.166754
v -0.259086 1.402723 1.142754
v -0.426237 1.517565 1.011767
v -0.364254 1.706571 1.026498
v -0.325233 1.972306 1.001971
v -0.134056 0.972589 1.251618
v -0.273286 1.131378 1.197773
v -0.497216 1.263365 1.030949
v -0.479396 1.384307 1.000639
v -0.512578 1.674869 0.968944
v -0.582505 1.509864 0.899265
v -0.674643 1.375051 0.792719
v -0.714613 1.192028 0.827514
v -0.507318 1.102540 1.072243
v -0.272621 0.970808 1.221455
v -0.132027 0.904863 1.252359
v -0.279341 0.901451 1.220568
v -0.511435 0.944936 1.101579
v -0.724774 1.035439 0.876347
v -0.837650 1.114228 0.653812
v -0.811470 1.258088 0.608412
v -0.918159 1.017774 0.416400
v -0.887392 1.192601 0.376885
v -0.927196 0.700510 0.478718
v -0.928335 0.731181 0.473186
v -0.840779 0.780313 0.736548
v -0.842545 0.817164 0.729862
v -0.927902 0.869139 0.445485
v -0.846428 0.962175 0.695055
v -0.725087 0.881810 0.910557
v -0.520319 0.882320 1.099323
v -0.725714 0.837540 0.914094
v 0.387451 3.236916 0.329647
v 0.364287 3.257125 0.307943
v 0.382314 3.211027 0.291134
v 0.407799 3.171396 0.333874
v 0.390869 3.147880 0.331750
v 0.406452 3.198365 0.352179
v 0.393730 3.173488 0.366710
v 0.375203 3.149080 0.367413
v 0.348995 3.132053 0.355984
v 0.363663 3.132421 0.322593
v 0.325609 3.125540 0.341033
v 0.497114 1.674878 0.968946
v 0.460394 1.916991 0.968795
v 0.622362 1.861674 0.932232
v 0.653501 2.074307 0.827720
v 0.511964 2.138557 0.856241
v 0.719194 2.176744 0.632235
v 0.626960 2.273366 0.616966
v 0.771589 2.197534 0.424019
v 0.567037 1.509864 0.899261
v 0.624761 1.652836 0.937334
v 0.761679 1.828046 0.912104
v 0.785398 2.014061 0.823394
v 0.834608 2.112086 0.648710
v 0.876950 2.138253 0.464223
v 0.878601 2.107011 0.299941
v 0.760306 1.642010 0.918647
v 0.648882 1.520514 0.873341
v 0.659179 1.375059 0.792729
v 0.778575 1.514716 0.859130
v 0.812426 1.402280 0.745966
v 0.698516 1.406050 0.762229
v 0.796152 1.318198 0.585543
v 0.885726 1.328627 0.569386
v 0.823813 1.787730 0.016507
v 0.778048 1.508536 0.041949
v 0.863736 1.530110 0.066359
v 0.736742 1.648881 0.009574
v 0.834979 1.649890 0.019425
v 0.916147 1.383024 0.199404
v 0.849901 1.345712 0.176977
v 0.934220 1.316825 0.355105
v 0.861540 1.289462 0.362027
v 0.871913 1.192599 0.376881
v 0.849141 1.234045 0.138774
v 0.741862 1.462734 0.005869
v 0.682366 1.626149 -0.017481
v 0.622192 1.790813 -0.027081
v 0.698569 1.795461 -0.000948
v 0.871913 1.192599 0.376881
v 0.796000 1.258092 0.608415
v 0.861540 1.289462 0.362027
v 0.934220 1.316825 0.355105
v -0.933415 0.506278 0.520529
v -0.957111 0.594386 0.507260
v -0.867267 0.680047 0.765768
v -0.934502 0.696673 0.483370
v -0.844641 0.773948 0.729509
v -0.927196 0.700510 0.478718
v -0.840779 0.780313 0.736548
v -0.725714 0.837540 0.914094
v -0.301327 0.733740 1.231958
v -0.266522 0.519269 1.222925
v -0.536017 0.699460 1.113096
v -0.472804 0.493399 1.139968
v -0.677694 0.475708 0.994317
v -0.820722 0.600305 0.770263
v -0.853662 0.595794 0.774858
v -0.753009 0.736092 0.944857
v -0.727490 0.826319 0.909675
v -0.520319 0.882320 1.099323
v -0.527740 0.872182 1.097921
v -0.279341 0.901451 1.220568
v -0.296402 0.895610 1.215837
v -0.312166 0.816784 1.265701
v -0.555900 0.786393 1.139287
v -0.550255 0.702880 1.135413
v -0.742684 0.653593 0.952505
v -0.702300 0.655560 0.944047
v -0.310490 0.739283 1.263047
v -0.142663 0.749271 1.295650
v -0.146929 0.825008 1.303349
v -0.140545 0.898986 1.253932
v -0.008149 0.896171 1.263358
v -0.132027 0.904863 1.252359
v -0.007733 0.900299 1.261110
v 0.116221 0.893526 1.252481
v -0.811470 1.258088 0.608412
v -0.887392 1.192601 0.376885
v -0.877023 1.289465 0.362014
v -0.949705 1.316832 0.355090
v -0.901195 1.328619 0.569362
v -0.811623 1.318194 0.585534
v -0.674643 1.375051 0.792719
v -0.713978 1.406041 0.762212
v -0.664340 1.520503 0.873324
v -0.794022 1.514695 0.859111
v -0.775751 1.641987 0.918637
v -0.827882 1.402262 0.745946
v -0.777125 1.828023 0.912104
v -0.800847 2.014042 0.823407
v -0.850071 2.112077 0.648733
v -0.892429 2.138253 0.464250
v -0.734660 2.176738 0.632247
v -0.668958 2.074296 0.827724
v -0.637820 1.861660 0.932229
v -0.640222 1.652822 0.937323
v -0.582505 1.509864 0.899265
v -0.512578 1.674869 0.968944
v -0.475854 1.916981 0.968794
v -0.527422 2.138546 0.856245
v -0.642430 2.273360 0.616975
v -0.787072 2.197536 0.424036
v -0.894095 2.107018 0.299965
v -0.839324 1.787749 0.016509
v -0.850486 1.649909 0.019422
v -0.879239 1.530129 0.066349
v -0.752235 1.648892 0.009568
v -0.793540 1.508547 0.041939
v -0.931643 1.383037 0.199392
v -0.865393 1.345719 0.176966
v -0.949705 1.316832 0.355090
v -0.877023 1.289465 0.362014
v -0.887392 1.192601 0.376885
v -0.864622 1.234045 0.138785
v -0.757351 1.462737 0.005874
v -0.697853 1.626153 -0.017476
v -0.637682 1.790819 -0.027075
v -0.714069 1.795474 -0.000952
v -2.497691 1.539833 -0.049429
v -2.486298 1.539051 -0.036236
v -2.504118 1.537059 -0.046960
v -0.007737 0.333273 1.144438
v -0.058625 0.362414 1.159703
v -0.007737 0.301389 1.149646
v -0.093060 0.343103 1.177701
v -0.057911 0.424670 1.195855
v -0.074571 0.420041 1.219611
v -0.102924 0.321059 1.201262
v -0.081187 0.410542 1.251951
v -0.098969 0.298062 1.237142
v -0.076300 0.383602 1.292342
v -0.076029 0.288729 1.268471
v -0.061718 0.353241 1.314282
v -0.044213 0.287797 1.290904
v -0.036515 0.323377 1.314898
v -0.007737 0.297556 1.303863
v -0.007737 0.332215 1.321418
v 0.021039 0.323377 1.314898
v -0.007737 0.369213 1.325741
v 0.046245 0.353241 1.314282
v -0.007737 0.404271 1.307985
v -0.007737 0.440278 1.204234
v -0.007737 0.440385 1.231527
v -0.007737 0.433368 1.266682
v -0.007737 0.269063 1.277420
v -0.007737 0.252156 1.243757
v -0.007737 0.250453 1.206589
v -0.007737 0.269815 1.171672
v 0.060824 0.383602 1.292342
v 0.065714 0.410542 1.251949
v 0.059098 0.420041 1.219611
v 0.042438 0.424670 1.195855
v 0.077586 0.343103 1.177701
v 0.043154 0.362414 1.159703
v -0.007737 0.301389 1.149646
v -0.007737 0.333273 1.144438
v -0.007737 0.269815 1.171672
v 0.087450 0.321059 1.201261
v 0.083496 0.298062 1.237142
v 0.060554 0.288729 1.268471
v 0.028738 0.287797 1.290904
v -0.007737 0.269063 1.277420
v -0.007737 0.252156 1.243757
v -0.007737 0.250453 1.206589
v -0.285725 3.169599 0.343498
v -0.305412 3.190175 0.353562
v -0.267397 3.193930 0.305927
v -0.282468 3.221083 0.309060
v -0.329121 3.212545 0.362185
v -0.306300 3.244428 0.316439
v -0.334685 3.266171 0.274604
v -0.342888 3.257058 0.322256
v -0.379764 3.257125 0.307943
v -0.402929 3.236916 0.329647
v -0.365732 3.232139 0.359094
v -0.390680 3.149080 0.367413
v -0.364472 3.132053 0.355984
v -0.341086 3.125541 0.341032
v -0.274014 3.156298 0.336286
v -0.324352 3.123542 0.328964
v -0.313358 3.116726 0.320726
v -0.263753 3.139328 0.327036
v -0.247012 3.128716 0.334928
v -0.314148 3.103922 0.329693
v -0.409207 3.173488 0.366710
v -0.421929 3.198365 0.352179
v 0.147528 2.829002 -0.099294
v 0.113623 2.806345 -0.157170
v 0.098433 2.882715 -0.157170
v 0.138426 2.874759 -0.099295
v 0.175224 2.847507 -0.083611
v 0.171096 2.868262 -0.083611
v 0.198211 2.862868 -0.079929
v 0.142711 2.945931 -0.219821
v 0.141690 2.947455 -0.157170
v 0.164345 2.913550 -0.099295
v 0.138426 2.874759 -0.099295
v 0.171096 2.868262 -0.083611
v 0.182853 2.885855 -0.083611
v 0.198211 2.862868 -0.079929
v 0.198211 2.862868 -0.079929
v 0.203605 2.889983 -0.083611
v 0.221198 2.878226 -0.083611
v 0.248895 2.896731 -0.099295
v 0.210104 2.922653 -0.099295
v 0.282801 2.919386 -0.157170
v 0.218060 2.962646 -0.157170
v 0.281276 2.918370 -0.219821
v 0.217701 2.960849 -0.219821
v 0.262965 2.906135 -0.256887
v 0.213405 2.939250 -0.256887
v 0.206110 2.902577 -0.283094
v 0.154944 2.927621 -0.256887
v 0.210104 2.922653 -0.099295
v 0.164345 2.913550 -0.099295
v 0.203605 2.889983 -0.083611
v 0.182853 2.885855 -0.083611
v 0.198211 2.862868 -0.079929
v 0.231877 2.885361 -0.283094
v 0.192819 2.835752 -0.083611
v 0.175224 2.847507 -0.083611
v 0.198211 2.862868 -0.079929
v 0.186320 2.803082 -0.099294
v 0.147528 2.829002 -0.099294
v 0.178364 2.763088 -0.157170
v 0.178721 2.764886 -0.219821
v 0.253713 2.779802 -0.219821
v 0.241478 2.798113 -0.256887
v 0.296192 2.843377 -0.219821
v 0.274594 2.847673 -0.256887
v 0.237922 2.854968 -0.283094
v 0.198211 2.862868 -0.291161
v 0.175717 2.896531 -0.283094
v 0.121828 2.878059 -0.256887
v 0.100230 2.882356 -0.219821
v 0.115148 2.807365 -0.219821
v 0.183017 2.786485 -0.256887
v 0.220705 2.829202 -0.283094
v 0.190312 2.823158 -0.283094
v 0.164545 2.840373 -0.283094
v 0.133457 2.819599 -0.256887
v 0.158500 2.870765 -0.283092
v 0.297991 2.843020 -0.157170
v 0.254731 2.778277 -0.157170
v 0.257996 2.850974 -0.099295
v 0.232077 2.812183 -0.099294
v 0.213571 2.839880 -0.083611
v 0.225326 2.857473 -0.083611
v 0.198211 2.862868 -0.079929
v 0.186320 2.803082 -0.099294
v 0.232077 2.812183 -0.099294
v 0.192819 2.835752 -0.083611
v 0.213571 2.839880 -0.083611
v 0.198211 2.862868 -0.079929
v 0.198211 2.862868 -0.079929
v 0.221198 2.878226 -0.083611
v 0.225326 2.857473 -0.083611
v 0.248895 2.896731 -0.099295
v 0.257996 2.850974 -0.099295
v -0.268639 2.874759 -0.099295
v -0.308633 2.882715 -0.157170
v -0.265374 2.947455 -0.157170
v -0.242719 2.913550 -0.099295
v -0.235969 2.868262 -0.083611
v -0.224213 2.885855 -0.083611
v -0.208853 2.862868 -0.079929
v -0.208853 2.862868 -0.079929
v -0.193493 2.839880 -0.083611
v -0.214247 2.835752 -0.083611
v -0.220747 2.803082 -0.099294
v -0.174988 2.812183 -0.099294
v -0.228701 2.763088 -0.157170
v -0.152333 2.778277 -0.157170
v -0.153351 2.779802 -0.219821
v -0.228343 2.764886 -0.219821
v -0.293441 2.806345 -0.157170
v -0.291919 2.807365 -0.219821
v -0.306835 2.882356 -0.219821
v -0.264356 2.945931 -0.219821
v -0.189365 2.960849 -0.219821
v -0.189006 2.962646 -0.157170
v -0.196962 2.922653 -0.099295
v -0.242719 2.913550 -0.099295
v -0.203459 2.889983 -0.083611
v -0.224213 2.885855 -0.083611
v -0.208853 2.862868 -0.079929
v -0.165586 2.798113 -0.256887
v -0.273607 2.819599 -0.256887
v -0.248565 2.870765 -0.283092
v -0.285236 2.878059 -0.256887
v -0.242519 2.840373 -0.283094
v -0.216753 2.823158 -0.283094
v -0.208853 2.862868 -0.291161
v -0.186359 2.829202 -0.283094
v -0.169144 2.854968 -0.283094
v -0.224047 2.786485 -0.256887
v -0.252122 2.927621 -0.256887
v -0.193661 2.939250 -0.256887
v -0.125790 2.918370 -0.219821
v -0.175190 2.885361 -0.283094
v -0.200956 2.902577 -0.283094
v -0.231349 2.896531 -0.283094
v -0.181738 2.857473 -0.083611
v -0.193493 2.839880 -0.083611
v -0.208853 2.862868 -0.079929
v -0.149068 2.850974 -0.099295
v -0.174988 2.812183 -0.099294
v -0.109075 2.843020 -0.157170
v -0.110872 2.843377 -0.219821
v -0.132471 2.847673 -0.256887
v -0.144099 2.906135 -0.256887
v -0.208853 2.862868 -0.079929
v -0.185866 2.878226 -0.083611
v -0.181738 2.857473 -0.083611
v -0.158169 2.896731 -0.099295
v -0.149068 2.850974 -0.099295
v -0.124265 2.919386 -0.157170
v -0.196962 2.922653 -0.099295
v -0.158169 2.896731 -0.099295
v -0.203459 2.889983 -0.083611
v -0.185866 2.878226 -0.083611
v -0.208853 2.862868 -0.079929
v -0.220747 2.803082 -0.099294
v -0.259538 2.829002 -0.099294
v -0.231841 2.847507 -0.083611
v -0.214247 2.835752 -0.083611
v -0.208853 2.862868 -0.079929
v -0.259538 2.829002 -0.099294
v -0.268639 2.874759 -0.099295
v -0.231841 2.847507 -0.083611
v -0.235969 2.868262 -0.083611
v -0.208853 2.862868 -0.079929
vn -0.0002 -0.0000 1.0000
vn -0.3107 0.0616 0.9485
vn -0.2634 -0.1758 0.9485
vn -0.6643 0.1319 0.7357
vn -0.5632 -0.3761 0.7358
vn -0.9447 0.1879 0.2689
vn -0.8008 -0.5351 0.2689
vn -0.0001 -0.0002 1.0000
vn -0.2632 -0.1761 0.9485
vn -0.0620 -0.3106 0.9485
vn -0.1323 -0.6642 0.7357
vn -0.5630 -0.3765 0.7357
vn -0.1879 -0.9447 0.2689
vn 0.2632 0.1761 0.9485
vn 0.0620 0.3106 0.9485
vn 0.0001 0.0002 1.0000
vn 0.5630 0.3765 0.7357
vn 0.1323 0.6642 0.7357
vn 0.8009 0.5351 0.2689
vn 0.1879 0.9447 0.2689
vn 0.8020 0.5359 -0.2638
vn 0.1882 0.9460 -0.2638
vn 0.6281 0.4197 -0.6552
vn 0.1474 0.7409 -0.6552
vn 0.9460 -0.1882 -0.2638
vn 0.9447 -0.1879 0.2689
vn 0.5633 0.3761 0.7357
vn 0.6644 -0.1319 0.7357
vn 0.3107 -0.0616 0.9485
vn 0.2634 0.1758 0.9485
vn 0.0002 -0.0000 1.0000
vn 0.7409 -0.1474 -0.6552
vn -0.2415 0.3614 -0.9006
vn -0.4263 0.0848 -0.9006
vn -0.7409 0.1474 -0.6552
vn -0.4197 0.6281 -0.6552
vn 0.0848 0.4263 -0.9006
vn 0.3614 0.2415 -0.9006
vn 0.4263 -0.0848 -0.9006
vn 0.4197 -0.6281 -0.6552
vn 0.5359 -0.8020 -0.2638
vn 0.5351 -0.8009 0.2689
vn 0.3765 -0.5630 0.7357
vn 0.6642 -0.1323 0.7357
vn 0.1761 -0.2632 0.9485
vn 0.3106 -0.0620 0.9485
vn 0.0001 -0.0001 1.0000
vn -0.3614 -0.2415 -0.9006
vn -0.0000 -0.0000 -1.0000
vn -0.1474 -0.7409 -0.6552
vn -0.0848 -0.4263 -0.9006
vn 0.2415 -0.3614 -0.9006
vn -0.6281 -0.4197 -0.6552
vn -0.5359 0.8020 -0.2638
vn -0.9460 0.1882 -0.2638
vn -0.8020 -0.5359 -0.2638
vn -0.1882 -0.9460 -0.2638
vn 0.0615 0.3107 0.9485
vn -0.1758 0.2634 0.9485
vn -0.0000 0.0002 1.0000
vn -0.3761 0.5633 0.7357
vn 0.1319 0.6643 0.7357
vn -0.5351 0.8009 0.2689
vn 0.3761 -0.5632 0.7357
vn -0.1319 -0.6643 0.7357
vn 0.1758 -0.2634 0.9485
vn -0.0616 -0.3107 0.9485
vn -0.0000 -0.0002 1.0000
vn -0.0002 0.0001 1.0000
vn -0.1761 0.2632 0.9485
vn -0.3106 0.0620 0.9485
vn -0.3765 0.5630 0.7357
vn -0.6642 0.1323 0.7357
vn 0.6643 -0.1319 0.7357
vn 0.1757 -0.2634 0.9485
vn 0.3761 -0.5633 0.7357
vn 0.6642 -0.1324 0.7357
vn -0.0001 -0.0001 1.0000
vn 0.5630 0.3764 0.7357
vn -0.5633 -0.3761 0.7357
vn -0.8631 0.3006 0.4057
vn -0.0737 0.5869 0.8063
vn -0.7273 0.6706 0.1458
vn -0.5320 -0.1474 0.8338
vn -0.2994 -0.5106 0.8060
vn -0.4293 -0.1089 0.8966
vn -0.4729 0.6741 0.5674
vn -0.1037 0.7889 0.6057
vn 0.3206 0.3533 0.8789
vn 0.5901 -0.0483 0.8059
vn 0.0619 -0.8833 0.4648
vn 0.1084 -0.8743 0.4730
vn 0.5494 0.0387 0.8347
vn -0.0362 -0.7622 0.6464
vn 0.5018 0.1187 0.8568
vn 0.3284 0.3123 0.8914
vn 0.5492 0.7268 0.4125
vn 0.1309 0.8894 0.4379
vn -0.5118 0.8584 0.0347
vn 0.0136 0.9635 -0.2674
vn 0.7880 0.5148 0.3377
vn 0.8847 0.3721 0.2808
vn -0.0000 -0.9669 -0.2552
vn -0.0000 -0.7540 -0.6568
vn 0.9120 -0.2673 -0.3111
vn 0.8660 -0.4936 0.0804
vn 0.0001 -0.9794 0.2019
vn 0.6403 -0.6222 0.4504
vn 0.3338 -0.6579 0.6751
vn 0.0002 -0.8335 0.5525
vn -0.0000 -0.5718 0.8204
vn 0.2708 -0.3548 0.8949
vn 0.5689 0.0042 0.8224
vn 0.7223 0.3752 0.5810
vn 0.7491 0.6136 0.2497
vn 0.6917 0.7152 -0.1001
vn 0.7773 0.0009 -0.6292
vn -0.0000 -0.4129 -0.9108
vn -0.0012 -1.0000 0.0023
vn 0.6447 -0.7157 0.2685
vn 0.4277 0.1959 0.8824
vn 0.0003 0.4706 0.8823
vn -0.0000 0.9941 0.1081
vn -0.0000 0.9153 0.4028
vn -0.0000 0.6649 0.7469
vn -0.0000 -0.7541 -0.6568
vn -0.7773 0.0009 -0.6292
vn -0.9120 -0.2673 -0.3111
vn -0.8660 -0.4936 0.0804
vn -0.0001 -0.9794 0.2019
vn -0.6403 -0.6222 0.4504
vn -0.3338 -0.6579 0.6751
vn -0.0002 -0.8335 0.5525
vn -0.0000 0.2138 0.9769
vn -0.2708 -0.3548 0.8949
vn -0.0000 -0.2524 0.9676
vn -0.5688 0.0042 0.8224
vn -0.7223 0.3752 0.5810
vn -0.7491 0.6136 0.2497
vn -0.6917 0.7152 -0.1001
vn -0.4332 0.1955 0.8798
vn -0.6486 -0.7121 0.2689
vn -0.0010 -1.0000 0.0023
vn -0.0086 -0.9537 -0.3007
vn 0.2803 -0.9131 -0.2961
vn -0.1276 -0.0610 -0.9900
vn -0.2377 0.0983 -0.9664
vn -0.1076 -0.2036 -0.9731
vn -0.2883 -0.0630 -0.9555
vn -0.4157 0.1726 -0.8930
vn -0.5770 0.1401 -0.8046
vn -0.5516 -0.1563 -0.8194
vn -0.8007 0.1320 -0.5843
vn -0.8331 -0.2557 -0.4904
vn -0.9574 0.1594 -0.2407
vn -0.9809 0.1649 0.1034
vn -0.8643 -0.5015 0.0384
vn -0.4857 -0.8667 -0.1132
vn -0.5234 -0.6275 -0.5765
vn -0.3044 -0.4081 -0.8607
vn -0.4830 0.8742 0.0503
vn -0.6269 0.7787 0.0251
vn -0.5144 0.8526 -0.0923
vn -0.5114 0.7574 0.4059
vn -0.7434 0.4724 0.4735
vn -0.4648 0.4477 0.7639
vn -0.3574 0.5916 0.7227
vn -0.2878 0.1941 0.9378
vn -0.2396 0.2099 0.9479
vn -0.2742 -0.1131 0.9550
vn -0.1829 -0.1797 0.9666
vn -0.4280 -0.2775 0.8601
vn -0.2337 -0.4648 0.8540
vn -0.7519 -0.0173 0.6591
vn -0.1132 -0.2193 0.9691
vn -0.1852 0.2018 0.9618
vn -0.2980 0.5928 0.7482
vn -0.4099 0.8257 0.3876
vn -0.0735 -0.8251 0.5602
vn -0.4593 -0.5773 0.6751
vn -0.0699 -0.5813 0.8107
vn -0.7069 -0.5099 0.4902
vn -0.1852 -0.9465 0.2644
vn -0.9048 0.2153 0.3674
vn -0.8643 -0.5015 0.0387
vn -0.5629 -0.8261 0.0275
vn -0.9808 0.1650 0.1038
vn -0.3493 -0.4465 0.8238
vn -0.5964 -0.3684 0.7132
vn -0.2644 -0.5715 0.7768
vn -0.4345 -0.1942 0.8795
vn -0.1676 -0.5001 0.8496
vn -0.2508 -0.2251 0.9415
vn -0.0232 -0.2296 0.9730
vn -0.1603 -0.7142 0.6813
vn -0.0424 -0.6918 0.7209
vn -0.0652 -0.6461 0.7605
vn 0.0035 -0.6773 0.7357
vn -0.1343 0.2347 0.9627
vn 0.0114 0.2068 0.9783
vn 0.0148 0.5194 0.8544
vn 0.1138 0.5924 0.7975
vn 0.1775 0.1972 0.9642
vn 0.3696 0.3618 0.8559
vn 0.2597 0.6461 0.7177
vn 0.4549 0.7481 0.4831
vn 0.3079 0.1984 0.9305
vn 0.0123 0.2453 0.9694
vn -0.1542 0.5258 0.8365
vn -0.1182 0.1889 0.9748
vn -0.3557 0.5680 0.7422
vn -0.2902 -0.0440 0.9560
vn -0.3429 0.2597 0.9028
vn -0.2091 -0.6224 0.7542
vn -0.3652 -0.6512 0.6652
vn -0.2916 -0.7029 0.6488
vn -0.4666 -0.6753 0.5712
vn -0.7023 -0.1276 0.7003
vn -0.4911 -0.7216 0.4880
vn -0.5393 -0.6926 0.4790
vn -0.4856 -0.6430 0.5922
vn -0.7861 0.1888 0.5885
vn -0.5942 0.2189 0.7740
vn -0.7914 0.1535 0.5916
vn -0.5851 0.4369 0.6831
vn -0.5590 0.1589 0.8138
vn -0.7438 -0.0482 0.6666
vn -0.9025 0.3127 0.2960
vn -0.9071 0.1203 0.4033
vn -0.5116 -0.7758 0.3693
vn -0.5202 -0.7640 0.3818
vn -0.8589 -0.1032 0.5016
vn -0.8786 -0.0223 0.4770
vn -0.8745 0.4850 0.0020
vn -0.8180 0.5752 -0.0071
vn -0.9805 0.0140 0.1959
vn 0.1132 -0.2193 0.9691
vn 0.2336 -0.4648 0.8541
vn 0.0699 -0.5812 0.8107
vn 0.4593 -0.5773 0.6751
vn 0.7518 -0.0174 0.6592
vn 0.7069 -0.5099 0.4902
vn 0.9048 0.2153 0.3674
vn 0.8642 -0.5016 0.0387
vn 0.1852 -0.9465 0.2644
vn 0.5629 -0.8261 0.0274
vn 0.9808 0.1650 0.1038
vn 0.1075 -0.2037 -0.9731
vn 0.2378 0.0983 -0.9663
vn 0.1275 -0.0610 -0.9900
vn 0.2884 -0.0630 -0.9554
vn 0.4158 0.1727 -0.8929
vn 0.5771 0.1401 -0.8046
vn 0.5517 -0.1563 -0.8193
vn 0.8008 0.1321 -0.5842
vn 0.8332 -0.2556 -0.4904
vn 0.9574 0.1595 -0.2407
vn 0.9809 0.1649 0.1034
vn 0.8643 -0.5015 0.0384
vn 0.4857 -0.8668 -0.1132
vn 0.5234 -0.6275 -0.5765
vn 0.3044 -0.4081 -0.8607
vn 0.0736 -0.8251 0.5602
vn 0.4280 -0.2775 0.8601
vn 0.1828 -0.1796 0.9666
vn 0.1852 0.2018 0.9617
vn 0.5144 0.8526 -0.0924
vn 0.6269 0.7787 0.0250
vn 0.4830 0.8742 0.0502
vn 0.5114 0.7574 0.4059
vn 0.4099 0.8257 0.3876
vn 0.3575 0.5916 0.7227
vn 0.2980 0.5928 0.7482
vn 0.2395 0.2099 0.9479
vn 0.2742 -0.1132 0.9550
vn 0.7434 0.4724 0.4734
vn 0.4648 0.4477 0.7639
vn 0.2878 0.1941 0.9378
vn -0.1083 -0.8743 0.4731
vn 0.4619 -0.7869 -0.4092
vn 0.0361 -0.7620 0.6466
vn 0.6814 -0.6887 -0.2478
vn 0.2991 -0.5104 0.8063
vn 0.9405 -0.2895 -0.1777
vn 0.5318 -0.1473 0.8339
vn 0.8631 0.3006 0.4059
vn 0.7272 0.6707 0.1459
vn 0.7255 -0.0636 -0.6853
vn 0.5117 0.8585 0.0347
vn -0.7439 -0.0479 0.6665
vn -0.9064 0.0553 0.4187
vn -0.5591 0.1585 0.8138
vn -0.7674 0.0998 0.6333
vn -0.9100 0.1160 0.3981
vn -0.5665 0.1081 0.8170
vn -0.7720 0.1850 0.6082
vn -0.9061 0.2143 0.3648
vn -0.9810 0.1463 0.1272
vn -0.9863 0.0618 0.1529
vn -0.9836 0.0211 0.1790
vn -0.9808 0.1651 0.1038
vn -0.7519 -0.0169 0.6590
vn -0.7786 0.2533 0.5741
vn -0.5892 0.1989 0.7831
vn -0.3351 0.0825 0.9386
vn -0.1183 0.1886 0.9749
vn 0.0012 0.0462 0.9989
vn 0.0123 0.2449 0.9695
vn -0.1521 0.0595 0.9866
vn -0.3735 0.1627 0.9133
vn -0.6151 0.2458 0.7491
vn -0.6402 0.2403 0.7296
vn -0.5742 0.1283 0.8086
vn -0.4283 -0.2773 0.8600
vn -0.4358 0.1088 0.8934
vn -0.2741 -0.1131 0.9550
vn -0.3418 0.2280 0.9117
vn -0.4055 0.3454 0.8464
vn -0.3102 0.2465 0.9181
vn -0.3589 0.3084 0.8809
vn -0.4151 0.2187 0.8831
vn -0.4039 0.1994 0.8928
vn -0.1805 0.1393 0.9737
vn -0.0000 0.1308 0.9914
vn 0.1510 0.0585 0.9868
vn -0.0000 0.1984 0.9801
vn -0.1790 0.2538 0.9506
vn -0.1971 0.1910 0.9616
vn -0.3554 0.1717 0.9188
vn -0.3989 0.1830 0.8986
vn -0.2092 0.2098 0.9551
vn -0.1984 0.1833 0.9628
vn -0.0000 0.1776 0.9841
vn 0.1805 0.1393 0.9737
vn 0.3735 0.1627 0.9133
vn 0.3351 0.0824 0.9386
vn 0.1971 0.1910 0.9616
vn 0.3102 0.2465 0.9181
vn 0.1790 0.2538 0.9506
vn -0.0000 0.2009 0.9796
vn -0.2091 0.1941 0.9584
vn -0.0000 0.2067 0.9784
vn 0.1984 0.1833 0.9628
vn 0.4039 0.1993 0.8928
vn 0.6151 0.2458 0.7491
vn 0.5893 0.1989 0.7831
vn 0.7786 0.2533 0.5741
vn 0.2092 0.2098 0.9551
vn 0.4151 0.2187 0.8831
vn 0.3989 0.1830 0.8986
vn 0.2092 0.1941 0.9584
vn 0.3554 0.1717 0.9188
vn 0.6402 0.2403 0.7296
vn 0.5742 0.1282 0.8086
vn 0.4358 0.1088 0.8934
vn 0.3418 0.2281 0.9117
vn 0.4054 0.3454 0.8464
vn 0.3589 0.3084 0.8809
vn 0.7435 0.4722 0.4736
vn 0.5770 0.3365 0.7442
vn 0.7519 -0.0170 0.6591
vn 0.4283 -0.2773 0.8600
vn 0.2741 -0.1132 0.9550
vn 0.4165 0.3172 0.8520
vn 0.2044 0.3119 0.9279
vn -0.0000 0.2563 0.9666
vn -0.5769 0.3365 0.7442
vn -0.7435 0.4722 0.4736
vn 0.2287 0.3521 0.9076
vn -0.0000 0.3161 0.9487
vn -0.0000 0.3678 0.9299
vn -0.2286 0.3521 0.9076
vn -0.2044 0.3119 0.9279
vn -0.4165 0.3172 0.8520
vn 0.1039 0.7888 0.6058
vn 0.1512 0.8916 0.4269
vn 0.4728 0.6743 0.5672
vn 0.4314 0.7269 0.5344
vn 0.1781 0.8150 0.5515
vn 0.0536 0.9212 0.3853
vn -0.1512 0.8916 0.4269
vn -0.1040 0.7888 0.6058
vn -0.4728 0.6743 0.5672
vn -0.4314 0.7269 0.5344
vn -0.1781 0.8150 0.5515
vn -0.0536 0.9212 0.3853
vn -0.0000 0.8376 0.5463
vn -0.0000 0.9296 0.3686
vn 0.2187 0.6924 0.6875
vn 0.4502 0.6086 0.6533
vn 0.6581 0.6343 0.4057
vn 0.6672 0.5193 0.5340
vn 0.4590 0.5195 0.7207
vn -0.4502 0.6086 0.6534
vn -0.6581 0.6343 0.4057
vn -0.6672 0.5193 0.5340
vn -0.0000 0.7224 0.6914
vn -0.2187 0.6924 0.6875
vn -0.4590 0.5195 0.7207
vn -0.6623 0.4277 0.6152
vn -0.2369 0.5910 0.7711
vn 0.2369 0.5910 0.7711
vn -0.0000 0.6111 0.7915
vn -0.2414 0.4804 0.8432
vn -0.4585 0.4255 0.7802
vn -0.6436 0.3606 0.6750
vn -0.8318 0.3303 0.4461
vn -0.8014 0.3039 0.5151
vn -0.0000 0.5000 0.8660
vn 0.2414 0.4804 0.8432
vn -0.0000 0.4223 0.9065
vn -0.2400 0.4023 0.8835
vn -0.4392 0.3556 0.8250
vn -0.5975 0.3081 0.7403
vn 0.6623 0.4277 0.6152
vn 0.4585 0.4255 0.7802
vn 0.2401 0.4023 0.8835
vn -0.2287 0.3521 0.9076
vn -0.7197 0.2668 0.6410
vn -0.7435 0.4721 0.4736
vn 0.2286 0.3521 0.9076
vn 0.4392 0.3556 0.8251
vn 0.5975 0.3081 0.7403
vn 0.5769 0.3365 0.7442
vn 0.7197 0.2668 0.6410
vn 0.7435 0.4721 0.4736
vn 0.8014 0.3039 0.5151
vn 0.6436 0.3607 0.6750
vn 0.8318 0.3303 0.4461
vn 0.1084 -0.8743 0.4731
vn -0.4959 -0.6797 -0.5404
vn 0.0618 -0.8833 0.4647
vn -0.4618 -0.7869 -0.4092
vn -0.0361 -0.7620 0.6465
vn -0.6815 -0.6886 -0.2478
vn -0.2991 -0.5103 0.8063
vn -0.9405 -0.2895 -0.1777
vn -0.5319 -0.1473 0.8339
vn -0.8631 0.3007 0.4059
vn -0.7272 0.6707 0.1459
vn -0.7254 -0.0636 -0.6853
vn -0.5116 0.8585 0.0347
vn -0.1308 0.8895 0.4379
vn 0.5118 0.8584 0.0346
vn -0.0133 0.9635 -0.2674
vn 0.7273 0.6707 0.1458
vn 0.0737 0.5869 0.8063
vn 0.8631 0.3006 0.4058
vn 0.5320 -0.1474 0.8338
vn 0.2994 -0.5106 0.8060
vn -0.3284 0.3123 0.8914
vn -0.5492 0.7268 0.4125
vn 0.4293 -0.1090 0.8965
vn 0.1038 0.7889 0.6057
vn 0.4729 0.6741 0.5674
vn -0.3207 0.3531 0.8789
vn -0.5901 -0.0483 0.8059
vn -0.0619 -0.8833 0.4648
vn -0.5494 0.0387 0.8347
vn 0.0362 -0.7621 0.6464
vn -0.5018 0.1187 0.8568
vn -0.7880 0.5148 0.3377
vn -0.8847 0.3721 0.2808
vn 0.4589 -0.1299 -0.8789
vn 0.2411 0.0291 -0.9701
vn 0.4498 0.0155 -0.8930
vn 0.2370 -0.1210 -0.9639
vn -0.0000 0.0289 -0.9996
vn -0.0000 -0.1245 -0.9922
vn -0.2371 -0.1210 -0.9639
vn -0.2210 -0.2911 -0.9308
vn -0.4458 -0.3048 -0.8416
vn -0.4590 -0.1300 -0.8789
vn -0.2411 0.0291 -0.9701
vn -0.4499 0.0155 -0.8930
vn -0.2281 0.1540 -0.9614
vn -0.4383 0.1492 -0.8864
vn -0.4121 0.2963 -0.8616
vn -0.5786 0.2784 -0.7666
vn -0.3602 0.3798 -0.8521
vn -0.5164 0.3485 -0.7822
vn -0.3057 0.4370 -0.8459
vn -0.4381 0.4030 -0.8036
vn -0.6504 0.0148 -0.7595
vn -0.6584 -0.1250 -0.7422
vn -0.4014 0.5486 -0.7334
vn -0.2514 0.5049 -0.8258
vn -0.1144 0.4066 -0.9064
vn -0.0005 -0.2942 -0.9557
vn 0.2224 -0.2912 -0.9304
vn 0.4427 -0.3026 -0.8441
vn 0.6457 -0.2755 -0.7121
vn 0.6579 -0.1244 -0.7427
vn 0.8375 -0.1845 -0.5144
vn 0.8450 -0.0921 -0.5268
vn 0.0334 0.3650 -0.9304
vn 0.2505 0.2384 -0.9383
vn 0.3615 0.4097 -0.8375
vn 0.5287 0.3898 -0.7540
vn 0.6868 0.4095 -0.6006
vn 0.7501 0.4992 -0.4339
vn 0.9561 -0.0858 -0.2804
vn 0.9680 0.2172 -0.1259
vn 0.9562 -0.0495 -0.2886
vn 0.9982 -0.0065 -0.0599
vn 0.9424 0.3246 0.0806
vn 0.9836 0.0209 0.1793
vn 0.8424 0.4955 0.2119
vn 0.9064 0.0553 0.4187
vn 0.7774 0.4121 0.4751
vn 0.7690 0.1045 0.6307
vn 0.5899 0.5501 0.5911
vn 0.5673 0.1110 0.8160
vn 0.3696 0.3614 0.8560
vn 0.1774 0.1967 0.9643
vn 0.7720 0.1850 0.6081
vn 0.9100 0.1160 0.3980
vn 0.9863 0.0619 0.1527
vn 0.9951 0.0283 -0.0945
vn 0.9517 0.0038 -0.3071
vn 0.8375 0.0069 -0.5463
vn 0.6504 0.0148 -0.7595
vn 0.9875 0.1069 -0.1160
vn 0.9811 0.1463 0.1270
vn 0.9061 0.2143 0.3648
vn 0.9395 0.0919 -0.3299
vn 0.9574 0.1596 -0.2407
vn 0.9808 0.1650 0.1036
vn 0.3785 0.3240 -0.8671
vn 0.4291 0.2471 -0.8688
vn 0.5869 0.2745 -0.7617
vn 0.4160 0.1730 -0.8928
vn 0.5774 0.1403 -0.8043
vn 0.8450 0.2518 -0.4717
vn 0.8009 0.1324 -0.5840
vn 0.7338 0.2749 -0.6213
vn 0.4987 0.3681 -0.7847
vn 0.2751 0.3735 -0.8859
vn 0.2335 0.2631 -0.9361
vn 0.1806 0.2823 -0.9422
vn 0.1941 0.4091 -0.8916
vn 0.3589 0.4155 -0.8358
vn 0.2494 0.4568 -0.8539
vn 0.4380 0.4030 -0.8036
vn 0.3057 0.4370 -0.8459
vn 0.5164 0.3485 -0.7822
vn 0.3601 0.3798 -0.8521
vn 0.5786 0.2784 -0.7666
vn 0.4121 0.2963 -0.8616
vn 0.6031 0.3562 -0.7137
vn 0.6978 0.3112 -0.6451
vn 0.7671 0.2400 -0.5950
vn 0.6324 0.1460 -0.7608
vn 0.4382 0.1492 -0.8864
vn 0.2281 0.1540 -0.9614
vn 0.9040 0.2029 -0.3763
vn 0.8168 0.1094 -0.5665
vn -0.0000 0.1605 -0.9870
vn 0.2031 0.2896 -0.9353
vn -0.0000 0.2905 -0.9569
vn -0.0000 0.3943 -0.9190
vn 0.1810 0.3949 -0.9007
vn -0.0000 0.4642 -0.8857
vn 0.1512 0.4584 -0.8758
vn -0.0000 0.4826 -0.8758
vn 0.1212 0.4780 -0.8699
vn -0.0000 0.4315 -0.9021
vn 0.0965 0.4249 -0.9001
vn -0.1512 0.4584 -0.8758
vn -0.1212 0.4780 -0.8699
vn -0.1810 0.3949 -0.9007
vn -0.2031 0.2896 -0.9353
vn -0.2494 0.4568 -0.8539
vn -0.1941 0.4091 -0.8916
vn -0.0965 0.4249 -0.9001
vn -0.3589 0.4155 -0.8358
vn -0.2751 0.3735 -0.8859
vn -0.1806 0.2823 -0.9422
vn -0.2336 0.2630 -0.9361
vn -0.3784 0.3240 -0.8671
vn -0.4987 0.3681 -0.7847
vn -0.6031 0.3562 -0.7137
vn -0.6978 0.3112 -0.6451
vn -0.7671 0.2400 -0.5950
vn -0.6324 0.1460 -0.7608
vn -0.8455 -0.0928 -0.5259
vn -0.8376 0.0068 -0.5463
vn -0.8168 0.1094 -0.5665
vn -0.9040 0.2028 -0.3763
vn -0.8450 0.2518 -0.4717
vn -0.7338 0.2749 -0.6213
vn -0.5869 0.2745 -0.7617
vn -0.6744 0.4089 -0.6149
vn -0.6375 0.6345 -0.4370
vn -0.9560 -0.0493 -0.2891
vn -0.9517 0.0038 -0.3070
vn -0.9395 0.0919 -0.3299
vn -0.8008 0.1323 -0.5841
vn -0.5773 0.1403 -0.8044
vn -0.4159 0.1729 -0.8928
vn -0.4291 0.2471 -0.8688
vn -0.7782 0.5693 -0.2652
vn -0.9981 -0.0060 -0.0609
vn -0.9837 0.0211 0.1786
vn -0.9951 0.0283 -0.0945
vn -0.9864 0.0618 0.1525
vn -0.9875 0.1069 -0.1160
vn -0.9811 0.1462 0.1268
vn -0.9809 0.1650 0.1034
vn 0.9926 -0.1203 0.0142
vn 0.9635 -0.0951 -0.2502
vn 0.9606 -0.0943 -0.2616
vn 0.8443 -0.0188 -0.5356
vn 0.9085 -0.0399 -0.4159
vn 0.3579 -0.3166 -0.8784
vn 0.8785 -0.2390 -0.4137
vn 0.2792 -0.2150 -0.9358
vn 0.7402 -0.4992 -0.4504
vn 0.1918 -0.2732 -0.9426
vn 0.0062 -0.9954 0.0961
vn -0.2066 -0.9717 0.1147
vn 0.8652 -0.4270 -0.2628
vn 0.9537 -0.1525 -0.2591
vn 0.9407 -0.3391 0.0132
vn 0.9946 -0.1036 0.0011
vn 0.9202 -0.1655 0.3547
vn 0.9941 -0.1083 0.0041
vn 0.9244 -0.1674 0.3427
vn 0.9286 -0.1487 0.3401
vn 0.9273 -0.1492 0.3434
vn 0.9924 -0.1225 0.0139
vn -0.7351 -0.0502 -0.6761
vn -0.9259 -0.0997 -0.3644
vn -0.9271 -0.1392 -0.3481
vn -0.7449 -0.1673 -0.6459
vn -0.4951 -0.4267 -0.7569
vn -0.7458 -0.3058 -0.5919
vn -0.9272 -0.1653 -0.3360
vn -0.7662 -0.3325 -0.5498
vn -0.5440 -0.4434 -0.7124
vn -0.9363 -0.1662 -0.3093
vn -0.9903 -0.1385 -0.0123
vn -0.9917 -0.1273 -0.0154
vn -0.9907 -0.1336 -0.0241
vn -0.9336 -0.0422 -0.3559
vn -0.7430 -0.0423 -0.6680
vn -0.4831 -0.3211 -0.8146
vn -0.1945 -0.6046 -0.7724
vn -0.1857 -0.5437 -0.8185
vn 0.1197 -0.6521 -0.7487
vn 0.1573 -0.5015 -0.8507
vn 0.3742 -0.7196 -0.5850
vn 0.8025 -0.5543 -0.2206
vn 0.8810 -0.4730 -0.0114
vn 0.8899 -0.4548 -0.0350
vn 0.7953 -0.5781 -0.1824
vn 0.8665 -0.4991 -0.0044
vn 0.8431 -0.5378 0.0014
vn 0.7396 -0.6543 -0.1576
vn 0.6308 -0.6818 -0.3704
vn 0.5126 -0.8023 -0.3058
vn 0.2136 -0.8621 -0.4595
vn 0.0524 -0.7896 -0.6113
vn -0.6383 -0.7409 0.2087
vn -0.6265 -0.4877 -0.6080
vn -0.4695 -0.8802 0.0698
vn 0.4661 -0.5506 -0.6925
vn 0.6871 -0.5885 -0.4261
vn 0.6779 -0.6994 -0.2265
vn 0.1313 -0.9857 -0.1052
vn 0.3208 -0.9471 0.0096
vn -0.5129 -0.8571 -0.0476
vn -0.6716 -0.6985 0.2472
vn -0.5033 -0.7877 0.3553
vn -0.1712 -0.9249 0.3395
vn -0.3679 -0.7513 0.5479
vn -0.0744 -0.9567 0.2815
vn -0.1638 -0.8623 0.4791
vn -0.1120 -0.9897 0.0897
vn 0.1140 -0.6158 -0.7796
vn 0.3225 -0.7416 -0.5883
vn -0.0676 -0.9086 -0.4122
vn -0.0244 -0.9632 -0.2678
vn 0.0537 -0.9796 -0.1937
vn 0.4949 -0.7798 -0.3834
vn -0.4602 -0.2469 -0.8528
vn -0.1968 -0.5132 -0.8354
vn -0.1893 -0.5296 -0.8269
vn -0.1816 -0.4461 -0.8764
vn -0.1999 -0.7244 -0.6598
vn -0.4056 -0.5505 -0.7297
vn -0.6950 -0.3412 -0.6330
vn -0.7412 -0.0474 -0.6696
vn -0.0518 -0.9545 0.2935
vn -0.0339 -0.9933 0.1107
vn -0.8928 -0.3096 -0.3274
vn -0.9366 0.0053 -0.3503
vn 0.1538 -0.9870 0.0477
vn 0.1159 -0.9921 0.0489
vn 0.0061 -0.9982 0.0597
vn 0.1090 -0.9921 0.0628
vn 0.0332 -0.9863 0.1617
vn 0.2690 -0.9607 -0.0684
vn -0.9222 -0.3862 -0.0196
vn -0.7998 -0.5210 0.2982
vn -0.9437 -0.0198 0.3301
vn -0.9980 -0.0610 -0.0186
vn -0.9226 -0.2021 0.3286
vn -0.9901 -0.1390 -0.0188
vn -0.9172 -0.2326 0.3236
vn 0.0090 -0.9913 0.1317
vn -0.9328 -0.1555 0.3251
vn -0.9256 -0.1811 0.3324
vn -0.9339 -0.1683 0.3153
vn -0.7784 0.5690 -0.2651
vn -0.8180 0.5752 -0.0073
vn -0.7267 0.6432 -0.2412
vn -0.9806 0.0139 0.1955
vn -0.6378 0.6342 -0.4371
vn -0.9995 0.0086 -0.0292
vn -0.9929 -0.1179 -0.0151
vn -0.9644 -0.0430 0.2608
vn -0.6156 -0.7470 0.2510
vn -0.5204 -0.7639 0.3816
vn -0.5293 -0.8156 0.2340
vn -0.9981 -0.0369 -0.0485
vn -0.5981 0.6739 -0.4338
vn -0.6341 0.4709 -0.6133
vn -0.4016 0.5484 -0.7335
vn -0.3982 0.5762 -0.7138
vn -0.2515 0.5047 -0.8258
vn -0.2463 0.5555 -0.7942
vn -0.1145 0.4063 -0.9066
vn -0.0890 0.5056 -0.8582
vn 0.0334 0.3647 -0.9305
vn -0.2111 -0.3584 -0.9094
vn -0.4445 -0.3565 -0.8218
vn -0.6767 -0.2490 -0.6929
vn -0.8480 -0.1757 -0.5000
vn -0.9553 -0.1101 -0.2744
vn -0.4767 -0.8713 0.1164
vn -0.5898 -0.8040 0.0759
vn -0.3796 -0.9108 -0.1626
vn -0.4612 -0.8868 -0.0302
vn 0.2960 0.5536 -0.7784
vn 0.3617 0.4093 -0.8376
vn 0.5287 0.3894 -0.7542
vn 0.1687 0.4718 -0.8654
vn 0.2505 0.2382 -0.9384
vn 0.0328 0.5213 -0.8527
vn -0.0050 -0.3239 -0.9461
vn -0.1078 -0.9676 -0.2283
vn -0.2307 -0.9489 -0.2154
vn -0.3399 -0.9282 -0.1514
vn -0.4925 -0.8642 -0.1027
vn -0.9493 -0.0502 -0.3104
vn -0.2114 -0.9505 -0.2276
vn -0.0949 -0.9762 -0.1950
vn 0.0027 -0.9788 -0.2047
vn 0.1964 -0.2938 -0.9355
vn 0.4164 -0.3031 -0.8572
vn 0.0843 -0.9829 -0.1638
vn 0.0618 -0.9926 -0.1042
vn 0.0143 -0.9885 -0.1503
vn -0.1617 -0.6586 -0.7349
vn -0.3600 -0.5270 -0.7699
vn -0.6112 -0.4188 -0.6716
vn -0.8072 -0.1981 -0.5560
vn 0.0003 -0.6963 -0.7177
vn -0.5913 -0.4511 -0.6685
vn -0.3238 -0.6510 -0.6865
vn -0.1034 -0.7801 -0.6171
vn -0.0000 -0.8055 -0.5926
vn 0.1503 -0.6793 -0.7183
vn 0.1430 -0.9840 -0.1063
vn 0.1990 -0.9716 -0.1281
vn -0.2322 -0.7318 -0.6407
vn 0.3294 -0.9361 -0.1234
vn 0.3612 -0.5660 -0.7410
vn 0.1034 -0.7801 -0.6171
vn 0.0001 -0.8679 -0.4967
vn -0.0404 -0.8316 -0.5539
vn 0.0145 -0.8116 -0.5840
vn -0.2131 -0.6560 -0.7241
vn -0.5014 -0.4703 -0.7262
vn -0.1022 -0.9020 -0.4194
vn 0.0002 -0.9601 -0.2795
vn 0.0001 -0.9406 -0.3395
vn -0.0156 -0.8047 -0.5935
vn -0.2215 -0.8605 -0.4587
vn 0.0404 -0.8317 -0.5538
vn 0.1022 -0.9020 -0.4196
vn 0.4766 -0.8397 -0.2602
vn 0.0001 -0.9836 -0.1803
vn -0.4766 -0.8398 -0.2601
vn -0.5128 -0.8023 -0.3057
vn -0.3192 -0.7991 -0.5095
vn -0.0715 -0.7801 -0.6215
vn 0.2006 -0.6863 -0.6991
vn 0.2391 -0.7410 -0.6275
vn 0.5360 -0.4454 -0.7172
vn 0.3237 -0.6511 -0.6864
vn 0.5912 -0.4513 -0.6685
vn -0.7039 -0.6983 -0.1304
vn 0.7037 -0.6984 -0.1305
vn 0.8418 -0.5397 0.0123
vn -0.7399 -0.6540 -0.1574
vn -0.8419 -0.5395 0.0124
vn 0.0001 -0.9987 0.0501
vn -0.3373 -0.8191 -0.4641
vn 0.2855 -0.8425 0.4569
vn 0.2596 -0.9385 0.2276
vn -0.5107 -0.7650 -0.3922
vn 0.1507 -0.9815 0.1183
vn -0.7611 -0.6056 -0.2323
vn -0.8477 -0.5304 0.0044
vn 0.2735 -0.9616 -0.0223
vn -0.8433 -0.5374 0.0016
vn -0.7704 -0.6112 -0.1817
vn -0.8504 -0.5261 -0.0038
vn -0.9168 -0.3994 -0.0016
vn -0.8296 -0.5089 -0.2300
vn -0.5995 -0.6675 -0.4416
vn -0.3876 -0.7263 -0.5677
vn -0.1913 -0.8134 -0.5493
vn 0.2652 -0.7727 0.5768
vn 0.1728 -0.8545 0.4899
vn 0.2318 -0.9074 0.3507
vn 0.1667 -0.9807 0.1019
vn 0.2330 -0.9721 0.0275
vn -0.5632 -0.7413 -0.3652
vn 0.2249 -0.9366 -0.2686
vn -0.2593 -0.5602 -0.7867
vn 0.7235 -0.6904 0.0048
vn -0.2561 -0.0884 -0.9626
vn 0.8783 -0.4769 0.0347
vn -0.3185 -0.1625 -0.9339
vn 0.7746 -0.6294 -0.0616
vn 0.5086 -0.7958 0.3286
vn 0.8718 -0.3661 0.3256
vn -0.1879 -0.9819 -0.0225
vn 0.2013 -0.9472 -0.2495
vn 0.0033 -0.9992 0.0400
vn 0.0039 -0.9494 -0.3141
vn -0.1465 -0.9808 0.1288
vn -0.1655 -0.9282 -0.3332
vn -0.1340 -0.8772 0.4611
vn -0.2746 -0.7892 0.5493
vn -0.3540 -0.5278 0.7721
vn -0.5410 -0.6768 0.4993
vn -0.7015 -0.3318 0.6307
vn -0.7995 -0.5212 0.2985
vn -0.9436 -0.0198 0.3304
vn -0.9225 -0.2021 0.3290
vn -0.7287 -0.3028 0.6142
vn -0.7515 -0.2637 0.6047
vn -0.9327 -0.1555 0.3254
vn -0.9170 -0.2327 0.3239
vn -0.7053 -0.3551 0.6136
vn -0.3735 -0.5254 0.7645
vn -0.0931 -0.5725 0.8146
vn -0.0993 -0.6206 0.7778
vn 0.0331 -0.9863 0.1616
vn -0.9338 -0.1684 0.3157
vn -0.8086 -0.2520 0.5317
vn -0.9643 -0.0430 0.2611
vn -0.7769 -0.2615 0.5728
vn -0.9255 -0.1812 0.3327
vn -0.0560 -0.9106 0.4095
vn 0.0786 -0.6934 0.7163
vn 0.0811 -0.6524 0.7536
vn -0.1121 -0.6441 0.7567
vn -0.3995 -0.5155 0.7581
vn -0.4505 -0.4578 0.7665
vn -0.5003 -0.4467 0.7417
vn 0.4017 -0.6445 0.6506
vn 0.3695 -0.6981 0.6133
vn 0.7101 -0.5736 0.4085
vn 0.2816 -0.7398 0.6111
vn 0.6030 -0.6802 0.4167
vn 0.5049 -0.7742 0.3816
vn 0.2438 -0.7717 0.5874
vn 0.1351 -0.7948 0.5917
vn 0.0375 -0.7498 0.6606
vn 0.0502 -0.7114 0.7010
vn -0.1549 -0.6830 0.7138
vn -0.1919 -0.6267 0.7553
vn 0.4997 -0.8393 0.2140
vn -0.6455 -0.7419 -0.1813
vn -0.6030 -0.7977 0.0065
vn 0.1437 -0.9520 0.2704
vn -0.4335 -0.8744 -0.2180
vn 0.0475 -0.9262 0.3741
vn -0.3258 -0.8982 -0.2952
vn 0.6114 -0.6706 0.4201
vn 0.8195 -0.5440 0.1799
vn 0.8417 -0.5052 0.1906
vn 0.8226 -0.5304 0.2051
vn 0.3207 -0.9471 0.0099
vn -0.8804 -0.4694 0.0669
vn -0.3874 -0.9154 0.1092
vn -0.2395 -0.9498 0.2012
vn -0.1812 -0.9416 0.2839
vn -0.1486 -0.9518 0.2683
vn 0.8899 -0.4548 -0.0346
vn 0.8810 -0.4730 -0.0113
vn -0.1351 -0.7948 0.5917
vn -0.5048 -0.7743 0.3817
vn -0.2438 -0.7716 0.5875
vn -0.4144 -0.8333 0.3659
vn -0.0000 -0.8115 0.5843
vn -0.0001 -0.9268 0.3757
vn 0.4143 -0.8334 0.3659
vn -0.0001 -0.9590 0.2834
vn -0.7966 -0.5861 0.1484
vn -0.7822 -0.5991 0.1708
vn -0.5238 -0.7538 0.3968
vn -0.2548 -0.7787 0.5734
vn -0.0375 -0.7497 0.6608
vn 0.0001 -0.9987 0.0504
vn 0.7965 -0.5862 0.1484
vn 0.7822 -0.5991 0.1707
vn -0.7849 -0.5872 0.1976
vn -0.6026 -0.6582 0.4513
vn -0.3043 -0.7255 0.6173
vn -0.4182 -0.8185 0.3940
vn -0.2255 -0.8256 0.5172
vn 0.3383 -0.9099 -0.2401
vn 0.2223 -0.9298 -0.2933
vn 0.1475 -0.9836 -0.1034
vn 0.2737 -0.9616 -0.0223
vn 0.2328 -0.9721 0.0277
vn -0.8328 -0.5062 0.2239
vn -0.9168 -0.3994 -0.0012
vn -0.6869 -0.6955 0.2108
vn -0.8478 -0.5303 0.0048
vn 0.3378 -0.9289 -0.1517
vn 0.0851 -0.9962 -0.0164
vn 0.2036 -0.9779 0.0477
vn 0.1548 -0.9631 -0.2200
vn 0.0712 -0.9974 0.0145
vn 0.0793 -0.9792 -0.1867
vn -0.0082 -0.9940 -0.1090
vn -0.0045 -0.9823 -0.1873
vn 0.1162 -0.9876 -0.1059
vn -0.0139 -0.9998 -0.0111
vn -0.0587 -0.9976 0.0363
vn -0.0683 -0.9969 -0.0384
vn -0.1191 -0.9893 0.0848
vn -0.0917 -0.9928 0.0771
vn -0.0427 -0.9134 0.4049
vn -0.9209 -0.0922 0.3787
vn -0.5875 -0.6992 -0.4074
vn -0.0074 -0.7041 0.7100
vn 0.2160 -0.6037 0.7674
vn 0.5914 -0.4663 0.6579
vn 0.8467 -0.4009 0.3498
vn 0.0958 -0.6963 0.7113
vn 0.0376 -0.6160 0.7868
vn 0.2878 -0.4951 0.8198
vn 0.3577 -0.5582 0.7487
vn 0.6698 -0.2894 0.6839
vn 0.6795 -0.3354 0.6526
vn 0.7004 -0.3293 0.6333
vn -0.1191 -0.7831 0.6104
vn -0.1076 -0.6858 0.7198
vn -0.0450 -0.7441 0.6665
vn 0.1451 -0.6869 0.7121
vn 0.4298 -0.4991 0.7524
vn 0.4902 -0.4146 0.7667
vn 0.7440 -0.2651 0.6133
vn 0.5238 -0.4419 0.7282
vn 0.7759 -0.2606 0.5745
vn 0.5946 -0.3751 0.7112
vn 0.8086 -0.2519 0.5317
vn 0.8493 -0.1466 0.5071
vn 0.9571 -0.1015 0.2713
vn 0.2196 -0.6181 0.7548
vn -0.0413 -0.7045 0.7085
vn 0.0445 -0.6576 0.7520
vn 0.2701 -0.5680 0.7775
vn 0.3494 -0.4468 0.8236
vn -0.0540 -0.7066 0.7055
vn -0.0000 -0.6887 0.7250
vn 0.5365 -0.6917 0.4834
vn 0.6791 -0.1705 0.7140
vn 0.4454 -0.2260 0.8663
vn 0.1661 -0.5012 0.8493
vn -0.0210 -0.5415 0.8404
vn -0.0000 -0.6495 0.7604
vn 0.0540 -0.7066 0.7055
vn 0.0199 -0.5414 0.8405
vn -0.0448 -0.6571 0.7524
vn 0.0414 -0.7046 0.7084
vn 0.2080 -0.8112 0.5465
vn 0.2393 -0.2376 0.9414
vn 0.0243 -0.2349 0.9717
vn -0.0560 -0.4341 0.8991
vn -0.1207 -0.4691 0.8749
vn 0.0001 -0.5844 0.8115
vn 0.0004 0.4706 0.8824
vn 0.0001 -0.3538 0.9353
vn -0.4333 0.1957 0.8798
vn 0.0552 -0.4334 0.8995
vn -0.6484 -0.7121 0.2691
vn 0.1200 -0.4695 0.8747
vn -0.0011 -1.0000 0.0021
vn 0.6447 -0.7157 0.2686
vn 0.4279 0.1961 0.8823
vn -0.0025 -0.2150 0.9766
vn -0.0059 -0.6806 0.7326
vn 0.0295 -0.7163 0.6971
vn 0.0704 -0.7032 0.7075
vn 0.1157 -0.7670 0.6311
vn 0.1374 0.1988 0.9704
vn 0.1630 -0.7199 0.6747
vn 0.5550 0.2198 0.8023
vn 0.3249 -0.6916 0.6451
vn 0.7698 0.2205 0.5990
vn 0.6834 0.5980 0.4187
vn 0.7774 0.4125 0.4749
vn 0.3200 -0.7958 0.5141
vn 0.4723 -0.6567 0.5880
vn 0.9050 0.1763 0.3871
vn 0.7889 0.5891 0.1749
vn 0.6374 -0.5877 0.4984
vn 0.9794 0.1483 0.1372
vn 0.8957 0.4447 -0.0000
vn 0.9423 0.3250 0.0805
vn 0.9233 0.3426 -0.1737
vn 0.9679 0.2175 -0.1260
vn 0.6368 -0.2236 -0.7379
vn 0.4579 0.5307 -0.7132
vn 0.5831 0.5645 -0.5842
vn 0.6869 0.4093 -0.6005
vn 0.7502 0.4990 -0.4338
vn 0.6868 0.5949 -0.4177
vn 0.9920 0.0960 -0.0820
vn 0.7212 -0.6047 0.3381
vn 0.6264 -0.6873 0.3678
vn 0.9482 0.0142 -0.3173
vn 0.8217 -0.0259 -0.5694
vn 0.5899 -0.7988 -0.1179
vn 0.3695 -0.9175 -0.1469
vn 0.5659 -0.7858 0.2494
vn 0.6388 -0.7393 0.2130
vn 0.6220 -0.7793 0.0759
vn 0.5243 -0.8456 -0.1001
vn 0.6035 -0.4616 -0.6502
vn 0.6076 -0.7942 -0.0036
vn 0.9273 -0.1673 0.3348
vn 0.9346 -0.1657 0.3147
vn 0.9976 -0.0692 -0.0075
vn 0.5791 -0.8097 0.0950
vn 0.9037 -0.1553 -0.3991
vn 0.7767 -0.2811 -0.5636
vn 0.6951 -0.3137 -0.6469
vn 0.6557 -0.1180 -0.7457
vn 0.7285 -0.3457 -0.5915
vn 0.8833 -0.2004 -0.4239
vn 0.9565 -0.1221 -0.2649
vn 0.9932 -0.1160 -0.0117
vn 0.9912 -0.1321 0.0051
vn 0.9577 -0.1041 -0.2682
vn 0.8512 -0.1949 -0.4874
vn 0.8493 -0.0775 -0.5222
vn 0.9552 -0.1234 -0.2692
vn 0.9547 -0.1374 -0.2639
vn 0.7268 -0.0717 -0.6831
vn 0.7587 -0.1290 -0.6385
vn 0.6814 -0.1858 -0.7080
vn 0.6206 -0.2139 -0.7544
vn 0.7377 -0.2430 -0.6299
vn 0.7088 -0.4328 -0.5571
vn 0.5159 -0.4373 -0.7366
vn 0.0773 -0.2492 -0.9654
vn 0.6926 -0.2862 -0.6621
vn 0.9046 -0.3569 0.2330
vn 0.8771 -0.3748 0.3004
vn 0.8379 -0.4824 0.2554
vn 0.1445 -0.9875 0.0626
vn -0.0119 -0.9981 -0.0606
vn 0.2079 -0.4070 -0.8894
vn 0.3437 -0.9336 -0.1011
vn 0.8516 -0.3943 0.3455
vn 0.8717 -0.3661 0.3258
vn -0.2834 -0.1679 0.9442
vn 0.3635 -0.8137 0.4535
vn -0.6168 -0.3404 0.7097
vn -0.8161 -0.1666 0.5534
vn -0.6785 -0.5882 -0.4401
vn -0.3626 -0.0875 -0.9278
vn -0.2959 0.0488 -0.9540
vn -0.1807 -0.0884 -0.9796
vn 0.0367 -0.4473 -0.8936
vn 0.6700 -0.0258 -0.7419
vn -0.9253 0.1919 0.3270
vn -0.3185 -0.1626 -0.9339
vn -0.2560 -0.0884 -0.9626
vn -0.2592 -0.5601 -0.7868
vn 0.2250 -0.9366 -0.2687
vn 0.4529 -0.7196 -0.5263
vn 0.7235 -0.6903 0.0046
vn 0.7811 -0.6077 -0.1435
vn 0.8783 -0.4769 0.0346
vn 0.8676 -0.4963 0.0327
vn 0.7746 -0.6295 -0.0618
vn 0.7834 -0.6075 0.1310
vn 0.5593 -0.2164 -0.8002
vn 0.5225 -0.2884 -0.8024
vn 0.5085 -0.7958 0.3288
vn 0.4229 -0.5989 -0.6800
vn 0.2845 -0.8312 0.4777
vn -0.0826 -0.8954 0.4375
vn 0.3124 -0.3106 -0.8977
vn 0.1625 -0.6158 -0.7709
vn -0.1002 -0.8178 0.5667
vn 0.0869 -0.8818 0.4636
vn 0.0349 -0.6933 -0.7198
vn -0.1988 -0.6908 -0.6952
vn 0.3978 -0.3326 -0.8551
vn 0.1122 -0.5978 -0.7938
vn 0.0678 -0.5391 -0.8395
vn 0.5717 -0.0938 -0.8151
vn 0.4584 -0.3272 -0.8263
vn 0.1480 -0.6537 -0.7422
vn -0.1245 -0.7440 -0.6565
vn 0.4952 -0.3915 -0.7755
vn 0.6493 -0.2138 -0.7299
vn 0.9152 -0.2193 -0.3380
vn 0.9861 -0.1651 0.0210
vn 0.8930 -0.1524 0.4234
vn -0.0587 -0.9976 0.0362
vn 0.6155 -0.1569 0.7724
vn 0.1780 -0.2256 0.9578
vn -0.1761 -0.3051 0.9359
vn 0.0711 -0.9974 0.0149
vn -0.4313 -0.2655 0.8623
vn 0.2035 -0.9779 0.0478
vn -0.7108 -0.2211 0.6678
vn 0.0851 -0.9962 -0.0165
vn -0.9035 -0.2307 0.3613
vn 0.1476 -0.9836 -0.1034
vn -0.9015 -0.4303 0.0472
vn 0.2330 -0.9721 0.0277
vn 0.1665 -0.9808 0.1018
vn -0.8129 -0.4936 -0.3091
vn 0.2328 -0.9721 0.0279
vn -0.8441 -0.5355 -0.0286
vn 0.8515 -0.3944 0.3456
vn 0.3436 -0.9337 -0.1010
vn 0.2075 -0.4070 -0.8895
vn 0.3607 -0.3991 -0.8430
vn -0.0826 -0.8954 0.4376
vn 0.0387 -0.5222 -0.8520
vn 0.1727 -0.8545 0.4899
vn -0.3031 -0.6220 -0.7220
vn 0.2317 -0.9074 0.3505
vn -0.5773 -0.6098 -0.5430
vn -0.9516 0.2554 -0.1711
vn -0.9544 0.2427 -0.1738
vn -0.9246 0.3505 -0.1489
vn -0.9224 0.3570 -0.1473
vn -0.0157 0.9994 -0.0316
vn 0.6971 0.4370 -0.5684
vn -0.7431 0.6632 -0.0891
vn 0.9152 -0.2464 0.3188
vn -0.2396 -0.9498 0.2012
vn 0.6380 -0.4553 -0.6210
vn 0.9016 -0.4300 0.0473
vn -0.3873 -0.9155 0.1092
vn 0.3228 0.3945 -0.8603
vn -0.0049 0.4140 -0.9103
vn 0.1092 0.3833 -0.9172
vn -0.0038 0.6519 -0.7583
vn -0.0320 0.6617 -0.7491
vn -0.0052 0.8775 -0.4796
vn -0.1085 0.8773 -0.4676
vn -0.0009 0.9675 -0.2528
vn -0.0140 0.9687 -0.2477
vn -0.0001 0.9991 -0.0429
vn -0.0501 0.9739 -0.2212
vn -0.0187 0.9815 -0.1904
vn -0.1174 0.9325 -0.3416
vn 0.0383 0.9525 -0.3021
vn 0.1128 0.8247 -0.5542
vn 0.2403 0.8321 -0.4998
vn 0.2592 0.5620 -0.7855
vn 0.4026 0.5521 -0.7301
vn 0.3522 0.3033 -0.8854
vn 0.4881 0.2578 -0.8338
vn 0.6298 0.1064 -0.7694
vn 0.6969 0.2015 -0.6883
vn 0.5129 0.1417 -0.8467
vn 0.4206 0.0639 -0.9050
vn 0.3777 0.0388 -0.9251
vn 0.2924 -0.0085 -0.9563
vn 0.3105 0.0311 -0.9501
vn 0.2681 0.0839 -0.9597
vn 0.2993 0.1804 -0.9369
vn 0.1866 0.2691 -0.9449
vn 0.2349 0.2763 -0.9319
vn 0.2720 0.3512 -0.8959
vn 0.2987 0.2543 -0.9198
vn 0.3836 0.2218 -0.8965
vn 0.5773 0.1823 -0.7959
vn 0.6451 -0.1089 -0.7563
vn 0.8269 -0.1380 -0.5451
vn 0.6493 -0.1758 -0.7399
vn 0.7794 -0.1863 -0.5981
vn 0.3412 0.4098 -0.8460
vn -0.6008 -0.4987 -0.6248
vn -0.4081 -0.5081 -0.7584
vn -0.5205 -0.5584 -0.6460
vn -0.4510 -0.4742 -0.7561
vn -0.6736 -0.4176 -0.6098
vn -0.4896 -0.3874 -0.7811
vn -0.7016 -0.2952 -0.6486
vn -0.4793 -0.2659 -0.8364
vn -0.6468 -0.1326 -0.7510
vn -0.3875 -0.1176 -0.9143
vn -0.5045 0.0641 -0.8610
vn -0.2853 0.0081 -0.9584
vn -0.3042 0.2125 -0.9286
vn -0.2532 0.0855 -0.9636
vn -0.1735 0.2721 -0.9465
vn -0.2838 0.1787 -0.9421
vn -0.2089 0.2789 -0.9373
vn -0.3395 0.2398 -0.9095
vn -0.3500 0.2706 -0.8968
vn -0.4467 0.2574 -0.8568
vn -0.2987 0.0305 -0.9539
vn -0.2763 -0.0059 -0.9611
vn -0.2914 0.0120 -0.9565
vn -0.3852 -0.1223 -0.9147
vn -0.4431 -0.2841 -0.8502
vn -0.4635 -0.3649 -0.8075
vn -0.4679 -0.4558 -0.7572
vn -0.4253 -0.5607 -0.7105
vn -0.5330 -0.5376 -0.6534
vn -0.3841 -0.6624 -0.6432
vn -0.3966 -0.5267 -0.7518
vn -0.1991 -0.5836 -0.7872
vn -0.1945 -0.3786 -0.9049
vn -0.3643 0.0358 -0.9306
vn -0.4085 0.0662 -0.9104
vn -0.4976 0.0417 -0.8664
vn -0.6306 -0.1721 -0.7568
vn -0.6506 -0.2925 -0.7009
vn -0.6151 -0.4200 -0.6673
vn -0.5546 -0.4448 -0.7033
vn -0.3869 -0.3427 -0.8561
vn -0.1820 -0.1849 -0.9658
vn -0.3693 -0.1715 -0.9134
vn -0.1774 -0.1968 -0.9643
vn 0.1375 -0.8192 -0.5568
vn 0.1357 -0.9316 -0.3371
vn 0.2559 -0.8862 -0.3861
vn -0.0000 -0.8465 -0.5323
vn 0.1277 -0.5428 -0.8301
vn -0.0000 -0.5722 -0.8201
vn 0.1238 -0.3581 -0.9255
vn -0.0000 -0.3621 -0.9321
vn 0.1245 -0.2197 -0.9676
vn -0.0000 -0.2072 -0.9783
vn 0.1281 -0.0508 -0.9905
vn -0.0000 -0.0375 -0.9993
vn -0.0000 0.1327 -0.9912
vn -0.1281 -0.0508 -0.9905
vn -0.1163 0.1264 -0.9851
vn -0.2099 -0.0772 -0.9747
vn -0.1970 0.1050 -0.9748
vn -0.2932 -0.0907 -0.9517
vn -0.2559 0.0892 -0.9626
vn -0.3918 -0.0583 -0.9182
vn 0.3494 -0.5709 -0.7430
vn 0.3245 -0.7135 -0.6209
vn 0.4252 -0.5608 -0.7104
vn 0.2619 -0.6655 -0.6990
vn 0.4075 -0.6627 -0.6283
vn 0.2680 -0.7660 -0.5843
vn 0.4109 -0.7710 -0.4865
vn 0.2539 -0.7532 -0.6068
vn 0.2360 -0.4968 -0.8352
vn 0.2266 -0.3419 -0.9120
vn 0.2212 -0.2282 -0.9481
vn 0.2099 -0.0772 -0.9747
vn 0.1163 0.1265 -0.9851
vn 0.1970 0.1049 -0.9748
vn 0.2932 -0.0907 -0.9518
vn 0.3161 -0.2068 -0.9259
vn 0.3368 -0.3013 -0.8921
vn 0.3599 -0.4289 -0.8286
vn 0.3918 -0.6381 -0.6628
vn 0.5611 -0.6114 -0.5579
vn 0.2559 0.0892 -0.9626
vn 0.3918 -0.0583 -0.9182
vn 0.4228 -0.1517 -0.8934
vn 0.4512 -0.2317 -0.8619
vn 0.4864 -0.3429 -0.8036
vn 0.5337 -0.5050 -0.6783
vn 0.6635 -0.4759 -0.5774
vn 0.5205 -0.5584 -0.6459
vn 0.6008 -0.4988 -0.6247
vn 0.4081 -0.5082 -0.7584
vn 0.4510 -0.4743 -0.7560
vn 0.3261 0.0971 -0.9403
vn 0.5438 -0.0245 -0.8388
vn 0.5650 -0.1035 -0.8185
vn 0.7124 0.0794 -0.6973
vn 0.5392 0.2899 -0.7907
vn 0.4388 0.1160 -0.8911
vn 0.7957 0.4137 -0.4425
vn 0.9130 0.1106 -0.3926
vn 0.7573 -0.0636 -0.6500
vn 0.9305 -0.0067 -0.3662
vn 0.7694 -0.1367 -0.6240
vn 0.9290 -0.0084 -0.3700
vn 0.7922 -0.1888 -0.5804
vn 0.9232 0.0261 -0.3834
vn 0.9518 0.0315 -0.3052
vn 0.8705 -0.2039 -0.4479
vn 0.9537 0.0594 -0.2948
vn 0.8628 -0.1712 -0.4757
vn 0.8462 -0.0270 -0.5323
vn 0.7015 -0.2952 -0.6486
vn 0.5867 -0.1721 -0.7913
vn 0.6181 -0.2593 -0.7421
vn 0.6660 -0.3837 -0.6397
vn 0.7674 -0.3505 -0.5369
vn 0.6737 -0.4177 -0.6097
vn -0.5163 -0.7581 0.3985
vn -0.4619 -0.7895 0.4042
vn -0.2623 -0.9231 0.2813
vn -0.4408 -0.7608 -0.4764
vn -0.7757 -0.4155 -0.4750
vn -0.7791 0.1627 -0.6055
vn -0.7549 0.2917 -0.5874
vn -0.0765 -0.8147 -0.5748
vn -0.6213 0.5200 -0.5861
vn -0.0101 -0.7917 -0.6109
vn -0.4659 0.6065 -0.6443
vn -0.0109 -0.7830 -0.6219
vn -0.4191 0.6431 -0.6409
vn -0.0079 -0.7738 -0.6334
vn -0.3315 0.6911 -0.6423
vn -0.0072 -0.7650 -0.6439
vn -0.2398 0.7248 -0.6459
vn -0.0041 -0.7568 -0.6536
vn -0.1496 0.7529 -0.6409
vn -0.0020 -0.7522 -0.6590
vn -0.4824 -0.7897 0.3790
vn -0.5086 -0.7860 0.3514
vn -0.5150 -0.7911 0.3301
vn -0.5961 -0.7454 0.2982
vn -0.4800 -0.7866 0.3884
vn -0.3049 -0.8196 0.4850
vn -0.1267 -0.8370 0.5323
vn 0.0038 -0.9198 0.3924
vn -0.0742 -0.9328 0.3526
vn -0.1206 -0.9434 0.3090
vn -0.1577 -0.9493 0.2720
vn -0.1926 -0.9547 0.2267
vn -0.1689 -0.9604 0.2214
vn -0.1789 -0.9600 0.2156
vn -0.2281 -0.9477 0.2231
vn -0.2735 -0.9237 0.2684
vn 0.3017 0.2306 -0.9251
vn 0.3636 0.2157 -0.9063
vn 0.4292 0.2472 -0.8687
vn 0.3784 0.3240 -0.8671
vn 0.2336 0.2631 -0.9361
vn 0.3586 0.2390 -0.9024
vn 0.4158 0.1729 -0.8929
vn 0.5390 0.2900 -0.7908
vn 0.4388 0.1159 -0.8911
vn 0.2559 0.0896 -0.9625
vn 0.1970 0.1050 -0.9748
vn 0.1016 0.2915 -0.9512
vn -0.0000 0.2920 -0.9564
vn -0.1017 0.2915 -0.9512
vn -0.2336 0.2631 -0.9361
vn -0.2559 0.0896 -0.9625
vn -0.3017 0.2306 -0.9251
vn -0.3261 0.0971 -0.9403
vn -0.3635 0.2157 -0.9063
vn -0.4388 0.1160 -0.8911
vn -0.5389 0.2901 -0.7908
vn -0.3585 0.2390 -0.9024
vn -0.4157 0.1728 -0.8929
vn 0.6272 0.7785 0.0249
vn 0.8786 0.4763 0.0356
vn 0.7435 0.4724 0.4733
vn 0.6053 0.6945 -0.3889
vn 0.3972 0.8703 -0.2912
vn 0.3464 0.7262 -0.5939
vn 0.4745 0.5149 -0.7140
vn 0.2617 0.4648 -0.8458
vn 0.3357 0.2934 -0.8951
vn 0.1164 0.1498 -0.9818
vn 0.2377 0.0985 -0.9663
vn 0.4157 0.1729 -0.8929
vn 0.7956 0.4140 -0.4424
vn 0.5390 0.2903 -0.7907
vn -0.6272 0.7785 0.0250
vn -0.7435 0.4724 0.4733
vn -0.8785 0.4763 0.0357
vn -0.6053 0.6946 -0.3889
vn -0.3972 0.8703 -0.2911
vn -0.3464 0.7262 -0.5938
vn -0.4745 0.5149 -0.7139
vn -0.2617 0.4649 -0.8458
vn -0.3357 0.2935 -0.8951
vn -0.1164 0.1499 -0.9818
vn -0.2377 0.0987 -0.9663
vn -0.4156 0.1728 -0.8930
vn -0.7955 0.4141 -0.4424
vn -0.5390 0.2903 -0.7907
vn -0.8390 0.4111 0.3564
vn -0.6624 0.4277 0.6151
vn -0.6675 0.5192 0.5338
vn -0.8319 0.3303 0.4460
vn -0.9378 0.3093 0.1579
vn -0.9379 0.2536 0.2366
vn -0.8017 0.3038 0.5148
vn -0.9389 0.2096 0.2731
vn -0.7437 0.4721 0.4734
vn -0.9880 0.1540 -0.0070
vn -0.8787 0.4760 0.0358
vn -0.9913 0.1262 -0.0384
vn -0.9790 0.1857 -0.0844
vn -0.9625 0.2304 -0.1435
vn -0.9315 0.3535 0.0859
vn -0.8308 0.4962 0.2522
vn -0.6582 0.6343 0.4056
vn -0.9730 0.2086 -0.0986
vn -0.9518 0.0316 -0.3050
vn -0.9233 0.0263 -0.3831
vn -0.9131 0.1107 -0.3923
vn -0.7958 0.4138 -0.4422
vn -0.9306 -0.0065 -0.3659
vn -0.9291 -0.0082 -0.3697
vn -0.9232 0.3641 0.1227
vn -0.7892 0.5774 0.2092
vn -0.6237 0.7551 0.2020
vn -0.6124 0.7553 0.2336
vn -0.4316 0.7269 0.5343
vn -0.4731 0.6743 0.5671
vn -0.5892 0.8074 -0.0323
vn -0.9439 0.0150 -0.3300
vn -0.7995 0.5149 -0.3093
vn -0.9644 0.0478 -0.2599
vn -0.6467 0.5597 -0.5181
vn -0.6659 0.0660 -0.7431
vn 0.1944 0.1009 -0.9757
vn -0.5978 0.5679 -0.5658
vn 0.5419 0.7615 0.3557
vn 0.6524 0.7123 -0.2588
vn 0.0510 0.4149 -0.9084
vn 0.9652 0.0559 -0.2554
vn 0.6522 0.7125 -0.2589
vn 0.8341 0.0469 0.5496
vn 0.5418 0.7616 0.3555
vn 0.8749 0.0375 0.4828
vn 0.3486 0.8443 -0.4070
vn 0.9435 0.3313 0.0098
vn 0.9537 -0.0412 0.2978
vn 0.9410 -0.0395 0.3362
vn 0.9354 0.2505 0.2496
vn 0.5971 0.0950 0.7966
vn 0.5063 0.7312 0.4572
vn -0.6103 0.6670 -0.4273
vn 0.3740 0.9002 -0.2229
vn 0.3487 0.8443 -0.4069
vn 0.9433 0.3317 0.0097
vn 0.9354 0.2508 0.2494
vn -0.6800 0.6306 -0.3741
vn 0.5062 0.7311 0.4573
vn 0.2252 0.9364 -0.2691
vn -0.9314 0.1659 -0.3240
vn 0.5974 0.0949 0.7963
vn -0.8391 0.1265 0.5291
vn -0.6088 0.7702 0.1900
vn -0.9775 0.0145 -0.2103
vn -0.8977 -0.0622 -0.4362
vn 0.5105 0.5828 0.6323
vn 0.1102 0.7652 0.6343
vn 0.3559 0.8626 0.3595
vn 0.1406 0.7816 0.6078
vn -0.4633 0.5743 0.6749
vn -0.5068 0.5988 0.6201
vn -0.8970 0.4384 0.0561
vn -0.7478 0.6396 0.1781
vn 0.7103 0.6288 0.3164
vn -0.6067 0.7757 -0.1738
vn 0.0268 0.9242 -0.3809
vn 0.7537 0.6074 -0.2511
vn 0.5106 0.5829 0.6322
vn 0.3561 0.8627 0.3592
vn 0.4222 0.8917 -0.1631
vn 0.0188 0.9286 -0.3707
vn -0.5445 0.7605 -0.3539
vn 0.9501 -0.2806 0.1363
vn 0.0452 -0.7307 0.6812
vn 0.6848 -0.6994 0.2045
vn 0.3213 -0.3220 -0.8905
vn 0.9991 0.0249 -0.0356
vn 0.9501 -0.2804 0.1366
vn 0.3702 -0.6572 -0.6565
vn 0.6848 -0.6995 0.2043
vn 0.3138 -0.9008 -0.3003
vn 0.2425 -0.1408 -0.9599
vn 0.9816 0.0799 -0.1732
vn -0.6210 -0.1109 -0.7760
vn -0.6065 -0.3260 -0.7252
vn -0.4836 -0.6625 -0.5720
vn -0.1363 -0.9662 -0.2190
vn -0.2720 -0.9389 0.2108
vn -0.0365 -0.2969 0.9542
vn -0.0909 0.1065 0.9901
vn 0.9990 0.0248 -0.0360
vn 0.9816 0.0798 -0.1736
vn 0.0296 0.2181 0.9755
vn -0.9670 -0.2084 0.1465
vn -0.8116 -0.5564 0.1782
vn -0.9880 -0.0321 0.1508
vn -0.0839 -0.1957 -0.9771
vn -0.9967 -0.0696 -0.0427
vn -0.0357 0.2866 -0.9574
vn -0.9089 0.2832 -0.3060
vn 0.9894 0.1372 0.0466
vn -0.1015 0.5577 0.8238
vn -0.0700 0.2719 0.9598
vn 0.8663 0.4536 -0.2090
vn -0.0237 -0.2875 -0.9575
vn 0.4939 0.7661 -0.4113
vn -0.2619 0.9006 -0.3468
vn -0.2472 0.9001 0.3588
vn -0.1010 0.5578 0.8238
vn -0.0696 0.2720 0.9598
vn -0.9873 -0.1126 0.1120
vn -0.2476 0.9000 0.3589
vn -0.6607 0.7051 -0.2575
vn 0.6403 0.5612 -0.5245
vn -0.0652 0.4087 -0.9103
vn -0.5477 0.7590 0.3519
vn 0.7960 0.5189 -0.3115
vn 0.5959 0.5659 -0.5698
vn -0.3553 0.8389 -0.4124
vn 0.9436 0.0145 -0.3307
vn 0.9644 0.0474 -0.2601
vn 0.6628 0.0567 -0.7467
vn -0.2057 0.0830 -0.9751
vn -0.9678 0.0461 -0.2476
vn -0.6606 0.7052 -0.2575
vn -0.8323 0.0513 0.5519
vn -0.5476 0.7592 0.3519
vn -0.8749 0.0400 0.4826
vn -0.3553 0.8389 -0.4123
vn -0.9471 0.3205 0.0167
vn -0.9533 -0.0404 0.2992
vn -0.9417 -0.0386 0.3343
vn -0.9353 0.2470 0.2533
vn -0.5944 0.0973 0.7982
vn -0.5085 0.7217 0.4696
vn 0.8364 0.1304 0.5324
vn -0.5948 0.0972 0.7980
vn 0.6072 0.7711 0.1916
vn 0.9772 0.0153 -0.2115
vn 0.6764 0.6410 -0.3626
vn -0.2398 0.9389 -0.2467
vn -0.9353 0.2473 0.2531
vn -0.3873 0.8958 -0.2182
vn -0.9470 0.3209 0.0166
vn 0.6070 0.6711 -0.4257
vn 0.9314 0.1662 -0.3238
vn 0.8982 -0.0625 -0.4351
vn -0.3558 0.7032 0.6156
vn 0.6266 0.3504 0.6961
vn 0.6610 0.5868 0.4677
vn -0.4271 0.8640 -0.2668
vn -0.4773 0.8201 -0.3158
vn -0.6613 0.7411 0.1160
vn -0.7217 0.6896 0.0597
vn 0.9694 0.1811 -0.1659
vn 0.1918 0.8785 -0.4375
vn 0.6265 0.3504 0.6962
vn 0.5014 0.8261 -0.2572
vn -0.0276 0.9020 -0.4308
vn -0.2603 0.8515 0.4552
vn 0.3633 0.8317 0.4198
vn 0.3634 0.8317 0.4197
vn -0.5259 -0.8505 0.0067
vn 0.5545 -0.8320 -0.0162
vn -0.7749 -0.5592 0.2945
vn 0.6569 -0.4954 0.5684
vn -0.5801 -0.3373 0.7414
vn -0.7012 0.1546 0.6960
vn 0.6834 0.1664 0.7109
vn 0.9502 -0.0376 -0.3095
vn 0.9447 -0.0808 -0.3179
vn -0.1147 -0.9060 -0.4075
vn 0.7726 -0.4022 -0.4912
vn 0.3034 -0.9521 -0.0375
vn 0.5550 -0.7828 -0.2814
vn -0.8256 -0.5026 0.2565
vn 0.1686 -0.9478 -0.2705
vn 0.7804 -0.0109 -0.6252
vn -0.0759 -0.4630 -0.8831
vn -0.5659 -0.8173 0.1083
vn -0.5799 -0.3374 0.7415
vn -0.7009 0.1547 0.6963
vn -0.7747 -0.5595 0.2946
vn -0.9875 0.0745 0.1389
vn -0.9249 0.0680 0.3740
vn -0.5660 -0.8172 0.1085
vn -0.8256 -0.5025 0.2565
vn -0.9298 -0.3622 -0.0647
vn -0.1557 -0.1854 -0.9703
vn -0.9788 -0.0925 -0.1826
vn -0.5262 -0.8503 0.0069
vn 0.7147 0.6919 -0.1024
vn 0.1193 0.9860 -0.1169
vn -0.3933 0.8919 -0.2231
vn 0.7743 0.4833 0.4086
vn 0.0223 0.8143 0.5800
vn 0.3403 0.8646 0.3695
vn 0.0873 0.5764 0.8125
vn 0.3079 0.8471 0.4332
vn -0.5167 0.6011 0.6097
vn -0.6482 0.7394 0.1822
vn 0.7744 0.4833 0.4083
vn 0.0197 0.9272 -0.3740
vn -0.2979 0.9172 -0.2645
vn -0.4122 0.9087 0.0665
vn -0.3219 0.7976 0.5101
vn 0.3407 0.8646 0.3693
vn 0.1024 0.5589 0.8229
vn -0.9890 0.1378 0.0529
vn 0.0742 0.2802 0.9571
vn -0.5022 0.7625 -0.4079
vn 0.2471 0.8993 0.3609
vn 0.2581 0.9012 -0.3481
vn -0.8694 0.4503 -0.2034
vn 0.0789 -0.1982 -0.9770
vn 0.0292 0.2857 -0.9579
vn 0.9077 0.2821 -0.3107
vn 0.2467 0.8994 0.3609
vn 0.1020 0.5589 0.8229
vn 0.9965 -0.0681 -0.0490
vn 0.0738 0.2802 0.9571
vn 0.9883 -0.1041 0.1117
vn 0.0220 -0.2876 -0.9575
vn -0.3205 0.3534 0.8789
vn -0.0498 0.9798 0.1937
vn 0.1037 0.7889 0.6057
vn -0.7133 0.6556 0.2477
vn 0.1276 0.9879 -0.0879
vn -0.6026 0.6429 -0.4728
vn -0.5495 0.0389 0.8346
vn -0.8848 0.3721 0.2804
vn -0.9304 0.2888 0.2256
vn 0.3394 -0.5404 -0.7699
vn 0.4200 -0.0207 -0.9073
vn 0.6289 0.3013 -0.7167
vn -0.0137 0.9635 -0.2674
vn -0.3329 0.8118 -0.4798
vn -0.1310 0.8895 0.4378
vn -0.5492 0.7270 0.4121
vn -0.7565 0.2070 -0.6203
vn -0.7134 0.2665 -0.6481
vn -0.7881 0.5149 0.3373
vn -0.6036 0.5127 -0.6106
vn 0.4045 -0.2230 -0.8870
vn 0.5073 -0.5585 -0.6563
vn 0.4618 -0.7869 -0.4092
vn 0.6814 -0.6886 -0.2478
vn 0.7253 -0.0637 -0.6855
vn 0.8858 0.0603 -0.4601
vn 0.5463 -0.0641 -0.8352
vn 0.5573 -0.2644 -0.7871
vn 0.4679 0.5214 -0.7136
vn 0.8508 0.4618 -0.2506
vn 0.8617 0.3720 -0.3450
vn 0.8101 -0.4279 -0.4007
vn 0.7229 -0.2537 -0.6427
vn -0.0619 -0.8833 0.4647
vn 0.4959 -0.6799 -0.5402
vn -0.1084 -0.8743 0.4731
vn 0.4294 -0.1091 0.8965
vn 0.6127 0.7551 0.2334
vn 0.5895 0.8071 -0.0328
vn 0.4236 0.8734 -0.2403
vn 0.4731 0.6741 0.5672
vn -0.3944 0.8037 0.4454
vn -0.2192 0.4384 0.8716
vn 0.0551 0.9701 0.2362
vn 0.4981 0.4889 0.7161
vn 0.3311 0.9436 -0.0060
vn 0.4860 0.4859 0.7264
vn 0.1112 0.9529 0.2820
vn -0.2220 0.9487 0.2251
vn 0.0037 0.9786 0.2058
vn 0.1056 0.5325 0.8398
vn 0.6428 0.4073 0.6488
vn 0.2989 0.9369 0.1813
vn 0.0349 0.9698 0.2412
vn 0.0199 0.5322 0.8464
vn -0.3343 0.9277 0.1665
vn -0.6751 0.3755 0.6350
vn -0.1157 0.4965 0.8603
vn -0.0103 0.9823 0.1869
vn 0.2390 0.9478 0.2113
vn 0.5293 0.3777 0.7597
vn -0.1690 0.9518 0.2561
vn 0.0622 0.4405 0.8956
vn -0.8606 0.3517 0.3683
vn -0.3541 0.9345 0.0365
vn -0.1034 0.9634 0.2473
vn -0.5540 0.4978 0.6673
vn 0.2868 0.8508 0.4403
vn 0.2216 0.4189 0.8806
vn 0.9388 0.1838 0.2913
vn 0.9839 0.0063 0.1785
vn 0.5863 -0.2684 -0.7643
vn 0.6457 -0.2646 -0.7163
vn -0.1744 0.2995 -0.9380
vn -0.2219 0.9487 0.2254
vn 0.0037 0.9785 0.2061
vn 0.1612 0.2904 -0.9432
vn 0.2990 0.9368 0.1816
vn 0.0207 0.3239 -0.9459
vn 0.0350 0.9698 0.2415
vn -0.1767 0.2889 -0.9409
vn -0.3343 0.9276 0.1669
vn 0.1809 0.2890 -0.9401
vn -0.0104 0.9823 0.1873
vn 0.5837 0.3367 -0.7389
vn 0.2388 0.9477 0.2117
vn 0.4296 0.1383 -0.8924
vn -0.1688 0.9517 0.2563
vn 0.1143 0.2893 -0.9504
vn -0.3542 0.9345 0.0367
vn 0.5369 0.3468 -0.7691
vn -0.1036 0.9633 0.2476
vn 0.8875 0.3905 -0.2446
vn 0.0475 -0.3250 -0.9445
vn 0.3466 -0.3401 -0.8742
vn 0.6470 -0.2527 -0.7194
vn 0.0126 -0.2962 -0.9550
vn 0.1229 -0.3132 -0.9417
vn 0.4547 -0.3138 -0.8335
vn 0.2254 -0.3388 -0.9134
vn 0.2349 -0.3519 -0.9061
vn -0.0457 -0.3367 -0.9405
vn 0.0742 -0.3191 -0.9448
vn 0.0187 -0.3242 -0.9458
vn 0.0070 -0.3246 -0.9458
vn 0.0628 -0.3263 -0.9432
vn -0.0504 -0.3474 -0.9363
vn -0.2335 -0.3406 -0.9107
vn -0.2592 -0.3493 -0.9004
vn -0.6473 -0.2724 -0.7118
vn -0.4507 -0.2911 -0.8439
vn -0.5804 0.3420 -0.7390
vn -0.4773 0.1423 -0.8672
vn -0.3771 -0.3217 -0.8685
vn -0.1224 0.2947 -0.9477
vn -0.0414 -0.3101 -0.9498
vn -0.5101 0.3454 -0.7877
vn -0.5838 -0.2697 -0.7658
vn -0.8632 0.3964 -0.3127
vn -0.1157 -0.2941 -0.9487
vn 0.0108 -0.3066 -0.9518
vn -0.6532 -0.2782 -0.7042
vn -0.9354 0.1603 0.3153
vn -0.3943 0.8038 0.4455
vn 0.0553 0.9700 0.2365
vn 0.3313 0.9435 -0.0056
vn 0.1114 0.9529 0.2821
vn -0.2192 0.4385 0.8716
vn -0.9845 0.0041 0.1752
vn 0.4487 -0.0728 -0.8907
vn 0.9926 -0.0564 0.1075
vn 0.4947 -0.2846 -0.8211
vn 0.9464 -0.2505 0.2039
vn 0.0274 -0.0158 0.9995
vn -0.9447 -0.0030 0.3280
vn -0.9093 -0.1078 0.4020
vn -0.7172 -0.0762 -0.6927
vn -0.6538 -0.2588 -0.7110
vn -0.5352 -0.6368 -0.5550
vn 0.4321 -0.6247 -0.6505
vn 0.8522 -0.5119 0.1079
vn 0.0999 -0.3371 0.9362
vn -0.8542 -0.4244 0.3002
vn -0.9447 -0.0030 0.3278
vn -0.9093 -0.1077 0.4020
vn -0.8543 -0.4245 0.3000
vn -0.5960 -0.7074 0.3798
vn -0.5022 -0.8290 -0.2461
vn 0.0883 -0.9477 -0.3067
vn 0.4000 -0.9163 0.0198
vn -0.0750 -0.8144 0.5754
vn -0.5961 -0.7073 0.3800
vn 0.9344 0.0928 -0.3438
vn 0.8489 -0.1067 -0.5177
vn 0.7970 0.4564 -0.3955
vn 0.8828 0.2822 -0.3755
vn 0.8867 -0.0243 -0.4617
vn 0.6703 0.5892 -0.4512
vn 0.8392 0.1443 -0.5244
vn 0.8372 0.3416 -0.4270
vn 0.6767 0.5571 -0.4814
vn 0.4291 0.6616 -0.6150
vn 0.5250 0.6907 -0.4974
vn 0.6063 0.5936 -0.5292
vn 0.8773 0.1166 -0.4656
vn 0.6004 -0.2659 -0.7542
vn 0.7939 -0.2826 -0.5384
vn 0.8923 -0.1663 -0.4197
vn 0.8155 -0.0643 -0.5752
vn 0.5261 0.5458 -0.6521
vn 0.4683 0.6577 -0.5900
vn 0.3399 0.6525 -0.6772
vn 0.1716 0.6541 -0.7367
vn 0.1978 0.5925 -0.7809
vn -0.0013 0.5734 -0.8193
vn 0.2311 0.3703 -0.8997
vn -0.0008 0.3412 -0.9400
vn 0.2699 -0.0962 -0.9581
vn 0.0011 -0.1249 -0.9922
vn 0.2568 -0.3976 -0.8809
vn 0.0033 -0.4130 -0.9107
vn 0.2209 -0.5251 -0.8219
vn 0.0049 -0.5339 -0.8455
vn 0.1874 -0.4948 -0.8486
vn 0.0032 -0.4908 -0.8712
vn 0.1106 -0.3839 -0.9167
vn 0.0028 -0.4628 -0.8864
vn 0.4269 -0.4167 -0.8026
vn 0.4697 -0.4920 -0.7330
vn 0.5592 -0.2870 -0.7778
vn 0.7651 -0.4017 -0.5032
vn 0.8204 -0.1861 -0.5406
vn 0.9773 -0.2088 -0.0367
vn 0.9244 -0.2711 -0.2682
vn 0.8698 -0.2813 -0.4053
vn 0.8284 -0.2799 -0.4853
vn 0.8233 -0.1816 -0.5378
vn 0.7996 0.1648 -0.5774
vn 0.5648 0.0220 -0.8250
vn 0.4265 0.4670 -0.7746
vn 0.7550 0.0863 -0.6501
vn 0.0833 -0.8148 0.5738
vn 0.6038 -0.7028 0.3761
vn 0.8568 -0.4215 0.2972
vn -0.3914 -0.9200 0.0189
vn 0.6038 -0.7029 0.3759
vn -0.0964 -0.3403 0.9354
vn 0.9103 -0.1082 0.3995
vn 0.5112 -0.8225 -0.2494
vn -0.0778 -0.9484 -0.3073
vn -0.4264 -0.6268 -0.6521
vn -0.8495 -0.5163 0.1086
vn -0.9451 -0.2526 0.2074
vn -0.0224 -0.0182 0.9996
vn -0.9920 -0.0567 0.1125
vn -0.4928 -0.2858 -0.8219
vn 0.5413 -0.6311 -0.5555
vn 0.9451 -0.0033 0.3268
vn 0.8569 -0.4214 0.2969
vn 0.6555 -0.2556 -0.7106
vn -0.4501 -0.0723 -0.8900
vn 0.7196 -0.0764 -0.6902
vn 0.9451 -0.0033 0.3267
vn -0.2468 -0.1430 -0.9585
vn -0.9992 0.0258 -0.0320
vn -0.9819 0.0799 -0.1720
vn -0.9501 -0.2801 0.1373
vn -0.3258 -0.3206 -0.8894
vn 0.6149 -0.1132 -0.7805
vn -0.3733 -0.6515 -0.6604
vn -0.6849 -0.7003 0.2012
vn 0.6013 -0.3272 -0.7290
vn 0.9889 -0.0310 0.1456
vn -0.0356 -0.7259 0.6869
vn -0.9501 -0.2803 0.1370
vn -0.6850 -0.7002 0.2013
vn -0.3166 -0.8960 -0.3112
vn 0.4804 -0.6603 -0.5772
vn 0.1371 -0.9641 -0.2274
vn 0.8194 -0.5457 0.1754
vn 0.9689 -0.2024 0.1424
vn 0.0946 0.1134 0.9890
vn 0.2824 -0.9359 0.2108
vn 0.0438 -0.2849 0.9576
vn -0.9991 0.0256 -0.0324
vn -0.9818 0.0798 -0.1723
vn -0.0201 0.2200 0.9753
vn 0.8241 0.4943 -0.2766
vn 0.6347 0.6859 -0.3559
vn 0.6163 0.7583 -0.2123
vn 0.3951 0.8604 -0.3219
vn 0.4010 0.7741 -0.4898
vn 0.1732 0.8935 -0.4144
vn 0.1641 0.7975 -0.5806
vn -0.0016 0.8977 -0.4407
vn -0.0014 0.8031 -0.5958
vn -0.1655 0.7972 -0.5806
vn -0.1748 0.8933 -0.4141
vn -0.4013 0.7741 -0.4896
vn -0.3956 0.8603 -0.3217
vn -0.6361 0.6852 -0.3549
vn -0.6178 0.7570 -0.2125
vn -0.8258 0.4924 -0.2748
vn -0.8060 0.5765 -0.1342
vn -0.9115 0.2894 -0.2922
vn -0.8973 0.4133 -0.1549
vn -0.9476 0.1923 -0.2550
vn -0.8391 0.3018 -0.4526
vn -0.9320 0.0542 -0.3583
vn -0.8940 0.1326 -0.4281
vn -0.8838 -0.1649 -0.4378
vn -0.7847 -0.1482 -0.6019
vn -0.7463 -0.3700 -0.5533
vn -0.6428 -0.3299 -0.6913
vn -0.6330 -0.4786 -0.6084
vn -0.5536 -0.3824 -0.7398
vn -0.5256 -0.5331 -0.6630
vn -0.4998 -0.2152 -0.8390
vn -0.5521 -0.2666 -0.7900
vn -0.5966 0.0048 -0.8026
vn -0.5297 -0.2552 -0.8089
vn -0.6620 -0.1292 -0.7382
vn -0.7422 0.1216 -0.6591
vn -0.5922 0.2690 -0.7596
vn -0.5722 0.1282 -0.8101
vn -0.4249 0.1197 -0.8973
vn -0.3501 0.0917 -0.9322
vn -0.5264 -0.0991 -0.8444
vn -0.4204 -0.0554 -0.9056
vn -0.3501 0.0078 -0.9367
vn -0.4385 -0.1458 -0.8868
vn -0.3842 -0.0019 -0.9232
vn -0.4264 0.1069 -0.8982
vn -0.5034 0.1444 -0.8519
vn -0.6255 0.1139 -0.7719
vn -0.7614 -0.0780 -0.6436
vn -0.7512 -0.2046 -0.6276
vn -0.6703 -0.3426 -0.6583
vn -0.5503 -0.2848 -0.7849
vn -0.4701 -0.0055 -0.8826
vn -0.5048 0.1699 -0.8464
vn -0.5794 0.2468 -0.7768
vn -0.6946 0.2086 -0.6885
vn -0.7908 0.0650 -0.6085
vn -0.7723 -0.0532 -0.6330
vn -0.6841 -0.1814 -0.7065
vn -0.5459 -0.1334 -0.8271
vn -0.6942 -0.0533 -0.7178
vn -0.7900 0.0583 -0.6103
vn -0.8147 0.1604 -0.5572
vn -0.7621 0.2668 -0.5899
vn -0.6902 0.2841 -0.6655
vn -0.6408 0.1851 -0.7451
vn -0.3654 -0.1679 -0.9156
vn -0.5505 -0.1128 -0.8272
vn -0.7102 -0.0306 -0.7033
vn -0.8108 0.0772 -0.5802
vn -0.8429 0.1680 -0.5112
vn -0.8250 0.2418 -0.5108
vn -0.7881 0.2638 -0.5562
vn -0.7451 0.2105 -0.6329
vn -0.6679 0.0435 -0.7429
vn -0.5288 -0.3368 -0.7791
vn -0.6003 0.2072 -0.7725
vn -0.7007 0.4407 -0.5611
vn -0.7546 0.4485 -0.4790
vn -0.7919 0.3977 -0.4633
vn -0.8136 0.3263 -0.4812
vn -0.7905 0.2483 -0.5598
vn -0.7074 0.1226 -0.6961
vn -0.5608 0.0009 -0.8279
vn -0.0092 0.9967 -0.0809
vn -0.0915 0.9838 -0.1541
vn 0.0495 0.9984 -0.0265
vn 0.1275 0.9914 -0.0282
vn 0.2367 0.9709 -0.0362
vn 0.3905 0.9204 -0.0188
vn 0.7755 0.4057 -0.4837
vn -0.2457 -0.5878 -0.7708
vn -0.3336 -0.8346 -0.4383
vn -0.6953 -0.5815 -0.4225
vn 0.7033 0.1177 -0.7011
vn 0.0111 0.9963 -0.0855
vn 0.7881 0.2428 -0.5656
vn 0.0947 0.9837 -0.1530
vn 0.5583 0.0014 -0.8296
vn 0.1216 0.9642 -0.2358
vn 0.3750 -0.0988 -0.9218
vn 0.1017 0.9377 -0.3322
vn 0.1788 -0.1573 -0.9712
vn 0.0373 0.9197 -0.3908
vn 0.0010 -0.1665 -0.9860
vn -0.0034 0.9227 -0.3855
vn -0.0487 0.9207 -0.3873
vn -0.1757 -0.1565 -0.9719
vn -0.1162 0.9377 -0.3275
vn -0.3736 -0.0983 -0.9224
vn -0.1291 0.9632 -0.2359
vn 0.0015 -0.2017 -0.9794
vn 0.0018 -0.1875 -0.9823
vn 0.0013 -0.3897 -0.9209
vn -0.0000 -0.6015 -0.7988
vn -0.2048 -0.7352 -0.6461
vn -0.3246 -0.7134 -0.6210
vn -0.3495 -0.5708 -0.7430
vn -0.0000 -0.7585 -0.6517
vn -0.4075 -0.6627 -0.6283
vn -0.5611 -0.6114 -0.5579
vn -0.2620 -0.6654 -0.6990
vn -0.1848 -0.7993 -0.5718
vn -0.0000 -0.8328 -0.5536
vn 0.2047 -0.7353 -0.6461
vn 0.1993 -0.5831 -0.7876
vn 0.1966 -0.3765 -0.9053
vn 0.1852 -0.1838 -0.9654
vn 0.1814 -0.1973 -0.9634
vn 0.5434 -0.1327 -0.8289
vn 0.3672 -0.1688 -0.9147
vn 0.5475 -0.1138 -0.8290
vn 0.3703 -0.1691 -0.9134
vn 0.3868 -0.3399 -0.8572
vn 0.3964 -0.5258 -0.7526
vn 0.3840 -0.6624 -0.6432
vn 0.1848 -0.7994 -0.5717
vn 0.1474 -0.7440 -0.6517
vn 0.1382 -0.8203 -0.5550
vn 0.5854 0.2415 -0.7740
vn 0.7628 0.2612 -0.5915
vn 0.8146 0.1542 -0.5592
vn 0.7906 0.0585 -0.6095
vn 0.7879 0.0519 -0.6136
vn 0.7711 -0.0572 -0.6342
vn 0.6909 -0.0564 -0.7208
vn 0.6824 -0.1825 -0.7078
vn 0.5487 -0.2834 -0.7865
vn 0.5542 -0.4441 -0.7040
vn 0.5330 -0.5376 -0.6534
vn 0.4679 -0.4558 -0.7572
vn 0.6150 -0.4200 -0.6673
vn 0.6699 -0.3427 -0.6586
vn 0.7509 -0.2057 -0.6276
vn 0.7612 -0.0816 -0.6434
vn 0.4634 -0.3649 -0.8075
vn 0.6504 -0.2927 -0.7009
vn 0.6307 -0.1737 -0.7564
vn 0.5045 0.0356 -0.8627
vn 0.3033 0.0131 -0.9528
vn 0.2916 0.0096 -0.9565
vn 0.3010 0.2091 -0.9304
vn 0.2706 0.4073 -0.8723
vn 0.4896 -0.3875 -0.7811
vn 0.4433 -0.2840 -0.8502
vn 0.3894 -0.1208 -0.9131
vn 0.9778 0.2014 -0.0577
vn 0.9232 0.3641 0.1227
vn 0.9730 0.2086 -0.0986
vn 0.9078 0.4123 0.0767
vn 0.7892 0.5774 0.2091
vn 0.9423 0.2828 -0.1792
vn 0.8921 0.2006 -0.4050
vn 0.6813 0.2097 -0.7013
vn 0.6452 -0.1317 -0.7526
vn 0.4789 -0.2632 -0.8375
vn 0.3868 -0.1104 -0.9155
vn 0.4991 0.0640 -0.8642
vn 0.4113 0.3968 -0.8206
vn 0.6892 0.3883 -0.6118
vn 0.8409 0.3998 -0.3649
vn 0.8355 0.5301 -0.1446
vn 0.7248 0.6885 0.0252
vn 0.6237 0.7552 0.2016
vn 0.4456 0.4640 -0.7656
vn 0.6707 0.4665 -0.5766
vn 0.7376 0.5770 -0.3509
vn 0.6417 0.7443 -0.1850
vn 0.5348 0.8431 -0.0566
vn 0.5892 0.8073 -0.0326
vn 0.4236 0.8735 -0.2399
vn 0.3874 0.9184 -0.0808
vn 0.1278 0.9879 -0.0876
vn 0.5149 0.8371 -0.1850
vn 0.6316 0.7143 -0.3016
vn 0.6714 0.5144 -0.5335
vn 0.5084 0.3968 -0.7643
vn 0.3435 0.4186 -0.8407
vn 0.1918 0.9807 -0.0367
vn -0.0493 0.9798 0.1938
vn 0.3729 0.9107 -0.1777
vn 0.5409 0.8071 -0.2366
vn 0.6514 0.5832 -0.4853
vn 0.5705 0.3359 -0.7494
vn 0.4146 0.2877 -0.8633
vn 0.4399 0.3256 -0.8369
vn 0.1510 0.8917 0.4266
vn 0.1038 0.7890 0.6056
vn 0.0780 0.9763 0.2019
vn 0.0644 0.9978 -0.0140
vn 0.1996 0.9642 -0.1748
vn 0.3829 0.8913 -0.2427
vn 0.5715 0.6903 -0.4437
vn 0.5923 0.3434 -0.7289
vn 0.4785 0.1728 -0.8609
vn 0.5576 0.2061 -0.8041
vn 0.8118 0.0690 -0.5798
vn 0.0204 0.9784 0.2058
vn -0.0098 0.9997 -0.0213
vn 0.0675 0.9822 -0.1754
vn 0.2007 0.9428 -0.2662
vn 0.4096 0.7926 -0.4517
vn 0.5605 0.4488 -0.6960
vn 0.5350 0.1519 -0.8311
vn 0.6452 0.1425 -0.7506
vn 0.9036 0.1260 -0.4095
vn 0.9462 -0.0733 -0.3151
vn 0.6547 0.2114 -0.7257
vn 0.8646 0.3588 -0.3517
vn 0.9694 0.1194 -0.2145
vn 0.8836 -0.1105 -0.4551
vn 0.3179 0.1745 -0.9319
vn -0.1569 0.7977 -0.5823
vn -0.0044 0.8719 -0.4896
vn 0.3286 0.4134 -0.8492
vn 0.4634 0.3291 -0.8228
vn 0.6411 0.5636 -0.5208
vn 0.8674 0.4319 -0.2473
vn 0.9122 0.0437 -0.4073
vn 0.3184 -0.1629 -0.9339
vn -0.4220 0.4041 -0.8115
vn 0.0769 0.0377 -0.9963
vn 0.0692 0.8766 -0.4762
vn 0.2562 0.4020 -0.8791
vn 0.5021 -0.1691 -0.8481
vn -0.5232 -0.2181 -0.8238
vn 0.3289 -0.3131 -0.8909
vn 0.7851 0.3029 -0.5403
vn 0.5223 0.7010 -0.4856
vn 0.3343 0.6656 -0.6673
vn 0.2855 0.3006 -0.9100
vn 0.2906 0.2599 -0.9209
vn 0.1867 0.5087 -0.8405
vn 0.0089 0.7902 -0.6128
vn 0.1681 0.7283 -0.6644
vn 0.4765 0.5346 -0.6979
vn 0.1054 0.5217 -0.8466
vn 0.2493 0.1379 -0.9585
vn 0.3256 0.1595 -0.9319
vn 0.1930 0.4356 -0.8792
vn -0.0500 0.7200 -0.6922
vn -0.1976 0.8945 -0.4011
vn -0.4425 -0.5307 -0.7229
vn 0.2789 -0.2297 -0.9324
vn 0.1665 0.3797 -0.9100
vn 0.4458 0.1054 -0.8889
vn 0.3575 0.0265 -0.9335
vn 0.0405 0.2930 -0.9553
vn -0.0967 0.6029 -0.7919
vn 0.1496 0.5368 -0.8303
vn 0.1962 -0.1582 -0.9677
vn -0.3162 -0.6640 -0.6775
vn -0.2356 0.4234 -0.8748
vn 0.1881 0.1308 -0.9734
vn -0.0714 0.4128 -0.9080
vn 0.1049 -0.2117 -0.9717
vn -0.1553 -0.7765 -0.6107
vn 0.0456 -0.8253 -0.5628
vn 0.2578 -0.7860 -0.5619
vn 0.1020 -0.2884 -0.9521
vn 0.1729 -0.3065 -0.9360
vn -0.1839 0.2487 -0.9510
vn -0.1446 0.0391 -0.9887
vn -0.0990 0.1661 -0.9811
vn 0.3443 -0.0479 -0.9376
vn 0.5622 0.0426 -0.8259
vn 0.4634 0.6622 -0.5889
vn 0.3024 0.5189 -0.7996
vn 0.6381 0.2065 -0.7418
vn 0.4676 0.1467 -0.8717
vn 0.1745 0.3539 -0.9189
vn 0.4035 0.0934 -0.9102
vn 0.4208 0.3774 -0.8249
vn 0.5883 0.1472 -0.7951
vn 0.6133 0.4927 -0.6174
vn 0.7106 0.1847 -0.6789
vn 0.5833 0.5290 -0.6164
vn 0.6010 0.1443 -0.7861
vn 0.4944 0.0249 -0.8689
vn 0.0824 0.2349 -0.9685
vn 0.4700 0.5341 -0.7027
vn -0.0502 0.1990 -0.9787
vn 0.1571 0.5366 -0.8291
vn 0.3477 0.7798 -0.5206
vn 0.6409 -0.2976 -0.7075
vn 0.3749 -0.2291 -0.8983
vn 0.1547 -0.0955 -0.9833
vn 0.2423 -0.2913 -0.9254
vn 0.5839 -0.4844 -0.6515
vn 0.4585 -0.6577 -0.5977
vn 0.7028 0.1536 0.6946
vn 0.5860 -0.3277 0.7411
vn 0.7779 -0.5516 0.3011
vn 0.9882 0.0749 0.1333
vn 0.9255 0.0677 0.3727
vn 0.5741 -0.8119 0.1061
vn 0.9305 -0.3597 -0.0701
vn 0.8270 -0.5009 0.2553
vn 0.1183 -0.9061 -0.4062
vn 0.5739 -0.8120 0.1060
vn -0.2930 -0.9554 -0.0381
vn 0.5316 -0.8469 0.0123
vn 0.9778 -0.0934 -0.1878
vn 0.1561 -0.1855 -0.9702
vn 0.0714 -0.4647 -0.8826
vn -0.7827 -0.0098 -0.6223
vn -0.7719 -0.4049 -0.4900
vn -0.9446 -0.0811 -0.3180
vn -0.5500 -0.7860 -0.2823
vn -0.5489 -0.8359 -0.0027
vn -0.1639 -0.9492 -0.2687
vn 0.5314 -0.8471 0.0120
vn 0.7781 -0.5513 0.3011
vn -0.6546 -0.4932 0.5730
vn 0.5861 -0.3276 0.7410
vn 0.7031 0.1536 0.6943
vn -0.6686 0.1652 0.7250
vn -0.9502 -0.0374 -0.3093
vn -0.7216 0.6415 -0.2602
vn -0.6297 0.6539 -0.4195
vn -0.6253 0.7200 -0.3010
vn -0.6564 0.6486 -0.3853
vn -0.4731 0.5344 -0.7004
vn -0.4166 0.4580 -0.7853
vn -0.0917 0.2437 -0.9655
vn -0.1367 0.1343 -0.9815
vn 0.0440 0.2032 -0.9782
vn -0.0201 0.0524 -0.9984
vn -0.1670 0.5395 -0.8252
vn -0.1297 0.4614 -0.8777
vn -0.3554 0.7792 -0.5164
vn -0.2296 0.8371 -0.4966
vn -0.0843 0.0362 -0.9958
vn -0.1265 0.8662 -0.4834
vn -0.0738 0.8735 -0.4811
vn -0.2457 0.3869 -0.8888
vn -0.3292 0.3945 -0.8579
vn -0.4889 -0.1977 -0.8496
vn -0.3922 -0.2244 -0.8921
vn -0.4050 0.0944 -0.9094
vn -0.4778 0.1489 -0.8658
vn -0.6515 -0.2840 -0.7035
vn -0.6449 0.2148 -0.7334
vn -0.4673 0.6671 -0.5801
vn -0.3099 0.5217 -0.7948
vn -0.1760 0.3534 -0.9188
vn -0.4183 0.3778 -0.8260
vn -0.6130 0.4913 -0.6187
vn -0.5804 0.5268 -0.6210
vn -0.7095 0.1818 -0.6809
vn -0.5650 0.0438 -0.8239
vn -0.5868 0.1459 -0.7965
vn -0.1777 -0.8957 0.4077
vn 0.1805 -0.9811 -0.0704
vn -0.7539 -0.3187 0.5746
vn 0.0216 -0.7596 0.6501
vn -0.7868 0.0195 0.6168
vn -0.0331 -0.0580 0.9978
vn -0.7911 0.0493 0.6097
vn 0.2150 -0.8828 0.4177
vn -0.2121 -0.9742 -0.0774
vn 0.7904 -0.3060 0.5307
vn -0.7911 0.0492 0.6097
vn -0.6593 -0.0180 -0.7517
vn -0.0496 -0.0174 -0.9986
vn -0.6681 -0.0834 -0.7394
vn -0.7540 -0.3187 0.5744
vn -0.0074 0.0435 0.9990
vn 0.8093 0.0297 0.5867
vn 0.5800 -0.5030 -0.6408
vn 0.2149 -0.8828 0.4177
vn -0.2121 -0.9742 -0.0772
vn -0.0353 -0.5581 -0.8290
vn 0.0217 -0.7596 0.6500
vn 0.1963 -0.6462 -0.7375
vn 0.1806 -0.9810 -0.0704
vn 0.0785 -0.4783 -0.8747
vn -0.1778 -0.8957 0.4075
vn -0.5635 -0.4787 -0.6733
vn -0.0022 -0.1171 -0.9931
vn 0.0088 -0.0220 -0.9997
vn 0.6618 -0.0330 -0.7490
vn 0.8027 0.0698 0.5923
vn 0.0647 -0.1412 -0.9879
vn 0.0447 -0.1484 -0.9879
vn 0.6793 -0.1256 -0.7230
vn 0.0448 -0.0404 -0.9982
vn -0.6934 -0.2316 -0.6823
vn -0.7663 -0.2699 -0.5831
vn -0.7960 -0.2778 -0.5378
vn -0.6189 -0.2818 -0.7332
vn -0.6764 -0.2452 -0.6945
vn -0.6422 -0.1803 -0.7450
vn -0.8014 -0.1533 -0.5781
vn -0.8931 -0.1644 -0.4187
vn -0.9347 0.0927 -0.3432
vn -0.6024 -0.2641 -0.7532
vn -0.8329 -0.2629 -0.4871
vn -0.9241 -0.2788 -0.2615
vn -0.6543 -0.2617 -0.7095
vn -0.6120 -0.3296 -0.7189
vn -0.3941 -0.2657 -0.8798
vn -0.6082 -0.2880 -0.7397
vn -0.3752 -0.3786 -0.8461
vn -0.5758 -0.3765 -0.7257
vn -0.3557 -0.4360 -0.8267
vn -0.5453 -0.4526 -0.7055
vn -0.3402 -0.4813 -0.8078
vn -0.5187 -0.5164 -0.6814
vn -0.3236 -0.5298 -0.7839
vn -0.0719 -0.5080 -0.8583
vn -0.0669 -0.5380 -0.8403
vn -0.2897 -0.8838 -0.3674
vn 0.1378 -0.9423 0.3052
vn 0.1691 -0.9489 0.2666
vn 0.1914 -0.9543 0.2293
vn -0.3531 -0.8955 -0.2709
vn -0.4670 -0.6366 -0.6137
vn -0.5796 -0.6445 -0.4986
vn -0.6536 -0.4969 -0.5708
vn -0.6885 -0.4143 -0.5953
vn -0.7205 -0.3209 -0.6148
vn -0.7454 -0.2175 -0.6302
vn -0.7543 -0.0935 -0.6498
vn -0.8178 -0.0642 -0.5719
vn 0.1672 -0.9604 0.2230
vn -0.3970 -0.8978 -0.1905
vn -0.6500 -0.6465 -0.3995
vn -0.7294 -0.4958 -0.4713
vn -0.7592 -0.4144 -0.5019
vn -0.7874 -0.3154 -0.5295
vn -0.8078 -0.2092 -0.5511
vn 0.1835 -0.9604 0.2097
vn -0.3775 -0.9148 -0.1435
vn -0.6507 -0.6804 -0.3371
vn -0.7407 -0.5323 -0.4099
vn -0.7767 -0.4480 -0.4428
vn -0.8159 -0.3391 -0.4683
vn 0.2272 -0.9495 0.2163
vn -0.3083 -0.9471 -0.0893
vn -0.6158 -0.7352 -0.2834
vn -0.7312 -0.5785 -0.3616
vn -0.7885 -0.4723 -0.3940
vn 0.2724 -0.9254 0.2634
vn -0.2107 -0.9773 -0.0245
vn -0.5075 -0.8202 -0.2641
vn -0.7221 -0.5665 -0.3971
vn 0.2658 -0.9247 0.2727
vn -0.0233 -0.9995 0.0224
vn -0.5579 -0.7674 -0.3160
vn 0.3489 -0.8948 0.2786
vn 0.1082 -0.9919 0.0668
vn 0.4089 -0.8748 0.2600
vn 0.6607 -0.7359 0.1482
vn 0.1657 -0.9829 -0.0805
vn -0.5842 -0.7792 -0.2270
vn -0.8175 -0.3978 -0.4165
vn -0.7788 -0.4928 -0.3882
vn -0.8391 -0.3542 -0.4129
vn -0.8493 -0.2154 -0.4819
vn -0.7147 -0.5101 -0.4785
vn -0.8243 -0.3715 -0.4272
vn -0.8898 -0.1952 -0.4126
vn -0.8879 -0.0463 -0.4578
vn -0.8188 -0.0944 -0.5663
vn -0.9231 0.0579 -0.3802
vn -0.8140 -0.0057 -0.5808
vn -0.8415 0.1423 -0.5211
vn -0.8388 0.3399 -0.4253
vn -0.6777 0.5566 -0.4805
vn -0.4292 0.6614 -0.6151
vn -0.8872 -0.0243 -0.4608
vn -0.8836 0.2813 -0.3744
vn -0.6711 0.5888 -0.4505
vn -0.5253 0.6905 -0.4973
vn -0.4684 0.6571 -0.5907
vn -0.3402 0.6515 -0.6781
vn -0.1731 0.6536 -0.7368
vn -0.1991 0.5914 -0.7814
vn -0.7976 0.4560 -0.3950
vn -0.6065 0.5931 -0.5295
vn -0.5260 0.5451 -0.6529
vn -0.4268 0.4658 -0.7752
vn -0.2321 0.3691 -0.8999
vn -0.0012 0.6463 -0.7631
vn -0.2694 -0.0943 -0.9584
vn -0.5648 0.0228 -0.8249
vn -0.1779 -0.4979 -0.8488
vn -0.2134 -0.5252 -0.8238
vn -0.2544 -0.3932 -0.8835
vn -0.5604 -0.2819 -0.7788
vn -0.7550 0.0864 -0.6500
vn -0.7996 0.1649 -0.5774
vn -0.8776 0.1166 -0.4651
vn -0.8493 -0.1057 -0.5171
vn -0.8212 -0.1833 -0.5404
vn -0.9250 -0.2690 -0.2685
vn -0.8294 -0.2773 -0.4850
vn -0.8238 -0.1803 -0.5375
vn -0.8708 -0.2782 -0.4053
vn -0.4236 -0.4155 -0.8050
vn -0.4712 -0.4861 -0.7360
vn -0.7688 -0.3944 -0.5035
vn -0.9778 -0.2064 -0.0366
vn -0.1041 -0.3857 -0.9167
vn -0.0872 -0.4336 -0.8969
vn -0.0808 -0.4741 -0.8767
vn -0.1778 -0.8797 -0.4410
vn -0.2918 -0.6329 -0.7172
vn -0.0608 -0.6174 -0.7843
vn -0.0284 -0.8731 -0.4866
vn 0.0028 -0.5902 -0.8073
vn 0.0039 -0.8622 -0.5066
vn 0.0026 -0.5234 -0.8521
vn 0.0025 -0.4940 -0.8695
vn 0.0025 -0.4832 -0.8755
vn 0.0027 -0.4792 -0.8777
vn 0.0943 -0.4321 -0.8969
vn 0.0882 -0.4728 -0.8767
vn 0.0796 -0.5071 -0.8582
vn 0.0746 -0.5374 -0.8400
vn 0.0691 -0.6167 -0.7842
vn 0.0389 -0.8716 -0.4887
vn 0.0856 -0.9311 0.3546
vn 0.1954 -0.8751 -0.4426
vn 0.3002 -0.8804 -0.3671
vn 0.3470 -0.8967 -0.2748
vn -0.1688 -0.9605 0.2213
vn 0.3902 -0.9004 -0.1926
vn -0.1786 -0.9600 0.2154
vn 0.3794 -0.9145 -0.1404
vn -0.2279 -0.9478 0.2229
vn 0.3064 -0.9482 -0.0836
vn -0.2730 -0.9239 0.2682
vn 0.3812 -0.3756 -0.8448
vn 0.3633 -0.4328 -0.8250
vn 0.3490 -0.4782 -0.8059
vn 0.3335 -0.5267 -0.7819
vn 0.3044 -0.6270 -0.7171
vn 0.4725 -0.6318 -0.6145
vn 0.5725 -0.6472 -0.5033
vn 0.6447 -0.6494 -0.4033
vn 0.6517 -0.6798 -0.3364
vn 0.5744 -0.3775 -0.7263
vn 0.5453 -0.4526 -0.7055
vn 0.5209 -0.5142 -0.6814
vn 0.6816 -0.4183 -0.6003
vn 0.6463 -0.5007 -0.5758
vn 0.7249 -0.4988 -0.4751
vn 0.0318 -0.9995 0.0062
vn -0.3427 -0.8938 0.2893
vn 0.1314 -0.9910 0.0271
vn -0.2621 -0.9232 0.2811
vn 0.2165 -0.9761 -0.0186
vn 0.6168 -0.7358 -0.2797
vn 0.7407 -0.5326 -0.4095
vn 0.7554 -0.4171 -0.5054
vn 0.7144 -0.3245 -0.6199
vn 0.6058 -0.2898 -0.7409
vn 0.3976 -0.2637 -0.8788
vn 0.7389 -0.5709 -0.3581
vn 0.5603 -0.7984 -0.2204
vn 0.7791 -0.4448 -0.4418
vn 0.7855 -0.3155 -0.5323
vn 0.7407 -0.2197 -0.6349
vn 0.6396 -0.1819 -0.7469
vn 0.6099 -0.3342 -0.7186
vn 0.9222 -0.2845 -0.2618
vn 0.8309 -0.2677 -0.4878
vn 0.7987 -0.1553 -0.5814
vn 0.7629 -0.2750 -0.5852
vn 0.6887 -0.2361 -0.6855
vn 0.6717 -0.2505 -0.6972
vn 0.6145 -0.2866 -0.7350
vn 0.6502 -0.2675 -0.7111
vn 0.8492 -0.2167 -0.4816
vn 0.8181 -0.3357 -0.4669
vn 0.8061 -0.2089 -0.5536
vn 0.8164 -0.0945 -0.5697
vn 0.7506 -0.0943 -0.6540
vn 0.8112 -0.0039 -0.5847
vn 0.7951 -0.4646 -0.3899
vn 0.7204 -0.6104 -0.3294
vn 0.7777 -0.4952 -0.3872
vn 0.8396 -0.3558 -0.4104
vn 0.9224 0.0585 -0.3819
vn 0.8873 -0.0470 -0.4587
vn 0.8900 -0.1969 -0.4113
vn 0.8235 -0.3741 -0.4266
vn 0.7114 -0.5115 -0.4819
vn 0.6391 -0.6611 -0.3930
vn 0.4563 -0.8600 -0.2284
vn 0.9100 0.2913 -0.2952
vn 0.9471 0.1932 -0.2562
vn 0.9320 0.0546 -0.3584
vn 0.8846 -0.1646 -0.4364
vn 0.7468 -0.3698 -0.5527
vn 0.6689 0.0415 -0.7422
vn 0.5995 0.2036 -0.7740
vn 0.5330 -0.3361 -0.7765
vn 0.5557 -0.2663 -0.7876
vn 0.5306 -0.5313 -0.6604
vn 0.5569 -0.3812 -0.7380
vn 0.6355 -0.4774 -0.6068
vn 0.6445 -0.3291 -0.6901
vn 0.7862 -0.1484 -0.6000
vn 0.8958 0.1327 -0.4243
vn 0.8407 0.3039 -0.4483
vn 0.8956 0.4162 -0.1572
vn 0.8036 0.5794 -0.1358
vn 0.5639 -0.6495 -0.5101
vn 0.3572 -0.8711 -0.3370
vn 0.2547 -0.5928 -0.7640
vn -0.7724 0.4103 -0.4849
vn -0.6591 -0.7342 0.1625
vn -0.0619 -0.9867 -0.1500
vn -0.4007 -0.8748 0.2722
vn 0.3395 -0.7565 -0.5590
vn 0.6985 0.4360 -0.5674
vn -0.3945 0.9183 -0.0334
vn 0.7529 0.4427 -0.4870
vn -0.2313 0.9721 -0.0389
vn 0.7972 0.3865 -0.4638
vn -0.1183 0.9924 -0.0330
vn 0.8138 0.3196 -0.4854
vn -0.0507 0.9981 -0.0361
vn 0.7055 -0.0341 -0.7079
vn 0.8084 0.0716 -0.5843
vn 0.8426 0.1642 -0.5130
vn 0.8247 0.2393 -0.5124
vn 0.7875 0.2591 -0.5592
vn 0.7450 0.2045 -0.6349
vn 0.5351 -0.2531 -0.8060
vn 0.5058 -0.2139 -0.8357
vn 0.6000 0.0032 -0.8000
vn 0.6442 0.1822 -0.7428
vn 0.6921 0.2789 -0.6658
vn 0.5139 0.1683 -0.8412
vn 0.4795 -0.0051 -0.8775
vn 0.4490 -0.1427 -0.8821
vn 0.5346 -0.0972 -0.8395
vn 0.6666 -0.1287 -0.7342
vn 0.5832 0.1247 -0.8027
vn 0.7487 0.1187 -0.6522
vn 0.6039 0.2649 -0.7518
vn 0.4641 0.2516 -0.8493
vn 0.4899 0.2866 -0.8233
vn 0.3729 0.2689 -0.8881
vn 0.3547 0.2646 -0.8968
vn 0.4402 0.1088 -0.8913
vn 0.3992 0.0018 -0.9169
vn 0.4316 -0.0522 -0.9006
vn 0.4362 0.1189 -0.8919
vn 0.3553 0.2379 -0.9040
vn 0.3635 0.0122 -0.9315
vn 0.3605 0.0928 -0.9281
vn 0.4723 -0.0692 -0.8787
vn 0.3477 0.1818 -0.9198
vn 0.8290 0.5079 -0.2341
vn 0.6798 0.3731 -0.6314
vn 0.6776 0.5871 -0.4429
vn 0.4865 0.3909 -0.7814
vn 0.3319 -0.1374 -0.9332
vn 0.3395 -0.0461 -0.9395
vn 0.3279 0.2157 -0.9197
vn 0.0208 0.0436 -0.9988
vn 0.1240 0.4524 -0.8831
vn 0.2242 0.8348 -0.5028
vn 0.1256 0.8678 -0.4807
vn 0.1799 0.4175 -0.8907
vn 0.1728 -0.0655 -0.9828
vn 0.2268 0.0233 -0.9737
vn 0.3432 0.3306 -0.8792
vn 0.5495 0.6006 -0.5808
vn 0.7763 0.6165 -0.1317
vn 0.7177 0.6479 -0.2553
vn 0.6547 0.6549 -0.3774
vn 0.4099 0.4628 -0.7860
vn 0.1291 0.1226 -0.9840
vn -0.0019 0.9113 -0.4117
vn 0.2257 0.9005 -0.3716
vn 0.4493 0.8535 -0.2638
vn 0.6227 0.7614 -0.1806
vn 0.6228 0.7240 -0.2967
vn 0.6292 0.6558 -0.4171
vn -0.6253 0.7581 -0.1849
vn -0.4486 0.8523 -0.2690
vn -0.2275 0.9001 -0.3716
vn -0.2952 0.8284 -0.4760
vn -0.4967 0.7779 -0.3848
vn -0.3684 0.6500 -0.6647
vn -0.0019 0.8152 -0.5792
vn 0.2949 0.8321 -0.4696
vn 0.4991 0.7808 -0.3758
vn 0.3688 0.6543 -0.6603
vn -0.0023 0.6167 -0.7872
vn 0.4316 0.2255 -0.8734
vn -0.4802 0.2825 -0.8304
vn -0.6803 0.3604 -0.6382
vn -0.8323 0.5015 -0.2362
vn -0.7802 0.6113 -0.1327
vn -0.3254 0.3932 -0.8599
vn -0.0044 0.4507 -0.8927
vn -0.6824 0.2102 -0.7001
vn -0.4144 0.3994 -0.8178
vn -0.2682 0.4148 -0.8695
vn -0.2651 0.3506 -0.8982
vn -0.2860 0.2509 -0.9248
vn -0.3450 0.2532 -0.9038
vn -0.4859 0.3718 -0.7910
vn -0.6825 0.5759 -0.4500
vn -0.3866 0.2035 -0.8995
vn -0.4626 -0.1055 -0.8803
vn -0.3402 0.1623 -0.9262
vn -0.3105 -0.1635 -0.9364
vn -0.3248 -0.0695 -0.9432
vn -0.3260 0.1992 -0.9242
vn -0.5506 0.5854 -0.5951
vn -0.3469 0.3189 -0.8821
vn -0.2206 0.0167 -0.9752
vn -0.1535 -0.0766 -0.9852
vn -0.1655 0.4115 -0.8962
vn -0.6498 -0.1378 -0.7475
vn -0.6491 -0.1761 -0.7401
vn -0.8269 -0.1248 -0.5483
vn -0.6203 0.1482 -0.7703
vn -0.8270 0.0620 -0.5588
vn -0.4557 0.3155 -0.8324
vn -0.5641 0.1988 -0.8014
vn -0.4237 0.2814 -0.8610
vn -0.4840 0.1863 -0.8550
vn -0.5754 0.3372 -0.7451
vn -0.5926 0.3489 -0.7260
vn -0.6516 0.5831 -0.4852
vn -0.5709 0.6905 -0.4441
vn -0.5406 0.8074 -0.2364
vn -0.3822 0.8916 -0.2427
vn -0.3724 0.9109 -0.1777
vn -0.1994 0.9642 -0.1748
vn -0.1916 0.9808 -0.0368
vn -0.9380 -0.0496 -0.3431
vn -0.9490 0.1784 -0.2601
vn -0.8589 -0.0723 -0.5070
vn -0.7702 -0.1436 -0.6215
vn -0.3282 0.1769 -0.9279
vn -0.3534 0.4033 -0.8441
vn 0.1400 0.7916 -0.5947
vn -0.0035 0.8677 -0.4971
vn -0.8789 0.0907 -0.4684
vn -0.3018 -0.1457 -0.9422
vn 0.3995 0.3717 -0.8380
vn -0.8894 0.1690 -0.4248
vn -0.8287 0.4306 -0.3576
vn 0.3058 -0.6673 -0.6791
vn 0.1500 -0.7778 -0.6103
vn -0.0456 -0.8240 -0.5648
vn -0.2599 -0.7797 -0.5696
vn -0.1039 -0.2945 -0.9500
vn -0.0949 -0.2187 -0.9712
vn -0.1819 -0.1458 -0.9724
vn -0.2680 -0.2025 -0.9419
vn 0.4234 -0.5430 -0.7252
vn 0.4960 -0.2559 -0.8298
vn -0.3070 -0.2849 -0.9081
vn -0.7571 0.3489 -0.5523
vn -0.4544 0.5548 -0.6969
vn -0.1397 0.5282 -0.8376
vn 0.0681 0.3993 -0.9143
vn 0.1726 0.2380 -0.9558
vn -0.1855 -0.3036 -0.9345
vn -0.4691 -0.6408 -0.6077
vn -0.5963 -0.4660 -0.6536
vn 0.1214 0.0324 -0.9921
vn -0.2668 -0.2888 -0.9195
vn -0.1647 -0.0930 -0.9819
vn -0.3501 -0.0483 -0.9354
vn 0.0807 0.1630 -0.9833
vn 0.2210 0.4135 -0.8833
vn 0.0852 0.5926 -0.8010
vn -0.1694 0.7209 -0.6720
vn -0.5037 0.7166 -0.4825
vn -0.8343 0.4886 -0.2553
vn -0.6132 0.5767 -0.5399
vn -0.3407 0.6447 -0.6843
vn -0.1220 0.5054 -0.8542
vn -0.0590 0.2834 -0.9572
vn -0.1938 0.1278 -0.9727
vn -0.4838 0.0271 -0.8748
vn -0.3584 0.0285 -0.9331
vn -0.2565 0.1380 -0.9566
vn -0.2935 0.2783 -0.9146
vn 0.1041 0.8774 -0.4684
vn 0.0280 0.6613 -0.7496
vn -0.1142 0.3822 -0.9170
vn -0.4293 0.2270 -0.8742
vn -0.5959 0.1421 -0.7904
vn -0.4404 0.1092 -0.8911
vn -0.3205 0.1682 -0.9322
vn -0.2912 0.2585 -0.9211
vn -0.1672 0.3791 -0.9101
vn 0.0506 0.7198 -0.6924
vn -0.1930 0.4354 -0.8793
vn -0.1880 0.5087 -0.8402
vn -0.0087 0.7900 -0.6131
vn 0.1987 0.8941 -0.4014
vn 0.0132 0.9687 -0.2479
vn -0.6283 0.1742 -0.7582
vn -0.6359 0.2488 -0.7306
vn -0.4524 0.3092 -0.8365
vn -0.3543 0.2877 -0.8897
vn -0.2583 0.5608 -0.7866
vn -0.1128 0.8246 -0.5543
vn 0.1174 0.9325 -0.3417
vn 0.0500 0.9739 -0.2213
vn -0.5249 0.1722 -0.8336
vn -0.4759 0.2448 -0.8447
vn -0.4041 0.5492 -0.7315
vn -0.2400 0.8322 -0.4999
vn -0.0383 0.9525 -0.3021
vn 0.0186 0.9815 -0.1905
vn 0.0097 0.9997 -0.0214
vn -0.0675 0.9822 -0.1754
vn -0.2004 0.9428 -0.2662
vn -0.4091 0.7927 -0.4519
vn -0.5577 0.4457 -0.7002
vn -0.0642 0.9978 -0.0141
vn -0.0780 0.9763 0.2019
vn -0.0205 0.9784 0.2057
vn -0.0000 0.9825 0.1864
vn 0.0494 0.9798 0.1937
vn -0.1510 0.8917 0.4267
vn -0.1037 0.7890 0.6056
vn -0.8921 0.2006 -0.4050
vn -0.8409 0.3996 -0.3649
vn -0.6892 0.3884 -0.6117
vn -0.9423 0.2827 -0.1792
vn -0.9537 0.0594 -0.2948
vn -0.9778 0.2014 -0.0577
vn -0.9518 0.0315 -0.3052
vn -0.9233 0.3641 0.1227
vn -0.9079 0.4122 0.0767
vn -0.7248 0.6885 0.0254
vn -0.6236 0.7552 0.2019
vn -0.5346 0.8432 -0.0563
vn -0.5891 0.8074 -0.0324
vn -0.4235 0.8736 -0.2397
vn -0.3871 0.9185 -0.0807
vn -0.1278 0.9879 -0.0875
vn -0.5146 0.8373 -0.1848
vn -0.6318 0.7141 -0.3014
vn -0.6418 0.7443 -0.1849
vn -0.8356 0.5300 -0.1445
vn -0.7378 0.5767 -0.3509
vn -0.6717 0.5140 -0.5335
vn -0.6709 0.4662 -0.5766
vn -0.5127 0.3960 -0.7618
vn -0.6635 -0.4758 -0.5774
vn -0.7674 -0.3504 -0.5369
vn -0.8628 -0.1712 -0.4757
vn -0.8462 -0.0270 -0.5321
vn -0.3441 0.4153 -0.8421
vn -0.4481 0.4636 -0.7644
vn -0.6660 -0.3837 -0.6397
vn -0.8705 -0.2039 -0.4479
vn -0.7921 -0.1888 -0.5804
vn -0.9290 -0.0084 -0.3700
vn -0.9232 0.0261 -0.3834
vn -0.5438 -0.0245 -0.8388
vn -0.4388 0.1159 -0.8911
vn -0.7123 0.0794 -0.6973
vn -0.5392 0.2900 -0.7907
vn -0.7957 0.4137 -0.4425
vn -0.9130 0.1106 -0.3927
vn -0.7573 -0.0636 -0.6500
vn -0.9305 -0.0066 -0.3663
vn -0.7694 -0.1367 -0.6240
vn -0.6181 -0.2593 -0.7421
vn -0.5337 -0.5050 -0.6783
vn -0.1245 -0.2197 -0.9676
vn -0.1238 -0.3581 -0.9255
vn -0.2212 -0.2282 -0.9481
vn -0.2266 -0.3419 -0.9120
vn -0.3161 -0.2068 -0.9259
vn -0.4864 -0.3429 -0.8036
vn -0.3918 -0.6381 -0.6628
vn -0.5867 -0.1722 -0.7913
vn -0.5650 -0.1035 -0.8186
vn -0.4228 -0.1517 -0.8934
vn -0.0000 -0.7721 -0.6355
vn -0.1474 -0.7440 -0.6517
vn -0.2680 -0.7660 -0.5843
vn -0.4109 -0.7710 -0.4865
vn -0.3368 -0.3013 -0.8921
vn -0.4512 -0.2316 -0.8619
vn -0.3599 -0.4289 -0.8286
vn -0.2539 -0.7532 -0.6068
vn -0.2559 -0.8862 -0.3861
vn -0.1382 -0.8203 -0.5550
vn -0.0000 -0.8371 -0.5471
vn -0.1277 -0.5427 -0.8301
vn -0.2360 -0.4968 -0.8352
vn -0.1375 -0.8192 -0.5568
vn -0.1358 -0.9316 -0.3371
vn -0.0000 -0.9449 -0.3273
vn 0.6125 0.7552 0.2335
vn 0.6238 0.7551 0.2018
vn 0.5893 0.8073 -0.0326
vn 0.4731 0.6743 0.5671
vn 0.4315 0.7269 0.5342
vn 0.6582 0.6343 0.4055
vn 0.8308 0.4962 0.2522
vn 0.6675 0.5192 0.5338
vn 0.8390 0.4111 0.3564
vn 0.6624 0.4277 0.6151
vn 0.8319 0.3302 0.4460
vn 0.9131 0.1107 -0.3923
vn 0.8788 0.4759 0.0357
vn 0.7958 0.4138 -0.4422
vn 0.9880 0.1540 -0.0070
vn 0.9306 -0.0065 -0.3659
vn 0.7437 0.4721 0.4734
vn 0.9233 0.0263 -0.3831
vn 0.9518 0.0316 -0.3050
vn 0.9730 0.2087 -0.0986
vn 0.9315 0.3535 0.0859
vn 0.9625 0.2304 -0.1435
vn 0.9790 0.1857 -0.0844
vn 0.9291 -0.0083 -0.3697
vn 0.9913 0.1262 -0.0384
vn 0.9389 0.2096 0.2731
vn 0.8017 0.3038 0.5148
vn 0.9379 0.2536 0.2366
vn 0.9378 0.3093 0.1579
vn 0.0022 -0.9536 0.3011
vn 0.9904 -0.1221 -0.0652
vn 0.8288 0.3126 0.4640
vn 0.0031 -0.9515 0.3076
vn 0.8164 -0.3526 -0.4573
vn -0.9899 -0.1280 -0.0613
vn -0.8280 0.3142 0.4645
vn -0.8158 -0.3564 -0.4554
vn 0.0032 -0.9985 -0.0552
vn 0.3339 -0.4343 -0.8366
vn -0.3322 -0.4368 -0.8360
vn -0.3779 0.6536 -0.6558
vn -0.2091 0.2452 -0.9466
vn 0.0024 -0.3214 -0.9470
vn 0.0047 -0.7659 -0.6429
vn -0.3096 0.9127 -0.2668
vn -0.9899 -0.1276 -0.0613
vn -0.8280 0.3141 0.4645
vn -0.3078 0.8760 0.3713
vn -0.0002 0.9509 0.3095
vn -0.0016 0.9697 -0.2444
vn 0.2075 0.2473 -0.9465
vn -0.0021 0.3662 -0.9305
vn -0.0036 0.8417 -0.5400
vn 0.3740 0.6557 -0.6559
vn 0.3060 0.9142 -0.2658
vn 0.9904 -0.1218 -0.0654
vn 0.3073 0.8757 0.3725
vn -0.0000 0.7128 0.7013
vn -0.1818 0.6307 0.7544
vn -0.5847 0.2241 0.7797
vn 0.8288 0.3126 0.4641
vn 0.1819 0.6308 0.7543
vn 0.5846 0.2260 0.7792
vn 0.6608 -0.7358 0.1481
vn 0.6581 -0.6599 0.3626
vn 0.8238 -0.4485 0.3468
vn 0.4091 -0.8746 0.2602
vn 0.5600 -0.7375 0.3774
vn 0.3492 -0.8946 0.2787
vn 0.5242 -0.7525 0.3988
vn 0.2660 -0.9245 0.2729
vn 0.4647 -0.7871 0.4056
vn 0.2727 -0.9253 0.2636
vn 0.4901 -0.7841 0.3807
vn 0.2275 -0.9494 0.2165
vn 0.5253 -0.7751 0.3511
vn 0.1838 -0.9603 0.2099
vn 0.5217 -0.7869 0.3295
vn 0.5983 -0.7428 0.3005
vn 0.4881 -0.7816 0.3884
vn 0.8194 -0.1853 -0.5424
vn 0.7784 -0.4133 -0.4725
vn 0.4410 -0.7623 -0.4738
vn 0.0767 -0.8169 -0.5717
vn 0.0104 -0.7938 -0.6081
vn 0.0115 -0.7846 -0.6200
vn 0.0080 -0.7748 -0.6322
vn 0.0073 -0.7659 -0.6429
vn 0.0043 -0.7576 -0.6527
vn 0.3166 -0.8158 0.4839
vn 0.0023 -0.7526 -0.6585
vn 0.1387 -0.8357 0.5314
vn 0.0002 -0.7508 -0.6606
vn 0.0063 -0.8498 0.5270
vn 0.4180 0.6419 -0.6428
vn 0.4646 0.6052 -0.6465
vn 0.6206 0.5187 -0.5881
vn 0.7543 0.2909 -0.5885
vn 0.7775 0.1647 -0.6069
vn 0.8067 0.0898 -0.5842
vn 0.8261 -0.0191 -0.5632
vn 0.8302 -0.1068 -0.5472
vn 0.9154 -0.2071 0.3452
vn 0.2242 0.8335 0.5050
vn -0.1162 0.9377 -0.3273
vn -0.1289 0.9633 -0.2356
vn 0.4229 0.8042 0.4175
vn -0.0913 0.9839 -0.1538
vn 0.6010 0.7244 0.3377
vn -0.0089 0.9967 -0.0806
vn 0.6590 0.6888 0.3020
vn 0.0498 0.9984 -0.0263
vn 0.7366 0.6142 0.2832
vn 0.1279 0.9914 -0.0281
vn 0.8061 0.5046 0.3091
vn 0.2371 0.9708 -0.0361
vn 0.8007 0.4959 0.3361
vn 0.3910 0.9202 -0.0186
vn 0.9169 0.2149 0.3363
vn 0.7755 0.4058 -0.4836
vn 0.3306 0.6903 -0.6436
vn 0.2395 0.7241 -0.6468
vn 0.1496 0.7520 -0.6419
vn 0.0638 0.7672 -0.6382
vn 0.0845 0.8392 0.5372
vn -0.0971 0.8388 0.5358
vn 0.1016 0.9378 -0.3320
vn 0.0373 0.9198 -0.3906
vn -0.0061 0.8486 0.5290
vn -0.0034 0.9228 -0.3852
vn -0.0487 0.9207 -0.3871
vn -0.0004 0.7704 -0.6375
vn -0.6023 0.7225 0.3394
vn 0.0108 0.9963 -0.0854
vn 0.0944 0.9837 -0.1529
vn -0.4179 0.8046 0.4218
vn 0.1215 0.9643 -0.2355
vn -0.2295 0.8310 0.5068
vn -0.0642 0.7679 -0.6373
vn 0.0855 -0.9311 0.3547
vn -0.6701 0.6776 0.3030
vn -0.8314 -0.4333 0.3480
vn -0.6590 -0.7343 0.1627
vn -0.7725 0.4101 -0.4848
vn -0.6480 -0.6682 0.3655
vn -0.8259 -0.0188 -0.5634
vn -0.8298 -0.1065 -0.5478
vn -0.8187 -0.1899 -0.5419
vn -0.8067 0.0878 -0.5844
vn -0.9180 -0.1959 0.3448
vn -0.9162 0.2176 0.3364
vn -0.3947 0.9182 -0.0333
vn -0.7992 0.4967 0.3383
vn -0.2316 0.9720 -0.0387
vn -0.8085 0.4989 0.3121
vn -0.1186 0.9924 -0.0328
vn -0.7443 0.6037 0.2857
vn -0.0511 0.9980 -0.0360
vn -0.5445 -0.7480 0.3794
vn -0.3428 -0.8937 0.2895
vn -0.4006 -0.8748 0.2725
vn 0.3206 0.3532 0.8789
vn -0.1038 0.7889 0.6057
vn 0.0498 0.9798 0.1937
vn 0.7133 0.6556 0.2477
vn -0.1276 0.9879 -0.0879
vn 0.6026 0.6429 -0.4728
vn -0.4235 0.8735 -0.2401
vn -0.4045 -0.2230 -0.8870
vn 0.3330 0.8118 -0.4798
vn 0.6035 0.5128 -0.6106
vn -0.5573 -0.2644 -0.7871
vn 0.7134 0.2665 -0.6481
vn -0.5463 -0.0641 -0.8352
vn 0.7565 0.2070 -0.6203
vn 0.8848 0.3721 0.2804
vn 0.9304 0.2888 0.2256
vn 0.5495 0.0388 0.8346
vn -0.4678 0.5214 -0.7136
vn -0.8508 0.4618 -0.2506
vn -0.8858 0.0603 -0.4602
vn -0.7229 -0.2537 -0.6427
vn -0.5073 -0.5585 -0.6563
vn -0.4200 -0.0207 -0.9073
vn 0.0137 0.9635 -0.2674
vn 0.1310 0.8895 0.4378
vn 0.5492 0.7269 0.4122
vn 0.7881 0.5149 0.3373
vn -0.8617 0.3720 -0.3450
vn -0.8101 -0.4279 -0.4008
vn -0.6290 0.3013 -0.7167
vn -0.3394 -0.5404 -0.7699
vn -0.7253 -0.0638 -0.6855
vn -0.6814 -0.6887 -0.2478
vn -0.4618 -0.7871 -0.4090
vn -0.5893 0.8072 -0.0326
vn -0.6126 0.7551 0.2335
vn -0.4294 -0.1089 0.8965
vn -0.4959 -0.6799 -0.5402
vn -0.5118 0.8584 0.0346
vn -0.4731 0.6741 0.5672
vt 0.498737 0.971202
vt 0.481163 0.950017
vt 0.555875 0.935292
vt 0.463589 0.928832
vt 0.613014 0.899382
vt 0.428440 0.886461
vt 0.727290 0.827563
vt 0.829463 0.833963
vt 0.803920 0.832363
vt 0.846243 0.769103
vt 0.863024 0.704242
vt 0.778376 0.830763
vt 0.896584 0.574522
vt 0.195721 0.170319
vt 0.153398 0.233579
vt 0.165975 0.172186
vt 0.225468 0.168452
vt 0.140821 0.294973
vt 0.284960 0.164718
vt 0.115666 0.417759
vt 0.321093 0.209694
vt 0.177916 0.423698
vt 0.357860 0.252105
vt 0.239510 0.429000
vt 0.573839 0.159882
vt 0.583810 0.105820
vt 0.390828 0.099829
vt 0.540253 0.070380
vt 0.518474 0.052660
vt 0.443761 0.067385
vt 0.496695 0.034940
vt 0.566779 0.210930
vt 0.349342 0.591755
vt 0.472366 0.674184
vt 0.458164 0.756659
vt 0.281057 0.637993
vt 0.320482 0.446582
vt 0.402691 0.323704
vt 0.547813 0.295104
vt 0.743885 0.329596
vt 0.788099 0.303442
vt 0.837152 0.275567
vt 0.832584 0.223743
vt 0.705912 0.138870
vt 0.830299 0.197832
vt 0.766964 0.155395
vt 0.828015 0.171920
vt 0.617488 0.645583
vt 0.511745 0.484546
vt 0.785432 0.538589
vt 0.699697 0.522706
vt 0.670837 0.377533
vt 0.667082 0.715484
vt 0.228179 0.676533
vt 0.442438 0.820093
vt 0.695184 0.770281
vt 0.838362 0.556277
vt 0.051117 0.481939
vt 0.065974 0.556678
vt 0.029600 0.503333
vt 0.102349 0.610023
vt 0.072633 0.460546
vt 0.175098 0.716714
vt 0.901502 0.389226
vt 0.931218 0.538704
vt 0.933677 0.446056
vt 0.948535 0.520795
vt 0.965852 0.502886
vt 0.129412 0.872841
vt 0.140833 0.833809
vt 0.204169 0.876246
vt 0.152255 0.794778
vt 0.278926 0.879651
vt 0.086062 0.145856
vt 0.078240 0.160920
vt 0.073000 0.150504
vt 0.093982 0.150997
vt 0.101507 0.157889
vt 0.112757 0.192523
vt 0.117321 0.195262
vt 0.103776 0.206449
vt 0.099453 0.201393
vt 0.096331 0.194676
vt 0.110715 0.186529
vt 0.109055 0.178271
vt 0.093671 0.187928
vt 0.106520 0.168041
vt 0.089720 0.179010
vt 0.084552 0.170256
vt 0.070959 0.176809
vt 0.065685 0.167436
vt 0.063076 0.158196
vt 0.051893 0.172356
vt 0.076344 0.185679
vt 0.081536 0.194260
vt 0.082830 0.646662
vt 0.073200 0.633274
vt 0.050368 0.650706
vt 0.057613 0.655827
vt 0.083078 0.662206
vt 0.062327 0.663058
vt 0.065475 0.672945
vt 0.076482 0.675201
vt 0.066073 0.685794
vt 0.056189 0.678829
vt 0.046810 0.674022
vt 0.038028 0.670324
vt 0.028923 0.666306
vt 0.023999 0.664253
vt 0.043343 0.648349
vt 0.059134 0.627323
vt 0.048239 0.626307
vt 0.036003 0.641823
vt 0.018881 0.662749
vt 0.012779 0.684734
vt 0.018305 0.684855
vt 0.024906 0.684999
vt 0.035837 0.685214
vt 0.071153 0.738509
vt 0.041884 0.722283
vt 0.056884 0.743913
vt 0.048992 0.720225
vt 0.081283 0.725522
vt 0.056427 0.715413
vt 0.082134 0.710012
vt 0.061437 0.708346
vt 0.064968 0.698603
vt 0.076055 0.696777
vt 0.044902 0.685394
vt 0.055915 0.692378
vt 0.054592 0.685578
vt 0.046340 0.696836
vt 0.037407 0.700169
vt 0.028130 0.703845
vt 0.023120 0.705727
vt 0.018017 0.706885
vt 0.034231 0.728689
vt 0.045974 0.744550
vt 0.195236 0.203695
vt 0.197504 0.197689
vt 0.212021 0.198063
vt 0.268902 0.298157
vt 0.274190 0.276480
vt 0.284371 0.307823
vt 0.288304 0.290917
vt 0.278966 0.263445
vt 0.292918 0.281562
vt 0.303157 0.303990
vt 0.308720 0.294970
vt 0.325738 0.325369
vt 0.337824 0.311938
vt 0.354519 0.343448
vt 0.343184 0.348087
vt 0.337257 0.355122
vt 0.319916 0.338887
vt 0.298531 0.319511
vt 0.194201 0.281664
vt 0.200833 0.260089
vt 0.214323 0.286283
vt 0.176884 0.248859
vt 0.183709 0.226402
vt 0.152926 0.210612
vt 0.150870 0.238970
vt 0.124889 0.209193
vt 0.122482 0.240510
vt 0.098735 0.223843
vt 0.098029 0.247724
vt 0.080550 0.242035
vt 0.081299 0.256446
vt 0.062103 0.258956
vt 0.098902 0.272413
vt 0.121748 0.266832
vt 0.147276 0.265331
vt 0.171880 0.272552
vt 0.062366 0.289849
vt 0.062909 0.269268
vt 0.081807 0.279846
vt 0.039220 0.289862
vt 0.039053 0.306329
vt 0.036445 0.280279
vt 0.012363 0.307226
vt 0.013194 0.319872
vt 0.007469 0.291909
vt 0.872727 0.267357
vt 0.863342 0.232443
vt 0.837941 0.266177
vt 0.911083 0.264761
vt 0.874419 0.295249
vt 0.918359 0.295853
vt 0.919710 0.316221
vt 0.956430 0.289859
vt 0.958847 0.313958
vt 0.964472 0.313569
vt 0.964491 0.332442
vt 0.977987 0.313014
vt 0.978049 0.332787
vt 0.993339 0.333254
vt 0.991253 0.350412
vt 0.991753 0.352532
vt 0.987455 0.375882
vt 0.986243 0.373370
vt 0.973782 0.411343
vt 0.972408 0.371140
vt 0.994085 0.333278
vt 0.993874 0.312650
vt 0.994973 0.313767
vt 0.991886 0.287709
vt 0.993047 0.290219
vt 0.975283 0.288893
vt 0.961830 0.289486
vt 0.950391 0.250946
vt 0.945989 0.251730
vt 0.931252 0.217858
vt 0.901478 0.229830
vt 0.913820 0.188387
vt 0.918196 0.184935
vt 0.935708 0.213462
vt 0.949933 0.210529
vt 0.965130 0.249703
vt 0.967318 0.207382
vt 0.982644 0.248279
vt 0.984534 0.249248
vt 0.969331 0.208074
vt 0.950609 0.176236
vt 0.933117 0.181318
vt 0.892147 0.148733
vt 0.888089 0.152663
vt 0.885108 0.199463
vt 0.952070 0.177543
vt 0.929736 0.138851
vt 0.928059 0.139270
vt 0.908746 0.143479
vt 0.020005 0.227814
vt 0.022639 0.216514
vt 0.013826 0.220090
vt 0.018007 0.207511
vt 0.008848 0.210508
vt 0.016527 0.198872
vt 0.007906 0.200744
vt 0.012098 0.191763
vt 0.022667 0.181398
vt 0.030578 0.189678
vt 0.034081 0.175333
vt 0.092458 0.902322
vt 0.061743 0.907026
vt 0.062848 0.913912
vt 0.130118 0.888858
vt 0.091692 0.893905
vt 0.056358 0.880342
vt 0.166193 0.879842
vt 0.130442 0.877291
vt 0.086587 0.865135
vt 0.051104 0.851895
vt 0.015250 0.871722
vt 0.019055 0.899037
vt 0.023214 0.924297
vt 0.024034 0.930035
vt 0.045526 0.824918
vt 0.009883 0.839665
vt 0.079877 0.796850
vt 0.081007 0.834510
vt 0.126647 0.848318
vt 0.166057 0.867285
vt 0.184572 0.876665
vt 0.197574 0.862440
vt 0.198575 0.875323
vt 0.183216 0.864527
vt 0.162808 0.838309
vt 0.122984 0.817744
vt 0.122052 0.793584
vt 0.129533 0.767061
vt 0.101885 0.767179
vt 0.141657 0.731465
vt 0.118080 0.735069
vt 0.149586 0.682104
vt 0.126610 0.690325
vt 0.140685 0.636068
vt 0.166292 0.676675
vt 0.162408 0.628735
vt 0.160199 0.788042
vt 0.160601 0.809041
vt 0.180864 0.835065
vt 0.196698 0.832860
vt 0.211283 0.860585
vt 0.197884 0.723169
vt 0.182314 0.672984
vt 0.180760 0.724855
vt 0.164128 0.727641
vt 0.161091 0.763862
vt 0.179567 0.785975
vt 0.179769 0.806175
vt 0.196606 0.804131
vt 0.212049 0.831275
vt 0.228730 0.830781
vt 0.226608 0.858944
vt 0.214964 0.722729
vt 0.231422 0.673214
vt 0.215401 0.671117
vt 0.197127 0.759962
vt 0.179751 0.761619
vt 0.196770 0.784314
vt 0.213072 0.802783
vt 0.231130 0.802494
vt 0.267355 0.806694
vt 0.263148 0.834863
vt 0.305598 0.825360
vt 0.213732 0.783042
vt 0.232387 0.782542
vt 0.232614 0.759182
vt 0.214367 0.759124
vt 0.231485 0.723585
vt 0.269538 0.784864
vt 0.263384 0.760392
vt 0.254128 0.726077
vt 0.248217 0.677690
vt 0.256775 0.632154
vt 0.234958 0.625560
vt 0.280562 0.641266
vt 0.307103 0.602595
vt 0.269288 0.603711
vt 0.309905 0.790838
vt 0.291478 0.762619
vt 0.277210 0.731638
vt 0.271299 0.686433
vt 0.242592 0.595830
vt 0.216024 0.622104
vt 0.198856 0.670988
vt 0.127838 0.608003
vt 0.087872 0.606526
vt 0.117572 0.645486
vt 0.216961 0.591048
vt 0.198549 0.621529
vt 0.197597 0.590384
vt 0.178467 0.592868
vt 0.181154 0.623827
vt 0.153560 0.599392
vt 0.442944 0.314646
vt 0.457452 0.309808
vt 0.427414 0.307841
vt 0.430990 0.281526
vt 0.473831 0.286794
vt 0.474029 0.307168
vt 0.557088 0.309719
vt 0.571609 0.314532
vt 0.587121 0.307699
vt 0.583475 0.281390
vt 0.540648 0.286735
vt 0.540504 0.307109
vt 0.507240 0.287213
vt 0.507265 0.306075
vt 0.477677 0.258767
vt 0.432946 0.253967
vt 0.404714 0.276173
vt 0.405311 0.249128
vt 0.434617 0.231165
vt 0.581446 0.253835
vt 0.609736 0.275991
vt 0.609068 0.248946
vt 0.507205 0.260320
vt 0.536727 0.258714
vt 0.579715 0.231036
vt 0.607664 0.226836
vt 0.534829 0.235495
vt 0.479514 0.235544
vt 0.507173 0.236635
vt 0.533238 0.205131
vt 0.576785 0.201622
vt 0.604891 0.197859
vt 0.636325 0.222269
vt 0.634875 0.193813
vt 0.507132 0.206029
vt 0.481024 0.205177
vt 0.507093 0.176033
vt 0.531970 0.175076
vt 0.572523 0.171905
vt 0.599910 0.168556
vt 0.406657 0.227014
vt 0.437468 0.201746
vt 0.482213 0.175120
vt 0.507064 0.154164
vt 0.530064 0.152996
vt 0.564986 0.149327
vt 0.602570 0.143816
vt 0.629056 0.165249
vt 0.660923 0.148266
vt 0.484061 0.153037
vt 0.441651 0.172021
vt 0.449128 0.149430
vt 0.414256 0.168721
vt 0.411530 0.143986
vt 0.385101 0.165466
vt 0.353188 0.148540
vt 0.379357 0.194040
vt 0.409352 0.198033
vt 0.377983 0.222499
vt 0.028963 0.223422
vt 0.024816 0.233958
vt 0.507622 0.954890
vt 0.535838 0.923517
vt 0.505929 0.924187
vt 0.538945 0.954254
vt 0.561797 0.921633
vt 0.564229 0.952372
vt 0.589792 0.949450
vt 0.590784 0.975878
vt 0.622917 0.969871
vt 0.621757 0.943508
vt 0.587993 0.918667
vt 0.618537 0.913314
vt 0.584626 0.884664
vt 0.614862 0.880023
vt 0.608562 0.846284
vt 0.638626 0.839730
vt 0.599708 0.810710
vt 0.629597 0.805056
vt 0.592059 0.765847
vt 0.617703 0.762024
vt 0.648080 0.905853
vt 0.652616 0.934855
vt 0.657104 0.957536
vt 0.623520 0.974519
vt 0.592162 0.984970
vt 0.566262 0.978668
vt 0.542099 0.980492
vt 0.510816 0.981194
vt 0.477103 0.979518
vt 0.477657 0.953474
vt 0.442441 0.974487
vt 0.445772 0.949600
vt 0.567129 0.990364
vt 0.542122 0.992551
vt 0.511298 0.993484
vt 0.476424 0.989868
vt 0.440972 0.981190
vt 0.404381 0.966519
vt 0.405339 0.963153
vt 0.370412 0.948549
vt 0.409486 0.940965
vt 0.375323 0.928162
vt 0.345284 0.935146
vt 0.349595 0.916327
vt 0.312203 0.914684
vt 0.316927 0.896683
vt 0.288625 0.898380
vt 0.293002 0.880858
vt 0.260199 0.878894
vt 0.259829 0.861354
vt 0.228277 0.874110
vt 0.211841 0.874744
vt 0.298884 0.853732
vt 0.323423 0.871235
vt 0.354811 0.891864
vt 0.382682 0.903919
vt 0.412768 0.913049
vt 0.447163 0.919911
vt 0.477425 0.923162
vt 0.385635 0.875717
vt 0.359260 0.865013
vt 0.329636 0.844332
vt 0.413688 0.882275
vt 0.391974 0.818114
vt 0.364415 0.833007
vt 0.336203 0.818416
vt 0.466539 0.695510
vt 0.450092 0.698877
vt 0.442347 0.734467
vt 0.435820 0.700300
vt 0.426640 0.733029
vt 0.423248 0.813212
vt 0.416057 0.767654
vt 0.433676 0.773428
vt 0.460707 0.731453
vt 0.487394 0.691605
vt 0.489531 0.666847
vt 0.508079 0.665499
vt 0.507594 0.688421
vt 0.484481 0.727917
vt 0.506904 0.725141
vt 0.482569 0.773041
vt 0.507980 0.772386
vt 0.478264 0.818154
vt 0.507756 0.818328
vt 0.475468 0.854654
vt 0.504820 0.855385
vt 0.455402 0.774140
vt 0.450967 0.817578
vt 0.447411 0.853541
vt 0.475384 0.889540
vt 0.504131 0.890257
vt 0.533760 0.889246
vt 0.414455 0.847278
vt 0.446986 0.887371
vt 0.559088 0.887457
vt 0.533871 0.854739
vt 0.556394 0.853225
vt 0.553505 0.816298
vt 0.533923 0.817699
vt 0.549829 0.769210
vt 0.531810 0.770693
vt 0.546199 0.720872
vt 0.530269 0.722363
vt 0.543710 0.684775
vt 0.528698 0.685959
vt 0.567971 0.767997
vt 0.562227 0.720127
vt 0.573239 0.814570
vt 0.579084 0.850870
vt 0.585837 0.719285
vt 0.579988 0.683273
vt 0.558759 0.683914
vt 0.608517 0.718359
vt 0.600357 0.683288
vt 0.576546 0.660760
vt 0.594967 0.659322
vt 0.621408 0.683647
vt 0.632610 0.717505
vt 0.645128 0.757726
vt 0.657523 0.798548
vt 0.667736 0.832177
vt 0.644580 0.873212
vt 0.685377 0.922520
vt 0.679683 0.894878
vt 0.674402 0.864253
vt 0.700847 0.816987
vt 0.685264 0.786858
vt 0.666913 0.751909
vt 0.651210 0.716719
vt 0.690115 0.938233
vt 0.725292 0.914628
vt 0.722232 0.904763
vt 0.715412 0.878663
vt 0.709112 0.849871
vt 0.719218 0.781492
vt 0.683137 0.741431
vt 0.666268 0.711640
vt 0.652037 0.682617
vt 0.637972 0.684038
vt 0.759506 0.891023
vt 0.757511 0.884377
vt 0.787558 0.872299
vt 0.785779 0.866624
vt 0.747282 0.861240
vt 0.777534 0.841937
vt 0.739284 0.834240
vt 0.768089 0.814805
vt 0.756633 0.783901
vt 0.810515 0.528106
vt 0.802502 0.547054
vt 0.809967 0.549605
vt 0.803745 0.572681
vt 0.794093 0.565694
vt 0.790601 0.568159
vt 0.785928 0.560264
vt 0.785289 0.564492
vt 0.775277 0.556381
vt 0.774466 0.560063
vt 0.772310 0.554587
vt 0.777101 0.538743
vt 0.779880 0.539479
vt 0.792417 0.543442
vt 0.780451 0.522009
vt 0.791905 0.524990
vt 0.786291 0.485829
vt 0.802062 0.527189
vt 0.798763 0.487238
vt 0.808406 0.489411
vt 0.819149 0.490407
vt 0.818963 0.528729
vt 0.829101 0.858887
vt 0.818642 0.888383
vt 0.821376 0.889788
vt 0.830865 0.858728
vt 0.833513 0.832286
vt 0.840914 0.858911
vt 0.830310 0.892762
vt 0.857577 0.861524
vt 0.846611 0.833587
vt 0.847342 0.898480
vt 0.819031 0.920471
vt 0.810198 0.916159
vt 0.807002 0.914009
vt 0.817366 0.888060
vt 0.827479 0.859349
vt 0.831300 0.831756
vt 0.834680 0.798085
vt 0.828760 0.801111
vt 0.819002 0.772729
vt 0.813379 0.775449
vt 0.807102 0.757163
vt 0.762303 0.750540
vt 0.731524 0.747238
vt 0.730380 0.752973
vt 0.764386 0.742915
vt 0.732609 0.740268
vt 0.733044 0.738512
vt 0.766291 0.739535
vt 0.785830 0.747344
vt 0.789971 0.742514
vt 0.815833 0.751254
vt 0.826611 0.768426
vt 0.759118 0.757925
vt 0.755946 0.765530
vt 0.778943 0.772314
vt 0.801381 0.762875
vt 0.782093 0.754793
vt 0.760474 0.756512
vt 0.759674 0.757438
vt 0.729606 0.754022
vt 0.729159 0.754374
vt 0.777245 0.762742
vt 0.793676 0.770475
vt 0.799658 0.785011
vt 0.804607 0.779671
vt 0.816231 0.806181
vt 0.821572 0.804411
vt 0.818226 0.830021
vt 0.808672 0.777251
vt 0.796910 0.767310
vt 0.805585 0.778961
vt 0.794666 0.769578
vt 0.777683 0.762317
vt 0.779117 0.760561
vt 0.830142 0.831591
vt 0.828073 0.802006
vt 0.827158 0.802520
vt 0.826466 0.802939
vt 0.822692 0.803830
vt 0.822561 0.829742
vt 0.818175 0.858765
vt 0.827088 0.859612
vt 0.821476 0.830019
vt 0.817328 0.858907
vt 0.807329 0.885342
vt 0.816356 0.887894
vt 0.806463 0.885262
vt 0.800382 0.883203
vt 0.788070 0.907470
vt 0.795712 0.908509
vt 0.774281 0.928612
vt 0.782940 0.932715
vt 0.795895 0.908371
vt 0.783568 0.933454
vt 0.791608 0.937739
vt 0.805092 0.912646
vt 0.791487 0.937825
vt 0.806009 0.913201
vt 0.792265 0.938832
vt 0.811789 0.858078
vt 0.797327 0.943106
vt 0.805601 0.950618
vt 0.825845 0.963102
vt 0.922220 0.957533
vt 0.914006 0.991670
vt 0.915506 0.991301
vt 0.920558 0.958070
vt 0.894599 0.987283
vt 0.929389 0.915090
vt 0.860294 0.940209
vt 0.836661 0.928140
vt 0.852267 0.979969
vt 0.880339 0.946791
vt 0.874407 0.982456
vt 0.884523 0.947808
vt 0.878596 0.982407
vt 0.901688 0.952087
vt 0.927065 0.915097
vt 0.931601 0.871020
vt 0.930566 0.870756
vt 0.937313 0.839423
vt 0.934491 0.838370
vt 0.942883 0.799789
vt 0.937808 0.798154
vt 0.940786 0.763997
vt 0.937591 0.764715
vt 0.938390 0.735901
vt 0.925152 0.764273
vt 0.923666 0.797597
vt 0.918177 0.837828
vt 0.913265 0.870433
vt 0.908224 0.912741
vt 0.890553 0.908740
vt 0.886882 0.908532
vt 0.902783 0.834208
vt 0.895967 0.867973
vt 0.926374 0.679353
vt 0.930076 0.675334
vt 0.921645 0.640047
vt 0.932167 0.710541
vt 0.934776 0.708137
vt 0.935307 0.735913
vt 0.924207 0.735355
vt 0.911024 0.763342
vt 0.908390 0.795232
vt 0.898580 0.831607
vt 0.893227 0.865037
vt 0.867604 0.904049
vt 0.903523 0.793229
vt 0.905607 0.760174
vt 0.911220 0.734548
vt 0.921925 0.711117
vt 0.917095 0.680467
vt 0.909592 0.710805
vt 0.904271 0.709568
vt 0.905914 0.733521
vt 0.888079 0.757733
vt 0.886508 0.790776
vt 0.881332 0.830584
vt 0.876034 0.864110
vt 0.886282 0.732087
vt 0.863244 0.833287
vt 0.869157 0.791895
vt 0.869438 0.758068
vt 0.867335 0.730679
vt 0.884263 0.706529
vt 0.899840 0.678550
vt 0.905437 0.680118
vt 0.851566 0.792459
vt 0.901059 0.639884
vt 0.878312 0.673777
vt 0.864546 0.703244
vt 0.844297 0.729683
vt 0.848723 0.760371
vt 0.835004 0.763872
vt 0.841112 0.795119
vt 0.837581 0.832845
vt 0.821043 0.713377
vt 0.797020 0.730262
vt 0.827117 0.729113
vt 0.826701 0.693312
vt 0.809376 0.706608
vt 0.842498 0.698376
vt 0.825475 0.744628
vt 0.792954 0.738067
vt 0.769042 0.732542
vt 0.790776 0.723053
vt 0.786554 0.718780
vt 0.798695 0.701216
vt 0.816308 0.689965
vt 0.826871 0.662893
vt 0.839738 0.665610
vt 0.837887 0.624386
vt 0.859138 0.669268
vt 0.857728 0.627974
vt 0.766437 0.728452
vt 0.767512 0.736830
vt 0.733487 0.737730
vt 0.764662 0.725837
vt 0.733253 0.733980
vt 0.733428 0.735828
vt 0.773800 0.691437
vt 0.770928 0.690260
vt 0.763143 0.702568
vt 0.765536 0.704212
vt 0.751732 0.712954
vt 0.753594 0.714473
vt 0.727930 0.724221
vt 0.726708 0.722906
vt 0.732965 0.733124
vt 0.762022 0.722622
vt 0.732383 0.731281
vt 0.730617 0.727685
vt 0.757963 0.718164
vt 0.773266 0.708568
vt 0.786556 0.695981
vt 0.778655 0.678568
vt 0.775552 0.677387
vt 0.767772 0.673821
vt 0.762019 0.693846
vt 0.748621 0.708051
vt 0.729028 0.715934
vt 0.780999 0.714170
vt 0.723524 0.007552
vt 0.725591 0.009007
vt 0.720595 0.008274
vt 0.725237 0.012412
vt 0.717338 0.010769
vt 0.722942 0.017622
vt 0.712420 0.016095
vt 0.701364 0.020628
vt 0.732006 0.019300
vt 0.771993 0.228300
vt 0.784517 0.202664
vt 0.771200 0.203731
vt 0.785278 0.226381
vt 0.759417 0.253896
vt 0.775168 0.252509
vt 0.777160 0.253192
vt 0.786998 0.226797
vt 0.797814 0.229287
vt 0.786140 0.202346
vt 0.796696 0.203143
vt 0.777017 0.175380
vt 0.786250 0.174847
vt 0.786622 0.174506
vt 0.800983 0.202782
vt 0.810279 0.203102
vt 0.795871 0.172878
vt 0.788355 0.173828
vt 0.798014 0.202998
vt 0.800439 0.229802
vt 0.790456 0.256751
vt 0.788081 0.256106
vt 0.776124 0.175582
vt 0.767297 0.177838
vt 0.834951 0.168918
vt 0.848860 0.201038
vt 0.862207 0.162564
vt 0.823859 0.202297
vt 0.808628 0.171921
vt 0.765349 0.270784
vt 0.775712 0.274799
vt 0.780590 0.276759
vt 0.793470 0.257471
vt 0.805791 0.231054
vt 0.816744 0.232456
vt 0.833587 0.233001
vt 0.767018 0.290680
vt 0.760422 0.288301
vt 0.739593 0.301756
vt 0.775440 0.293744
vt 0.746885 0.306205
vt 0.753750 0.312024
vt 0.785347 0.299418
vt 0.797553 0.309685
vt 0.801286 0.284525
vt 0.786718 0.279191
vt 0.807849 0.261102
vt 0.819664 0.265633
vt 0.706437 0.299319
vt 0.731943 0.291917
vt 0.705914 0.298375
vt 0.732803 0.293412
vt 0.751130 0.282148
vt 0.752786 0.283434
vt 0.763290 0.269801
vt 0.736267 0.297441
vt 0.714245 0.312837
vt 0.710472 0.306498
vt 0.707693 0.301466
vt 0.676839 0.300509
vt 0.676547 0.299840
vt 0.672325 0.292376
vt 0.703043 0.290520
vt 0.727551 0.282841
vt 0.741286 0.273792
vt 0.677529 0.301983
vt 0.679731 0.308065
vt 0.682268 0.315508
vt 0.683577 0.318122
vt 0.796740 0.345614
vt 0.752734 0.340359
vt 0.784018 0.354835
vt 0.762007 0.334255
vt 0.804138 0.327904
vt 0.769910 0.326857
vt 0.762516 0.318671
vt 0.723142 0.324635
vt 0.719487 0.328822
vt 0.716868 0.331833
vt 0.745366 0.345888
vt 0.773759 0.359635
vt 0.799074 0.370988
vt 0.685011 0.322553
vt 0.719778 0.320237
vt 0.684300 0.319836
vt 0.717337 0.316994
vt 0.684172 0.325180
vt 0.683434 0.326803
vt 0.713565 0.335707
vt 0.734009 0.353372
vt 0.755328 0.368472
vt 0.727990 0.360779
vt 0.742915 0.375735
vt 0.726447 0.362949
vt 0.740116 0.377756
vt 0.697825 0.354367
vt 0.677804 0.338986
vt 0.669791 0.341733
vt 0.709199 0.341493
vt 0.680146 0.333312
vt 0.705995 0.346953
vt 0.678505 0.337316
vt 0.704867 0.348822
vt 0.721721 0.366196
vt 0.731293 0.377355
vt 0.682078 0.329232
vt 0.746484 0.387404
vt 0.744752 0.398558
vt 0.754012 0.403599
vt 0.751672 0.424006
vt 0.758842 0.423961
vt 0.751731 0.447634
vt 0.760161 0.451152
vt 0.764413 0.478705
vt 0.773579 0.481643
vt 0.768379 0.517444
vt 0.778359 0.521536
vt 0.762521 0.545803
vt 0.769642 0.556683
vt 0.771472 0.558962
vt 0.756865 0.402907
vt 0.761439 0.423730
vt 0.762075 0.451470
vt 0.775477 0.482317
vt 0.789861 0.397227
vt 0.771504 0.400185
vt 0.775202 0.424227
vt 0.790389 0.424585
vt 0.781022 0.453164
vt 0.794822 0.454059
vt 0.803385 0.454407
vt 0.749477 0.386038
vt 0.763699 0.380982
vt 0.784122 0.375027
vt 0.804502 0.394795
vt 0.801874 0.425559
vt 0.811777 0.427898
vt 0.812222 0.456248
vt 0.827623 0.429327
vt 0.826931 0.456201
vt 0.859783 0.427878
vt 0.851323 0.460290
vt 0.886790 0.465011
vt 0.877323 0.494813
vt 0.817259 0.393288
vt 0.812413 0.367962
vt 0.833402 0.365757
vt 0.835297 0.392359
vt 0.870203 0.393346
vt 0.830197 0.344951
vt 0.832942 0.328956
vt 0.927686 0.475129
vt 0.899627 0.434065
vt 0.908615 0.397950
vt 0.872883 0.365430
vt 0.872605 0.347255
vt 0.851978 0.329604
vt 0.830918 0.312755
vt 0.873351 0.313526
vt 0.835047 0.292383
vt 0.814295 0.288567
vt 0.949186 0.406270
vt 0.916833 0.367066
vt 0.918983 0.346508
vt 0.903702 0.340426
vt 0.880255 0.343624
vt 0.867475 0.330140
vt 0.902044 0.330826
vt 0.908477 0.330989
vt 0.898862 0.323690
vt 0.904293 0.321237
vt 0.885505 0.323987
vt 0.880738 0.317653
vt 0.878510 0.330590
vt 0.884964 0.337612
vt 0.898242 0.337735
vt 0.918635 0.331334
vt 0.958591 0.332329
vt 0.958615 0.347352
vt 0.963118 0.347509
vt 0.956439 0.370224
vt 0.976402 0.348555
vt 0.959956 0.370581
vt 0.974540 0.415721
vt 0.962021 0.408114
vt 0.951567 0.406492
vt 0.948888 0.447924
vt 0.958986 0.451012
vt 0.960108 0.452900
vt 0.939060 0.445740
vt 0.940313 0.445811
vt 0.940365 0.480555
vt 0.949519 0.483592
vt 0.950866 0.484101
vt 0.931428 0.477754
vt 0.929399 0.510929
vt 0.936881 0.514675
vt 0.938695 0.514884
vt 0.932761 0.535341
vt 0.934691 0.535315
vt 0.911562 0.642665
vt 0.918581 0.642497
vt 0.920206 0.603336
vt 0.922481 0.602776
vt 0.926894 0.561858
vt 0.924595 0.561597
vt 0.924598 0.533280
vt 0.922419 0.507469
vt 0.918546 0.505509
vt 0.916122 0.561198
vt 0.912690 0.603745
vt 0.903753 0.602534
vt 0.903232 0.641221
vt 0.912374 0.531335
vt 0.916457 0.531965
vt 0.909709 0.560837
vt 0.900557 0.600471
vt 0.877938 0.633630
vt 0.902031 0.579990
vt 0.831073 0.491004
vt 0.851336 0.492101
vt 0.876746 0.527507
vt 0.906795 0.560602
vt 0.875894 0.579122
vt 0.876561 0.599347
vt 0.833013 0.597985
vt 0.820598 0.598143
vt 0.853893 0.598990
vt 0.851969 0.577377
vt 0.875378 0.557846
vt 0.852490 0.529749
vt 0.830885 0.529147
vt 0.818650 0.551679
vt 0.826083 0.576202
vt 0.815921 0.575367
vt 0.829967 0.552940
vt 0.850020 0.555652
vt 0.800167 0.589336
vt 0.793099 0.576892
vt 0.792689 0.585986
vt 0.780177 0.585063
vt 0.779801 0.577760
vt 0.773122 0.579609
vt 0.773273 0.584331
vt 0.764383 0.564271
vt 0.792675 0.571757
vt 0.790589 0.575369
vt 0.778742 0.574612
vt 0.767962 0.575282
vt 0.768411 0.580029
vt 0.768272 0.583993
vt 0.785559 0.569328
vt 0.785726 0.571848
vt 0.784675 0.573452
vt 0.759029 0.570888
vt 0.762020 0.575365
vt 0.767005 0.577327
vt 0.764380 0.580332
vt 0.765193 0.587848
vt 0.767692 0.586524
vt 0.771722 0.588153
vt 0.778882 0.588708
vt 0.790449 0.589444
vt 0.795474 0.591627
vt 0.802948 0.595056
vt 0.761216 0.589578
vt 0.758347 0.593509
vt 0.784839 0.592826
vt 0.789156 0.594635
vt 0.790902 0.596686
vt 0.798081 0.595593
vt 0.791234 0.599101
vt 0.798478 0.600137
vt 0.789503 0.602766
vt 0.796362 0.605187
vt 0.783922 0.609985
vt 0.790040 0.612422
vt 0.799068 0.607180
vt 0.791922 0.614353
vt 0.775473 0.622497
vt 0.782791 0.625244
vt 0.781438 0.625270
vt 0.771175 0.648474
vt 0.798298 0.625944
vt 0.785030 0.630808
vt 0.781638 0.631926
vt 0.779791 0.653858
vt 0.783151 0.654686
vt 0.793370 0.683015
vt 0.807056 0.622123
vt 0.809508 0.659709
vt 0.797837 0.657786
vt 0.803398 0.601284
vt 0.819310 0.622318
vt 0.817777 0.661053
vt 0.806459 0.686813
vt 0.827139 0.623045
vt 0.725503 0.028026
vt 0.739897 0.020185
vt 0.756806 0.027814
vt 0.755771 0.025607
vt 0.783151 0.027635
vt 0.783481 0.025120
vt 0.808931 0.027461
vt 0.808635 0.025183
vt 0.835611 0.027280
vt 0.836398 0.025495
vt 0.863943 0.027088
vt 0.863436 0.025216
vt 0.893648 0.026886
vt 0.893757 0.024275
vt 0.921593 0.026697
vt 0.920954 0.023283
vt 0.935896 0.026600
vt 0.936619 0.023522
vt 0.959537 0.026440
vt 0.962245 0.019237
vt 0.988123 0.026246
vt 0.991891 0.018197
vt 0.606457 0.020789
vt 0.601818 0.028865
vt 0.586551 0.020458
vt 0.581843 0.028311
vt 0.735568 0.013346
vt 0.737499 0.011590
vt 0.738595 0.013861
vt 0.700811 0.028194
vt 0.676485 0.019358
vt 0.677244 0.028353
vt 0.649066 0.019974
vt 0.648396 0.028549
vt 0.626560 0.021065
vt 0.624234 0.028713
vt 0.773828 0.061771
vt 0.773012 0.059856
vt 0.746290 0.057662
vt 0.746817 0.061883
vt 0.366397 0.757283
vt 0.372972 0.756699
vt 0.364494 0.760919
vt 0.958907 0.026444
vt 0.958596 0.005121
vt 0.933812 0.005289
vt 0.986582 0.026256
vt 0.986928 0.004929
vt 0.500576 0.442777
vt 0.507435 0.434081
vt 0.503739 0.433887
vt 0.507418 0.421319
vt 0.504921 0.420665
vt 0.507403 0.409629
vt 0.505236 0.409681
vt 0.507362 0.379055
vt 0.501269 0.379099
vt 0.507322 0.349192
vt 0.492945 0.378402
vt 0.481830 0.377586
vt 0.491396 0.400963
vt 0.480063 0.399093
vt 0.483489 0.409524
vt 0.471338 0.408492
vt 0.474993 0.421539
vt 0.458970 0.421033
vt 0.459637 0.427163
vt 0.447020 0.429541
vt 0.461517 0.514291
vt 0.464415 0.511726
vt 0.461174 0.508083
vt 0.458481 0.508727
vt 0.458774 0.505287
vt 0.449547 0.504092
vt 0.451772 0.498145
vt 0.444568 0.493952
vt 0.449765 0.488138
vt 0.437881 0.477732
vt 0.443962 0.475318
vt 0.437706 0.464365
vt 0.443685 0.465755
vt 0.440202 0.457273
vt 0.436951 0.453597
vt 0.442575 0.454068
vt 0.439744 0.451702
vt 0.446282 0.451159
vt 0.444672 0.449072
vt 0.448362 0.449951
vt 0.603399 0.546773
vt 0.565077 0.554390
vt 0.587473 0.558095
vt 0.574428 0.546388
vt 0.612352 0.535545
vt 0.580767 0.537849
vt 0.611259 0.517842
vt 0.583380 0.522564
vt 0.604010 0.500205
vt 0.579459 0.509683
vt 0.598830 0.492370
vt 0.575351 0.501301
vt 0.587934 0.483493
vt 0.570461 0.493841
vt 0.577105 0.477609
vt 0.565249 0.488036
vt 0.571018 0.475205
vt 0.562842 0.484612
vt 0.567279 0.473418
vt 0.561155 0.481290
vt 0.563269 0.498046
vt 0.565509 0.503989
vt 0.566529 0.511327
vt 0.566120 0.521688
vt 0.564652 0.535312
vt 0.560279 0.543274
vt 0.553697 0.551097
vt 0.545562 0.559109
vt 0.537056 0.551934
vt 0.526950 0.557293
vt 0.524210 0.548114
vt 0.515348 0.551303
vt 0.514111 0.541070
vt 0.556286 0.505201
vt 0.556587 0.508640
vt 0.556676 0.516546
vt 0.554512 0.529811
vt 0.550974 0.537010
vt 0.545375 0.544320
vt 0.533222 0.543687
vt 0.521882 0.538644
vt 0.513805 0.533029
vt 0.520634 0.530882
vt 0.513739 0.527796
vt 0.483166 0.585871
vt 0.483785 0.584894
vt 0.461636 0.579857
vt 0.507351 0.587763
vt 0.482016 0.589247
vt 0.507382 0.590570
vt 0.481259 0.594126
vt 0.507514 0.595147
vt 0.480934 0.600927
vt 0.507565 0.601877
vt 0.480664 0.611527
vt 0.507564 0.612736
vt 0.507507 0.623853
vt 0.534456 0.611724
vt 0.531530 0.622980
vt 0.557470 0.609613
vt 0.554531 0.620933
vt 0.584834 0.605140
vt 0.582258 0.616747
vt 0.609400 0.599498
vt 0.461938 0.562350
vt 0.482909 0.564960
vt 0.469640 0.559177
vt 0.477207 0.568842
vt 0.445887 0.568104
vt 0.466643 0.575752
vt 0.437800 0.572497
vt 0.460206 0.581831
vt 0.458319 0.586654
vt 0.457180 0.592026
vt 0.456306 0.598989
vt 0.457702 0.609467
vt 0.483548 0.622825
vt 0.460702 0.620788
vt 0.430491 0.605277
vt 0.431346 0.594718
vt 0.432568 0.587292
vt 0.433420 0.581186
vt 0.435105 0.575819
vt 0.414368 0.561776
vt 0.433097 0.616879
vt 0.405910 0.599679
vt 0.406995 0.588430
vt 0.407524 0.580326
vt 0.407748 0.573318
vt 0.409450 0.566177
vt 0.390935 0.547678
vt 0.427726 0.558237
vt 0.411771 0.546944
vt 0.450112 0.554493
vt 0.440741 0.546507
vt 0.408445 0.612824
vt 0.381176 0.593729
vt 0.381767 0.581132
vt 0.357424 0.583650
vt 0.358035 0.601261
vt 0.385416 0.609001
vt 0.318466 0.589088
vt 0.320510 0.571344
vt 0.357251 0.570215
vt 0.322363 0.553884
vt 0.357221 0.558692
vt 0.324182 0.540306
vt 0.358146 0.545941
vt 0.326848 0.526720
vt 0.335874 0.499668
vt 0.360918 0.527713
vt 0.362762 0.475368
vt 0.379382 0.506912
vt 0.390030 0.487559
vt 0.403834 0.518027
vt 0.381658 0.571212
vt 0.380797 0.562313
vt 0.382202 0.552112
vt 0.379422 0.531621
vt 0.402788 0.535731
vt 0.320753 0.948162
vt 0.315873 0.943419
vt 0.328948 0.950176
vt 0.271329 0.949254
vt 0.274545 0.950545
vt 0.278034 0.958891
vt 0.274418 0.959738
vt 0.266904 0.947856
vt 0.269794 0.959918
vt 0.260649 0.946244
vt 0.263396 0.959655
vt 0.254704 0.944889
vt 0.256481 0.959206
vt 0.246776 0.942830
vt 0.247296 0.958289
vt 0.237547 0.940573
vt 0.235882 0.956958
vt 0.226579 0.937982
vt 0.223342 0.955157
vt 0.213626 0.935227
vt 0.308540 0.938109
vt 0.298442 0.931810
vt 0.286113 0.924683
vt 0.272159 0.918421
vt 0.256661 0.912696
vt 0.240284 0.907969
vt 0.223273 0.904009
vt 0.207469 0.894233
vt 0.227997 0.898173
vt 0.248340 0.903613
vt 0.266853 0.909944
vt 0.283348 0.916813
vt 0.297550 0.924029
vt 0.308745 0.930753
vt 0.318274 0.938206
vt 0.324784 0.944842
vt 0.470501 0.667980
vt 0.453344 0.667307
vt 0.438276 0.666412
vt 0.431932 0.639118
vt 0.452229 0.646713
vt 0.468963 0.650982
vt 0.487568 0.652322
vt 0.506267 0.652669
vt 0.523666 0.652654
vt 0.525915 0.664620
vt 0.541727 0.652160
vt 0.542391 0.663741
vt 0.558820 0.662393
vt 0.559667 0.650227
vt 0.576810 0.647818
vt 0.595118 0.644701
vt 0.613787 0.657402
vt 0.613168 0.640437
vt 0.630472 0.653921
vt 0.629037 0.633514
vt 0.648071 0.622627
vt 0.645140 0.650356
vt 0.207833 0.241395
vt 0.222888 0.263537
vt 0.232954 0.287535
vt 0.243250 0.260485
vt 0.248021 0.289701
vt 0.256692 0.263232
vt 0.263145 0.247264
vt 0.227013 0.245984
vt 0.247981 0.239466
vt 0.636897 0.243463
vt 0.670849 0.236583
vt 0.671908 0.217993
vt 0.674298 0.192686
vt 0.703056 0.194162
vt 0.707414 0.170417
vt 0.698673 0.215865
vt 0.695908 0.232291
vt 0.694184 0.248698
vt 0.670311 0.256411
vt 0.637720 0.267752
vt 0.692481 0.260684
vt 0.726140 0.253098
vt 0.729384 0.239943
vt 0.742122 0.196359
vt 0.747631 0.179178
vt 0.736554 0.213215
vt 0.732576 0.226442
vt 0.670043 0.272866
vt 0.641923 0.290380
vt 0.617787 0.303135
vt 0.599955 0.309324
vt 0.601810 0.319506
vt 0.434151 0.098153
vt 0.428520 0.076649
vt 0.428328 0.098153
vt 0.424389 0.075820
vt 0.422260 0.098153
vt 0.417093 0.098153
vt 0.434102 0.075112
vt 0.427529 0.061294
vt 0.421409 0.062998
vt 0.419471 0.074239
vt 0.415194 0.098153
vt 0.415761 0.070530
vt 0.412303 0.097514
vt 0.413417 0.071511
vt 0.410970 0.097514
vt 0.411456 0.069288
vt 0.408230 0.073920
vt 0.407319 0.097514
vt 0.402783 0.097514
vt 0.403246 0.072544
vt 0.398927 0.097514
vt 0.399653 0.066256
vt 0.439671 0.076558
vt 0.436231 0.064440
vt 0.432701 0.067848
vt 0.435368 0.058633
vt 0.443844 0.059928
vt 0.445565 0.077944
vt 0.453989 0.070524
vt 0.444711 0.068057
vt 0.440665 0.080132
vt 0.460424 0.098153
vt 0.458246 0.098153
vt 0.453349 0.077751
vt 0.449608 0.098153
vt 0.442244 0.098153
vt 0.725215 0.647795
vt 0.731437 0.670776
vt 0.747439 0.670776
vt 0.721898 0.656638
vt 0.720409 0.670776
vt 0.716785 0.656623
vt 0.710281 0.670776
vt 0.711974 0.655208
vt 0.712677 0.610995
vt 0.707641 0.654175
vt 0.704248 0.651750
vt 0.700241 0.645779
vt 0.692290 0.625879
vt 0.666405 0.670776
vt 0.684122 0.670776
vt 0.693257 0.670776
vt 0.701394 0.670776
vt 0.464331 0.052344
vt 0.467601 0.051598
vt 0.466058 0.054359
vt 0.475164 0.044060
vt 0.476862 0.047338
vt 0.473846 0.058132
vt 0.473438 0.052093
vt 0.471572 0.059049
vt 0.472476 0.054895
vt 0.478985 0.022260
vt 0.480422 0.022263
vt 0.475741 0.022257
vt 0.473002 0.041880
vt 0.471993 0.048310
vt 0.471576 0.050859
vt 0.469475 0.049428
vt 0.467039 0.044992
vt 0.466385 0.038629
vt 0.461943 0.043066
vt 0.459761 0.022264
vt 0.466193 0.022259
vt 0.469536 0.040535
vt 0.469460 0.046975
vt 0.469248 0.022256
vt 0.474611 0.083972
vt 0.481737 0.081281
vt 0.473614 0.073193
vt 0.478063 0.068446
vt 0.467713 0.098458
vt 0.466068 0.073882
vt 0.461820 0.098458
vt 0.469762 0.076695
vt 0.474823 0.098458
vt 0.471765 0.070501
vt 0.474140 0.065199
vt 0.479391 0.062330
vt 0.484282 0.073999
vt 0.489170 0.098458
vt 0.484799 0.098458
vt 0.471233 0.062538
vt 0.720181 0.650211
vt 0.724478 0.646221
vt 0.710985 0.611216
vt 0.707478 0.651687
vt 0.706637 0.670021
vt 0.712011 0.652072
vt 0.715254 0.670021
vt 0.699594 0.647529
vt 0.703767 0.650331
vt 0.688497 0.636140
vt 0.687972 0.670021
vt 0.696717 0.670021
vt 0.731026 0.670021
vt 0.748056 0.670021
vt 0.667453 0.670021
vt 0.421285 0.056481
vt 0.413036 0.047543
vt 0.410963 0.057353
vt 0.404517 0.051110
vt 0.400963 0.054697
vt 0.397018 0.022362
vt 0.401912 0.022362
vt 0.410400 0.022362
vt 0.421067 0.022362
vt 0.439649 0.046646
vt 0.432946 0.043658
vt 0.432480 0.048287
vt 0.423844 0.044504
vt 0.425169 0.057707
vt 0.422211 0.048483
vt 0.431729 0.022362
vt 0.440640 0.042580
vt 0.440758 0.050823
vt 0.458092 0.048752
vt 0.458596 0.022362
vt 0.454039 0.049919
vt 0.455553 0.022362
vt 0.451066 0.022362
vt 0.443713 0.051547
vt 0.449398 0.049159
vt 0.442912 0.046328
vt 0.441371 0.022362
vt 0.445043 0.022362
vt 0.450201 0.053902
vt 0.696035 0.646097
vt 0.699974 0.646299
vt 0.703351 0.647242
vt 0.726763 0.641485
vt 0.732556 0.670045
vt 0.747486 0.670045
vt 0.721608 0.646694
vt 0.708949 0.613736
vt 0.715778 0.647122
vt 0.709198 0.646789
vt 0.686180 0.634802
vt 0.684555 0.670045
vt 0.691969 0.670045
vt 0.700707 0.670045
vt 0.711760 0.670045
vt 0.722293 0.670045
vt 0.666437 0.670045
vt 0.091818 0.214912
vt 0.088790 0.207892
vt 0.076943 0.222286
vt 0.074703 0.216150
vt 0.085153 0.200926
vt 0.036372 0.198014
vt 0.046249 0.191253
vt 0.042230 0.182752
vt 0.056773 0.182049
vt 0.071288 0.209181
vt 0.067458 0.201539
vt 0.062145 0.191951
vt 0.050668 0.200145
vt 0.040240 0.207556
vt 0.046647 0.221903
vt 0.058685 0.216374
vt 0.055127 0.209225
vt 0.061960 0.222840
vt 0.050754 0.227970
vt 0.038581 0.233489
vt 0.034533 0.228882
vt 0.043366 0.216092
vt 0.027447 0.239212
vt 0.040435 0.240651
vt 0.054839 0.234923
vt 0.065052 0.227876
vt 0.027452 0.244410
vt 0.558412 0.064557
vt 0.558440 0.098458
vt 0.555981 0.064632
vt 0.555225 0.098458
vt 0.554045 0.065067
vt 0.553797 0.098458
vt 0.553630 0.065948
vt 0.553295 0.065168
vt 0.551046 0.065051
vt 0.551252 0.098458
vt 0.548880 0.098458
vt 0.548526 0.065621
vt 0.547590 0.066702
vt 0.548308 0.098458
vt 0.546887 0.065934
vt 0.547255 0.098458
vt 0.544626 0.098458
vt 0.544112 0.065564
vt 0.541445 0.065702
vt 0.541681 0.098458
vt 0.539835 0.067049
vt 0.541346 0.098458
vt 0.540886 0.098458
vt 0.538545 0.066457
vt 0.535564 0.068436
vt 0.538155 0.098458
vt 0.531978 0.070199
vt 0.536880 0.098333
vt 0.532266 0.077971
vt 0.535372 0.098458
vt 0.528988 0.082417
vt 0.530228 0.098458
vt 0.507471 0.069836
vt 0.503663 0.065683
vt 0.507674 0.065535
vt 0.511919 0.070455
vt 0.512036 0.066220
vt 0.512617 0.070424
vt 0.512771 0.067169
vt 0.513377 0.070507
vt 0.513597 0.066487
vt 0.518028 0.071145
vt 0.518082 0.066943
vt 0.522146 0.070942
vt 0.522223 0.068436
vt 0.523177 0.071329
vt 0.523149 0.069132
vt 0.524077 0.071145
vt 0.524039 0.068600
vt 0.528880 0.071636
vt 0.527762 0.068807
vt 0.531574 0.072973
vt 0.524122 0.080447
vt 0.523376 0.078489
vt 0.522653 0.079033
vt 0.524478 0.098458
vt 0.522891 0.098458
vt 0.522220 0.098458
vt 0.518102 0.081821
vt 0.518008 0.098458
vt 0.512947 0.081044
vt 0.512536 0.098458
vt 0.512181 0.080271
vt 0.511243 0.098458
vt 0.511467 0.080959
vt 0.510108 0.098458
vt 0.506554 0.080809
vt 0.504767 0.098458
vt 0.502632 0.077041
vt 0.501947 0.098458
vt 0.503618 0.068487
vt 0.502853 0.068390
vt 0.502331 0.076358
vt 0.502019 0.067502
vt 0.501665 0.077927
vt 0.497509 0.068630
vt 0.497700 0.080009
vt 0.495505 0.072167
vt 0.500809 0.098458
vt 0.499754 0.098458
vt 0.496451 0.098458
vt 0.495046 0.076539
vt 0.494764 0.070377
vt 0.498172 0.064135
vt 0.501855 0.063650
vt 0.502828 0.065494
vt 0.490249 0.098458
vt 0.492645 0.098458
vt 0.496744 0.021916
vt 0.489432 0.021916
vt 0.494560 0.041086
vt 0.490619 0.041485
vt 0.484019 0.021916
vt 0.481804 0.021733
vt 0.485111 0.050263
vt 0.502083 0.021916
vt 0.497394 0.042856
vt 0.495220 0.051765
vt 0.493401 0.048885
vt 0.490806 0.050281
vt 0.488521 0.052423
vt 0.487841 0.057295
vt 0.503502 0.021916
vt 0.498934 0.050742
vt 0.495443 0.055939
vt 0.492665 0.057847
vt 0.493730 0.055788
vt 0.492720 0.055701
vt 0.491164 0.055389
vt 0.490624 0.056671
vt 0.490497 0.058146
vt 0.479761 0.474552
vt 0.481982 0.476010
vt 0.482268 0.471962
vt 0.478323 0.471674
vt 0.475166 0.477930
vt 0.482804 0.469719
vt 0.472381 0.475329
vt 0.476222 0.470154
vt 0.482081 0.467569
vt 0.490508 0.468742
vt 0.485855 0.469624
vt 0.484601 0.471856
vt 0.482799 0.473478
vt 0.483309 0.477309
vt 0.481836 0.481786
vt 0.478536 0.480330
vt 0.476408 0.483236
vt 0.486437 0.472539
vt 0.487977 0.470090
vt 0.492100 0.472287
vt 0.500551 0.471251
vt 0.498857 0.474409
vt 0.507436 0.475145
vt 0.498449 0.476639
vt 0.507411 0.477291
vt 0.498296 0.477998
vt 0.507411 0.478541
vt 0.498266 0.480213
vt 0.507416 0.480658
vt 0.499151 0.484798
vt 0.507449 0.485413
vt 0.500537 0.488773
vt 0.507502 0.491201
vt 0.501235 0.490560
vt 0.507531 0.491912
vt 0.492415 0.488232
vt 0.490695 0.483610
vt 0.489847 0.478601
vt 0.485343 0.482961
vt 0.485210 0.477234
vt 0.484137 0.477279
vt 0.483772 0.475972
vt 0.483926 0.477813
vt 0.483807 0.475990
vt 0.483754 0.476246
vt 0.483926 0.473242
vt 0.490157 0.475818
vt 0.490848 0.474204
vt 0.485511 0.474205
vt 0.474979 0.469462
vt 0.481246 0.466791
vt 0.478026 0.463645
vt 0.487705 0.461823
vt 0.489915 0.466616
vt 0.498595 0.460643
vt 0.500038 0.467665
vt 0.507522 0.460372
vt 0.507534 0.467693
vt 0.515073 0.467697
vt 0.516474 0.460657
vt 0.525132 0.466639
vt 0.527240 0.461788
vt 0.533711 0.466744
vt 0.536923 0.463593
vt 0.539985 0.469404
vt 0.542987 0.466963
vt 0.544692 0.474647
vt 0.548592 0.472312
vt 0.551692 0.478597
vt 0.556990 0.474601
vt 0.551472 0.485161
vt 0.555422 0.485585
vt 0.554013 0.490734
vt 0.554683 0.492455
vt 0.553029 0.495014
vt 0.552859 0.496304
vt 0.551342 0.497868
vt 0.551189 0.498977
vt 0.550000 0.499654
vt 0.551263 0.500185
vt 0.550020 0.500611
vt 0.550166 0.502225
vt 0.552790 0.497755
vt 0.554614 0.494069
vt 0.557615 0.487166
vt 0.560519 0.478437
vt 0.558447 0.488687
vt 0.559321 0.490891
vt 0.560127 0.492754
vt 0.554627 0.495904
vt 0.554916 0.498005
vt 0.555666 0.501298
vt 0.552931 0.499322
vt 0.553446 0.501958
vt 0.553823 0.505186
vt 0.553893 0.508001
vt 0.553567 0.514209
vt 0.550833 0.524737
vt 0.546628 0.531057
vt 0.540647 0.537483
vt 0.529945 0.534878
vt 0.551590 0.502243
vt 0.551748 0.504850
vt 0.551577 0.507119
vt 0.550661 0.511649
vt 0.547180 0.519229
vt 0.542667 0.524477
vt 0.537273 0.530249
vt 0.527828 0.527467
vt 0.534842 0.523463
vt 0.539496 0.518809
vt 0.543990 0.514622
vt 0.548100 0.509213
vt 0.549617 0.505974
vt 0.550044 0.504223
vt 0.520030 0.525617
vt 0.526693 0.522361
vt 0.533125 0.518538
vt 0.538190 0.514804
vt 0.541520 0.511212
vt 0.545993 0.507137
vt 0.547949 0.504754
vt 0.548617 0.503391
vt 0.549069 0.501913
vt 0.549196 0.500739
vt 0.547859 0.501180
vt 0.547059 0.502198
vt 0.546089 0.503265
vt 0.543823 0.505247
vt 0.539258 0.508823
vt 0.536174 0.512000
vt 0.531144 0.515443
vt 0.525036 0.519102
vt 0.534446 0.510390
vt 0.529270 0.513605
vt 0.538170 0.507656
vt 0.542453 0.504339
vt 0.544859 0.502614
vt 0.545937 0.501684
vt 0.546868 0.500746
vt 0.548276 0.500427
vt 0.549252 0.499929
vt 0.550209 0.498784
vt 0.484255 0.516711
vt 0.481670 0.511131
vt 0.479884 0.512923
vt 0.486279 0.515004
vt 0.490016 0.520665
vt 0.491742 0.518970
vt 0.496245 0.523862
vt 0.497425 0.522031
vt 0.502143 0.525398
vt 0.502644 0.523348
vt 0.507738 0.525446
vt 0.507517 0.523196
vt 0.512287 0.522058
vt 0.513157 0.524396
vt 0.517391 0.520015
vt 0.518792 0.522263
vt 0.523262 0.517022
vt 0.507573 0.528760
vt 0.507259 0.533915
vt 0.506891 0.542046
vt 0.506634 0.552620
vt 0.517054 0.561085
vt 0.530851 0.564252
vt 0.553272 0.562269
vt 0.506669 0.562656
vt 0.569339 0.567994
vt 0.600841 0.561611
vt 0.537589 0.568234
vt 0.519319 0.568410
vt 0.507124 0.570006
vt 0.496092 0.561765
vt 0.497713 0.551985
vt 0.499449 0.541713
vt 0.500601 0.533664
vt 0.501288 0.528514
vt 0.486616 0.529135
vt 0.494798 0.526865
vt 0.488040 0.523831
vt 0.493675 0.532123
vt 0.491559 0.540071
vt 0.488744 0.549664
vt 0.485040 0.558857
vt 0.494813 0.568791
vt 0.491979 0.573144
vt 0.486448 0.580882
vt 0.463487 0.507197
vt 0.466970 0.509285
vt 0.471094 0.514687
vt 0.467917 0.519300
vt 0.474589 0.518946
vt 0.472443 0.524539
vt 0.480481 0.525046
vt 0.476969 0.530971
vt 0.483097 0.536783
vt 0.480500 0.545383
vt 0.475980 0.553094
vt 0.461484 0.551179
vt 0.469788 0.544387
vt 0.472335 0.537333
vt 0.468500 0.531126
vt 0.464278 0.524814
vt 0.454881 0.543368
vt 0.464170 0.537088
vt 0.460613 0.529895
vt 0.458414 0.516633
vt 0.448546 0.511432
vt 0.439698 0.501422
vt 0.427068 0.483636
vt 0.429429 0.465517
vt 0.434379 0.537980
vt 0.450487 0.535414
vt 0.448983 0.521793
vt 0.341890 0.449120
vt 0.338618 0.425883
vt 0.333527 0.452626
vt 0.350747 0.423876
vt 0.355329 0.395494
vt 0.360021 0.443794
vt 0.377178 0.464083
vt 0.399130 0.477313
vt 0.411036 0.500377
vt 0.431725 0.522699
vt 0.435613 0.509811
vt 0.416195 0.492533
vt 0.413230 0.469586
vt 0.391589 0.456757
vt 0.377061 0.442306
vt 0.368293 0.424674
vt 0.370852 0.399692
vt 0.372546 0.372479
vt 0.407693 0.454917
vt 0.392483 0.443080
vt 0.384056 0.429891
vt 0.384353 0.407061
vt 0.397203 0.378777
vt 0.401957 0.356835
vt 0.414168 0.353859
vt 0.421010 0.365916
vt 0.427220 0.346367
vt 0.410244 0.390691
vt 0.397555 0.416704
vt 0.396742 0.434838
vt 0.408864 0.446341
vt 0.426110 0.455366
vt 0.446324 0.356140
vt 0.438074 0.330531
vt 0.434472 0.381986
vt 0.421772 0.403502
vt 0.409190 0.425272
vt 0.412470 0.440409
vt 0.426598 0.449644
vt 0.433610 0.454802
vt 0.458394 0.331495
vt 0.463274 0.353124
vt 0.455692 0.377964
vt 0.445629 0.398039
vt 0.431768 0.415152
vt 0.422765 0.432593
vt 0.428540 0.444606
vt 0.432979 0.450038
vt 0.436282 0.449573
vt 0.472671 0.330467
vt 0.476746 0.351834
vt 0.470156 0.377499
vt 0.466243 0.397121
vt 0.452666 0.409517
vt 0.440843 0.424683
vt 0.434973 0.436563
vt 0.435440 0.445557
vt 0.438042 0.445804
vt 0.439259 0.448492
vt 0.440119 0.438209
vt 0.442937 0.439217
vt 0.441138 0.445898
vt 0.445038 0.447355
vt 0.447323 0.448613
vt 0.450175 0.449009
vt 0.452005 0.449595
vt 0.450831 0.450509
vt 0.449346 0.432189
vt 0.450767 0.434670
vt 0.445705 0.440065
vt 0.445611 0.445282
vt 0.447572 0.447254
vt 0.449446 0.448035
vt 0.458151 0.446968
vt 0.454592 0.450331
vt 0.454072 0.451390
vt 0.448982 0.452410
vt 0.449521 0.447087
vt 0.448523 0.445651
vt 0.448636 0.441917
vt 0.452027 0.436513
vt 0.460261 0.432918
vt 0.460324 0.430863
vt 0.473951 0.429450
vt 0.485352 0.423673
vt 0.493029 0.411286
vt 0.459948 0.435902
vt 0.453396 0.439903
vt 0.469211 0.434602
vt 0.470141 0.433718
vt 0.482117 0.433801
vt 0.492679 0.426241
vt 0.500158 0.416894
vt 0.500236 0.406401
vt 0.450478 0.445844
vt 0.450743 0.443292
vt 0.498962 0.431340
vt 0.487258 0.438258
vt 0.476766 0.438401
vt 0.475106 0.439452
vt 0.466869 0.437217
vt 0.459235 0.439070
vt 0.454820 0.442527
vt 0.452639 0.444649
vt 0.471792 0.441310
vt 0.477825 0.444143
vt 0.465165 0.439867
vt 0.458731 0.442271
vt 0.455585 0.443757
vt 0.458545 0.443296
vt 0.461811 0.443483
vt 0.462515 0.442749
vt 0.465326 0.444593
vt 0.469421 0.442854
vt 0.471618 0.445765
vt 0.474118 0.445067
vt 0.474729 0.447776
vt 0.478646 0.447302
vt 0.465946 0.449245
vt 0.466728 0.449757
vt 0.466001 0.448297
vt 0.467243 0.448831
vt 0.471490 0.451507
vt 0.472314 0.449659
vt 0.473520 0.452441
vt 0.474399 0.449862
vt 0.475820 0.452906
vt 0.477588 0.449626
vt 0.485773 0.449790
vt 0.481657 0.446700
vt 0.480712 0.443660
vt 0.468578 0.455046
vt 0.469361 0.456054
vt 0.466897 0.453396
vt 0.464586 0.451549
vt 0.463957 0.450773
vt 0.465912 0.447408
vt 0.467252 0.447798
vt 0.472356 0.447974
vt 0.466773 0.446346
vt 0.465404 0.446494
vt 0.464134 0.445040
vt 0.546267 0.459691
vt 0.538563 0.454048
vt 0.538558 0.455923
vt 0.546460 0.457862
vt 0.545568 0.455986
vt 0.552371 0.458423
vt 0.546348 0.454977
vt 0.552440 0.456699
vt 0.548025 0.453324
vt 0.552834 0.454055
vt 0.550330 0.451473
vt 0.553587 0.452402
vt 0.550958 0.450695
vt 0.553842 0.451207
vt 0.556753 0.446881
vt 0.556811 0.450978
vt 0.560321 0.450237
vt 0.560844 0.451295
vt 0.564083 0.450409
vt 0.565937 0.452306
vt 0.547655 0.447727
vt 0.542598 0.449597
vt 0.547666 0.448760
vt 0.548993 0.447334
vt 0.548906 0.448223
vt 0.548965 0.449171
vt 0.548184 0.449684
vt 0.543426 0.451443
vt 0.541399 0.452381
vt 0.539100 0.452850
vt 0.529139 0.449751
vt 0.537324 0.449573
vt 0.536260 0.447251
vt 0.540514 0.449803
vt 0.506717 0.057021
vt 0.512323 0.057021
vt 0.504253 0.051663
vt 0.515315 0.052921
vt 0.504356 0.039466
vt 0.515418 0.040518
vt 0.504356 0.021761
vt 0.525410 0.057021
vt 0.517370 0.057021
vt 0.528790 0.052921
vt 0.560189 0.021761
vt 0.555685 0.021761
vt 0.558994 0.040450
vt 0.547192 0.021761
vt 0.555685 0.038780
vt 0.557452 0.052921
vt 0.515315 0.021761
vt 0.528790 0.043216
vt 0.532212 0.052921
vt 0.532212 0.057069
vt 0.542050 0.057069
vt 0.542050 0.052921
vt 0.544188 0.056127
vt 0.544188 0.052921
vt 0.547192 0.057069
vt 0.547192 0.052921
vt 0.555685 0.057069
vt 0.555685 0.052921
vt 0.547192 0.038518
vt 0.544188 0.021761
vt 0.532212 0.021761
vt 0.528790 0.021761
vt 0.544188 0.039027
vt 0.542050 0.039388
vt 0.532212 0.041205
vt 0.542050 0.021761
vt 0.531129 0.487582
vt 0.532669 0.486990
vt 0.533161 0.481741
vt 0.531728 0.482331
vt 0.530119 0.487861
vt 0.529709 0.490630
vt 0.536025 0.485146
vt 0.536457 0.480279
vt 0.535217 0.474503
vt 0.531676 0.477266
vt 0.530536 0.482643
vt 0.530284 0.482684
vt 0.529500 0.488115
vt 0.528702 0.488369
vt 0.521797 0.490081
vt 0.528911 0.492136
vt 0.521286 0.491596
vt 0.528305 0.493369
vt 0.520917 0.492835
vt 0.527832 0.494436
vt 0.520623 0.493945
vt 0.527428 0.495410
vt 0.520367 0.494944
vt 0.513286 0.493883
vt 0.513189 0.494863
vt 0.526874 0.496973
vt 0.519967 0.497545
vt 0.526787 0.498073
vt 0.532671 0.498089
vt 0.532872 0.497108
vt 0.527118 0.496208
vt 0.533217 0.496424
vt 0.533683 0.495670
vt 0.534377 0.494661
vt 0.535205 0.493421
vt 0.536052 0.491697
vt 0.536640 0.489169
vt 0.538593 0.483181
vt 0.538008 0.497860
vt 0.538257 0.497015
vt 0.538645 0.496414
vt 0.539199 0.495679
vt 0.539953 0.494538
vt 0.540870 0.492977
vt 0.541847 0.490614
vt 0.541336 0.497715
vt 0.541650 0.496859
vt 0.542042 0.496227
vt 0.542587 0.495469
vt 0.543363 0.494215
vt 0.544330 0.492427
vt 0.546202 0.497900
vt 0.546718 0.497044
vt 0.547145 0.496481
vt 0.547618 0.495722
vt 0.548348 0.494371
vt 0.549344 0.498370
vt 0.549798 0.498037
vt 0.550190 0.497717
vt 0.550671 0.496972
vt 0.549368 0.498458
vt 0.549604 0.498622
vt 0.550047 0.498556
vt 0.548594 0.498696
vt 0.549040 0.499066
vt 0.547943 0.499334
vt 0.547435 0.500035
vt 0.548575 0.499728
vt 0.549543 0.499177
vt 0.550646 0.497961
vt 0.551495 0.495645
vt 0.549243 0.492392
vt 0.545401 0.489710
vt 0.551657 0.496801
vt 0.552612 0.493653
vt 0.550362 0.489453
vt 0.546101 0.485783
vt 0.542474 0.487092
vt 0.546185 0.480411
vt 0.542774 0.481652
vt 0.542599 0.475267
vt 0.538744 0.470098
vt 0.532878 0.467524
vt 0.524597 0.468792
vt 0.539821 0.477873
vt 0.536648 0.471622
vt 0.532161 0.469675
vt 0.529110 0.469585
vt 0.526989 0.470056
vt 0.522887 0.472289
vt 0.514485 0.471255
vt 0.515996 0.474258
vt 0.532703 0.471917
vt 0.530369 0.471815
vt 0.528535 0.472502
vt 0.524037 0.474227
vt 0.516319 0.476484
vt 0.507499 0.471644
vt 0.516483 0.477835
vt 0.524773 0.475820
vt 0.514431 0.488787
vt 0.515698 0.484669
vt 0.516544 0.480059
vt 0.525066 0.478583
vt 0.529466 0.474166
vt 0.531048 0.473200
vt 0.532176 0.473434
vt 0.533000 0.475965
vt 0.529774 0.477194
vt 0.531209 0.475929
vt 0.531175 0.475948
vt 0.531229 0.476204
vt 0.531061 0.477772
vt 0.522491 0.488152
vt 0.524072 0.483528
vt 0.529657 0.482922
vt 0.530849 0.477237
vt 0.513790 0.490528
vt 0.513558 0.491779
vt 0.513422 0.492852
vt 0.520015 0.496395
vt 0.520164 0.495725
vt 0.513155 0.495666
vt 0.513175 0.496345
vt 0.507531 0.495830
vt 0.507532 0.496646
vt 0.507524 0.494996
vt 0.507517 0.494116
vt 0.507517 0.493346
vt 0.507524 0.492617
vt 0.501479 0.491834
vt 0.501603 0.492904
vt 0.501741 0.493902
vt 0.501854 0.494837
vt 0.501909 0.495609
vt 0.501908 0.496292
vt 0.507484 0.497459
vt 0.513323 0.497339
vt 0.501692 0.497215
vt 0.495061 0.496307
vt 0.495043 0.497282
vt 0.488163 0.497008
vt 0.488254 0.498107
vt 0.482370 0.498134
vt 0.482166 0.497153
vt 0.477032 0.497914
vt 0.476780 0.497069
vt 0.473703 0.497775
vt 0.473387 0.496919
vt 0.468838 0.497969
vt 0.468320 0.497114
vt 0.465697 0.498444
vt 0.493762 0.491636
vt 0.494104 0.492886
vt 0.494391 0.493997
vt 0.494664 0.494972
vt 0.494896 0.495703
vt 0.487918 0.496243
vt 0.481819 0.496470
vt 0.476391 0.496469
vt 0.472994 0.496288
vt 0.486724 0.493406
vt 0.487199 0.494472
vt 0.487605 0.495446
vt 0.480655 0.494709
vt 0.481351 0.495717
vt 0.475835 0.495736
vt 0.466003 0.499140
vt 0.466448 0.498769
vt 0.465438 0.498696
vt 0.465673 0.498533
vt 0.465242 0.498112
vt 0.467891 0.496551
vt 0.472447 0.495532
vt 0.475079 0.494596
vt 0.479823 0.493470
vt 0.486114 0.492173
vt 0.493240 0.490134
vt 0.467416 0.495793
vt 0.464850 0.497793
vt 0.471668 0.494279
vt 0.474157 0.493037
vt 0.478972 0.491748
vt 0.485312 0.490670
vt 0.486313 0.488407
vt 0.484716 0.482724
vt 0.484463 0.482684
vt 0.478981 0.485197
vt 0.482343 0.487034
vt 0.483884 0.487624
vt 0.484894 0.487901
vt 0.483271 0.482373
vt 0.485514 0.488154
vt 0.469617 0.489777
vt 0.470695 0.492492
vt 0.473173 0.490676
vt 0.472537 0.487154
vt 0.478377 0.489220
vt 0.472223 0.481715
vt 0.466682 0.494443
vt 0.464366 0.497049
vt 0.463539 0.495723
vt 0.465783 0.492467
vt 0.468808 0.480480
vt 0.468907 0.485852
vt 0.464655 0.489529
vt 0.462416 0.493734
vt 0.463381 0.496880
vt 0.464394 0.498037
vt 0.464995 0.498632
vt 0.470286 0.474713
vt 0.463297 0.478676
vt 0.463535 0.485239
vt 0.461008 0.490816
vt 0.462003 0.495095
vt 0.465982 0.501987
vt 0.467190 0.501251
vt 0.465852 0.500813
vt 0.465028 0.500686
vt 0.465044 0.499729
vt 0.463854 0.499054
vt 0.463697 0.497946
vt 0.462176 0.496384
vt 0.460342 0.492539
vt 0.459586 0.485671
vt 0.457988 0.474689
vt 0.466380 0.472385
vt 0.471971 0.467026
vt 0.464833 0.498860
vt 0.465501 0.499252
vt 0.466771 0.500500
vt 0.468180 0.500816
vt 0.467611 0.500106
vt 0.466470 0.499801
vt 0.467101 0.499406
vt 0.465793 0.500003
vt 0.467992 0.502268
vt 0.469113 0.501752
vt 0.468965 0.503334
vt 0.470193 0.502681
vt 0.471236 0.505311
vt 0.472605 0.504401
vt 0.475949 0.509326
vt 0.477633 0.507973
vt 0.481518 0.519980
vt 0.477489 0.515334
vt 0.473556 0.511272
vt 0.469072 0.507205
vt 0.467109 0.504826
vt 0.466438 0.503464
vt 0.462250 0.497836
vt 0.463783 0.500263
vt 0.464885 0.502301
vt 0.465013 0.504299
vt 0.465444 0.506049
vt 0.463310 0.504928
vt 0.463461 0.502322
vt 0.462113 0.499403
vt 0.460408 0.495987
vt 0.460416 0.494153
vt 0.456569 0.488778
vt 0.457397 0.487255
vt 0.454470 0.478531
vt 0.453841 0.481386
vt 0.450597 0.471433
vt 0.447696 0.473525
vt 0.448223 0.465649
vt 0.461236 0.505268
vt 0.461605 0.502039
vt 0.460124 0.498089
vt 0.455700 0.490983
vt 0.452163 0.484711
vt 0.459383 0.501384
vt 0.454899 0.492848
vt 0.446697 0.455717
vt 0.445200 0.459539
vt 0.462707 0.468242
vt 0.455099 0.467727
vt 0.460624 0.462926
vt 0.455009 0.463628
vt 0.453035 0.453513
vt 0.451257 0.456902
vt 0.450125 0.460285
vt 0.462089 0.454136
vt 0.461333 0.452484
vt 0.461074 0.451289
vt 0.458104 0.451066
vt 0.458057 0.452114
vt 0.457712 0.454204
vt 0.457514 0.457178
vt 0.456938 0.459794
vt 0.460727 0.460403
vt 0.469462 0.463433
vt 0.468671 0.459760
vt 0.468473 0.457931
vt 0.462564 0.458503
vt 0.462491 0.456779
vt 0.507459 0.451700
vt 0.495755 0.452905
vt 0.484228 0.456323
vt 0.475674 0.459776
vt 0.476371 0.455978
vt 0.476361 0.454104
vt 0.539264 0.459719
vt 0.530702 0.456282
vt 0.519165 0.452885
vt 0.519649 0.449352
vt 0.530252 0.452745
vt 0.518845 0.447669
vt 0.507453 0.447313
vt 0.495262 0.449374
vt 0.484668 0.452785
vt 0.496062 0.447689
vt 0.507452 0.446542
vt 0.493919 0.443469
vt 0.564372 0.471332
vt 0.559861 0.467634
vt 0.552254 0.468163
vt 0.545486 0.463365
vt 0.514318 0.442765
vt 0.507446 0.441858
vt 0.615855 0.477120
vt 0.601735 0.469418
vt 0.585524 0.465378
vt 0.577244 0.464240
vt 0.571269 0.465641
vt 0.566731 0.465543
vt 0.559939 0.463535
vt 0.554323 0.462842
vt 0.574730 0.457154
vt 0.568231 0.455609
vt 0.569738 0.459428
vt 0.561887 0.453416
vt 0.563673 0.456802
vt 0.564815 0.460183
vt 0.554213 0.460320
vt 0.558000 0.459704
vt 0.557418 0.457089
vt 0.557212 0.454116
vt 0.556861 0.452026
vt 0.572348 0.453952
vt 0.568634 0.451050
vt 0.575173 0.451582
vt 0.577971 0.453471
vt 0.578630 0.449447
vt 0.581315 0.454671
vt 0.581934 0.449906
vt 0.588314 0.449501
vt 0.586358 0.444465
vt 0.602417 0.440240
vt 0.592101 0.432443
vt 0.605657 0.425097
vt 0.583052 0.415017
vt 0.593017 0.403349
vt 0.569146 0.397929
vt 0.580260 0.381856
vt 0.559029 0.377872
vt 0.568339 0.356031
vt 0.575649 0.448371
vt 0.573763 0.445780
vt 0.569868 0.447244
vt 0.570237 0.448961
vt 0.567585 0.448506
vt 0.566551 0.449845
vt 0.564735 0.448907
vt 0.562907 0.449496
vt 0.569289 0.445172
vt 0.567333 0.447147
vt 0.565462 0.447931
vt 0.576859 0.445680
vt 0.571947 0.439102
vt 0.562259 0.444552
vt 0.559311 0.443665
vt 0.556349 0.443209
vt 0.553085 0.443401
vt 0.552379 0.442669
vt 0.556161 0.442185
vt 0.560073 0.442433
vt 0.564151 0.443192
vt 0.564424 0.445742
vt 0.565383 0.446984
vt 0.566378 0.445546
vt 0.566255 0.441812
vt 0.561489 0.439807
vt 0.555649 0.438984
vt 0.549721 0.439792
vt 0.545473 0.442787
vt 0.549572 0.444518
vt 0.550766 0.444963
vt 0.549500 0.446420
vt 0.543283 0.445701
vt 0.548129 0.446274
vt 0.542551 0.447912
vt 0.540178 0.447718
vt 0.540781 0.445008
vt 0.543098 0.441246
vt 0.548010 0.437144
vt 0.554927 0.435818
vt 0.562849 0.436415
vt 0.569181 0.439955
vt 0.564105 0.434569
vt 0.554606 0.432834
vt 0.545661 0.434534
vt 0.539779 0.439395
vt 0.537073 0.444090
vt 0.534184 0.443612
vt 0.538116 0.438347
vt 0.544729 0.433652
vt 0.554538 0.430779
vt 0.509570 0.409677
vt 0.509914 0.420661
vt 0.511132 0.433880
vt 0.520977 0.443445
vt 0.533247 0.446654
vt 0.527624 0.438222
vt 0.532753 0.433756
vt 0.540908 0.429390
vt 0.515902 0.431325
vt 0.514667 0.416881
vt 0.522170 0.426215
vt 0.529491 0.423634
vt 0.521781 0.411260
vt 0.514561 0.406388
vt 0.513455 0.379088
vt 0.579460 0.445429
vt 0.574763 0.438089
vt 0.565519 0.432086
vt 0.555215 0.427078
vt 0.539844 0.421481
vt 0.531316 0.409482
vt 0.523387 0.400934
vt 0.521777 0.378376
vt 0.579903 0.436434
vt 0.567838 0.429434
vt 0.555865 0.420947
vt 0.543464 0.408428
vt 0.534715 0.399044
vt 0.532890 0.377541
vt 0.537906 0.351780
vt 0.544564 0.377432
vt 0.548529 0.397047
vt 0.562139 0.409419
vt 0.574002 0.424565
vt 0.551382 0.353046
vt 0.556204 0.331408
vt 0.541924 0.330406
vt 0.507299 0.331853
vt 0.576521 0.330408
vt 0.637772 0.463852
vt 0.637831 0.442074
vt 0.623341 0.456551
vt 0.654875 0.443532
vt 0.652217 0.475110
vt 0.673020 0.448825
vt 0.679172 0.499363
vt 0.681392 0.452316
vt 0.676230 0.425583
vt 0.664096 0.423598
vt 0.659438 0.395223
vt 0.643926 0.399449
vt 0.642160 0.372239
vt 0.617521 0.378581
vt 0.612708 0.356648
vt 0.600489 0.353693
vt 0.593679 0.365763
vt 0.587417 0.346225
vt 0.604511 0.390519
vt 0.617269 0.416509
vt 0.630445 0.406843
vt 0.646552 0.424426
vt 0.630803 0.429672
vt 0.618130 0.434641
vt 0.622411 0.442875
vt 0.606039 0.446166
vt 0.624237 0.547470
vt 0.635707 0.531393
vt 0.635681 0.506684
vt 0.624982 0.487350
vt 0.588816 0.455221
vt 0.607233 0.454740
vt 0.632982 0.551888
vt 0.654201 0.527454
vt 0.657021 0.545676
vt 0.690973 0.539980
vt 0.688270 0.526399
vt 0.606900 0.612647
vt 0.634118 0.593504
vt 0.629918 0.608784
vt 0.657843 0.583382
vt 0.657278 0.600993
vt 0.696819 0.588746
vt 0.694727 0.571008
vt 0.657981 0.569947
vt 0.692828 0.553553
vt 0.657979 0.558424
vt 0.634414 0.562087
vt 0.605771 0.566002
vt 0.534195 0.600998
vt 0.533828 0.594159
vt 0.558793 0.599122
vt 0.557913 0.592130
vt 0.583951 0.594582
vt 0.607491 0.573140
vt 0.580142 0.575690
vt 0.633576 0.570987
vt 0.633493 0.580909
vt 0.608285 0.588251
vt 0.507490 0.574711
vt 0.522857 0.572879
vt 0.548564 0.575462
vt 0.577438 0.572373
vt 0.582709 0.587158
vt 0.607734 0.580148
vt 0.581841 0.581054
vt 0.554800 0.582233
vt 0.553452 0.580172
vt 0.528802 0.580643
vt 0.507674 0.582793
vt 0.532838 0.589355
vt 0.556620 0.586781
vt 0.531628 0.586175
vt 0.531161 0.585161
vt 0.507463 0.586909
vt 0.414584 0.309489
vt 0.396736 0.303331
vt 0.412757 0.319674
vt 0.376709 0.267984
vt 0.377468 0.243693
vt 0.272117 0.196777
vt 0.306757 0.170773
vt 0.266563 0.179606
vt 0.311178 0.194510
vt 0.277731 0.213623
vt 0.284971 0.240338
vt 0.288250 0.253487
vt 0.321929 0.261013
vt 0.372566 0.290620
vt 0.344088 0.256701
vt 0.344400 0.273156
vt 0.320194 0.249030
vt 0.318427 0.232627
vt 0.281743 0.226843
vt 0.315618 0.216206
vt 0.339931 0.192983
vt 0.342388 0.218286
vt 0.343497 0.236875
vt 0.045413 0.961115
vt 0.066995 0.934068
vt 0.052377 0.932193
vt 0.055044 0.960886
vt 0.099891 0.945163
vt 0.067650 0.987123
vt 0.053087 0.989689
vt 0.100252 0.974477
vt 0.085543 0.960164
vt 0.095985 0.955911
vt 0.096084 0.963920
vt 0.104017 0.966974
vt 0.097843 0.961596
vt 0.093175 0.959983
vt 0.091842 0.960015
vt 0.138896 0.973651
vt 0.136067 0.989642
vt 0.161304 0.990266
vt 0.166448 0.975508
vt 0.166609 0.958244
vt 0.139071 0.958896
vt 0.097801 0.958151
vt 0.096973 0.959893
vt 0.105409 0.959694
vt 0.103838 0.952483
vt 0.138532 0.944158
vt 0.135310 0.928311
vt 0.166022 0.940998
vt 0.188442 0.957727
vt 0.187319 0.973629
vt 0.173630 0.990821
vt 0.160516 0.926492
vt 0.186927 0.941888
vt 0.172822 0.925353
vt 0.333127 0.962438
vt 0.325246 0.956692
vt 0.324036 0.961662
vt 0.333099 0.958520
vt 0.323949 0.951936
vt 0.331702 0.954212
vt 0.320899 0.947544
vt 0.329098 0.949544
vt 0.316035 0.942828
vt 0.324945 0.944235
vt 0.308709 0.937555
vt 0.318431 0.937630
vt 0.298599 0.931306
vt 0.308877 0.930221
vt 0.286237 0.924242
vt 0.297647 0.923554
vt 0.272237 0.918065
vt 0.283385 0.916417
vt 0.256687 0.912444
vt 0.266817 0.909647
vt 0.277645 0.951396
vt 0.274652 0.949874
vt 0.271457 0.948619
vt 0.267049 0.947275
vt 0.260809 0.945742
vt 0.254879 0.944465
vt 0.246950 0.942503
vt 0.237715 0.940356
vt 0.226731 0.937889
vt 0.240264 0.907840
vt 0.213757 0.935270
vt 0.223213 0.904015
vt 0.201141 0.933033
vt 0.206409 0.900947
vt 0.256859 0.958802
vt 0.263741 0.959167
vt 0.270099 0.959348
vt 0.274681 0.959109
vt 0.278253 0.958222
vt 0.280776 0.956584
vt 0.281745 0.954341
vt 0.280316 0.953142
vt 0.321603 0.965327
vt 0.230147 0.986363
vt 0.235939 0.990762
vt 0.256963 0.990467
vt 0.249071 0.985993
vt 0.276445 0.988831
vt 0.266885 0.984005
vt 0.293119 0.986077
vt 0.282149 0.980909
vt 0.306150 0.982405
vt 0.294033 0.977854
vt 0.316620 0.977788
vt 0.304781 0.974698
vt 0.323702 0.973578
vt 0.312497 0.971610
vt 0.328422 0.969822
vt 0.317585 0.968695
vt 0.331558 0.966064
vt 0.247696 0.957989
vt 0.236296 0.956780
vt 0.223756 0.955112
vt 0.211093 0.953204
vt 0.211577 0.985147
vt 0.210566 0.984981
vt 0.234875 0.990783
vt 0.213303 0.989432
vt 0.193290 0.982706
vt 0.192660 0.986850
vt 0.214428 0.989595
vt 0.198249 0.951163
vt 0.266145 0.984325
vt 0.292453 0.986555
vt 0.275630 0.989185
vt 0.248195 0.986161
vt 0.256008 0.990665
vt 0.229175 0.986363
vt 0.210691 0.953115
vt 0.248229 0.903439
vt 0.227822 0.898145
vt 0.281558 0.981350
vt 0.323909 0.962304
vt 0.332998 0.963112
vt 0.331386 0.966782
vt 0.325121 0.957332
vt 0.281628 0.954989
vt 0.280191 0.953787
vt 0.277484 0.952038
vt 0.280635 0.957224
vt 0.321431 0.966006
vt 0.317367 0.969355
vt 0.328202 0.970526
vt 0.312222 0.972246
vt 0.323412 0.974258
vt 0.304427 0.975292
vt 0.316290 0.978391
vt 0.293568 0.978380
vt 0.305626 0.982971
vt 0.323812 0.952573
vt 0.331561 0.954861
vt 0.332968 0.959189
s 1
g ValveBiped.Bip01_Head1
g PoBody_PoMaterial
usemtl PoMaterial
f 3169/1/1 3168/2/2 3167/3/3
f 3168/2/2 3166/4/4 3167/3/3
f 3166/4/4 3165/5/5 3167/3/3
f 3166/4/4 3098/6/6 3165/5/5
f 3098/6/6 3113/7/7 3165/5/5
f 3164/8/8 3162/9/9 3163/10/10
f 3163/10/10 3162/9/9 3160/11/11
f 3162/9/9 3161/12/12 3160/11/11
f 3161/12/12 3113/7/7 3160/11/11
f 3113/7/7 3109/13/13 3160/11/11
f 3158/14/14 3157/15/15 3159/16/16
f 3157/15/15 3158/14/14 3156/17/17
f 3155/18/18 3157/15/15 3156/17/17
f 3155/18/18 3156/17/17 3154/19/19
f 3118/20/20 3155/18/18 3154/19/19
f 3118/20/20 3154/19/19 3136/21/21
f 3117/22/22 3118/20/20 3136/21/21
f 3136/21/21 3148/23/23 3135/24/24
f 3136/21/21 3146/25/25 3148/23/23
f 3136/21/21 3154/19/19 3146/25/25
f 3154/19/19 3145/26/26 3146/25/25
f 3154/19/19 3152/27/27 3145/26/26
f 3152/27/27 3153/28/28 3145/26/26
f 3153/28/28 3152/27/27 3151/29/29
f 3152/27/27 3150/30/30 3151/29/29
f 3151/29/29 3150/30/30 3149/31/31
f 3146/25/25 3147/32/32 3148/23/23
f 3139/33/33 3126/34/34 3127/35/35
f 3134/36/36 3139/33/33 3127/35/35
f 3138/37/37 3139/33/33 3134/36/36
f 3135/24/24 3138/37/37 3134/36/36
f 3138/37/37 3135/24/24 3137/38/38
f 3135/24/24 3148/23/23 3137/38/38
f 3137/38/38 3148/23/23 3132/39/39
f 3148/23/23 3147/32/32 3132/39/39
f 3132/39/39 3147/32/32 3124/40/40
f 3124/40/40 3147/32/32 3146/25/25
f 3111/41/41 3124/40/40 3146/25/25
f 3111/41/41 3146/25/25 3145/26/26
f 3110/42/42 3111/41/41 3145/26/26
f 3144/43/43 3110/42/42 3145/26/26
f 3143/44/44 3144/43/43 3145/26/26
f 3141/45/45 3144/43/43 3143/44/44
f 3140/46/46 3141/45/45 3143/44/44
f 3142/47/47 3141/45/45 3140/46/46
f 3128/48/48 3126/34/34 3130/49/49
f 3130/49/49 3126/34/34 3139/33/33
f 3130/49/49 3139/33/33 3138/37/37
f 3137/38/38 3130/49/49 3138/37/37
f 3137/38/38 3132/39/39 3130/49/49
f 3133/50/50 3129/51/51 3131/52/52
f 3133/50/50 3125/53/53 3129/51/51
f 3117/22/22 3136/21/21 3135/24/24
f 3116/54/54 3117/22/22 3135/24/24
f 3134/36/36 3116/54/54 3135/24/24
f 3116/54/54 3134/36/36 3115/55/55
f 3134/36/36 3127/35/35 3115/55/55
f 3115/55/55 3127/35/35 3114/56/56
f 3127/35/35 3125/53/53 3114/56/56
f 3112/57/57 3114/56/56 3125/53/53
f 3133/50/50 3112/57/57 3125/53/53
f 3112/57/57 3133/50/50 3124/40/40
f 3124/40/40 3133/50/50 3131/52/52
f 3131/52/52 3132/39/39 3124/40/40
f 3131/52/52 3130/49/49 3132/39/39
f 3129/51/51 3130/49/49 3131/52/52
f 3129/51/51 3128/48/48 3130/49/49
f 3125/53/53 3128/48/48 3129/51/51
f 3126/34/34 3128/48/48 3125/53/53
f 3127/35/35 3126/34/34 3125/53/53
f 3111/41/41 3112/57/57 3124/40/40
f 3121/58/58 3122/59/59 3123/60/60
f 3120/61/61 3122/59/59 3121/58/58
f 3119/62/62 3120/61/61 3121/58/58
f 3099/63/63 3120/61/61 3119/62/62
f 3118/20/20 3099/63/63 3119/62/62
f 3099/63/63 3118/20/20 3117/22/22
f 3116/54/54 3099/63/63 3117/22/22
f 3099/63/63 3116/54/54 3098/6/6
f 3116/54/54 3115/55/55 3098/6/6
f 3115/55/55 3114/56/56 3098/6/6
f 3114/56/56 3113/7/7 3098/6/6
f 3114/56/56 3112/57/57 3113/7/7
f 3112/57/57 3109/13/13 3113/7/7
f 3109/13/13 3112/57/57 3111/41/41
f 3110/42/42 3109/13/13 3111/41/41
f 3110/42/42 3108/64/64 3109/13/13
f 3108/64/64 3107/65/65 3109/13/13
f 3108/64/64 3105/66/66 3107/65/65
f 3105/66/66 3106/67/67 3107/65/65
f 3106/67/67 3105/66/66 3104/68/68
f 3103/69/69 3102/70/70 3101/71/71
f 3102/70/70 3100/72/72 3101/71/71
f 3100/72/72 3097/73/73 3101/71/71
f 3100/72/72 3099/63/63 3097/73/73
f 3099/63/63 3098/6/6 3097/73/73
f 3043/19/19 3095/27/27 3080/26/26
f 3095/27/27 3096/28/74 3080/26/26
f 3096/28/74 3095/27/27 3094/29/29
f 3095/27/27 3093/30/30 3094/29/29
f 3094/29/29 3093/30/30 3092/31/31
f 3089/67/67 3090/66/75 3091/68/68
f 3088/64/76 3090/66/75 3089/67/67
f 3087/65/65 3088/64/76 3089/67/67
f 3081/42/42 3088/64/76 3087/65/65
f 3062/13/13 3081/42/42 3087/65/65
f 3081/42/42 3062/13/13 3064/41/41
f 3064/41/41 3066/25/25 3081/42/42
f 3086/47/47 3084/45/45 3085/46/46
f 3085/46/46 3084/45/45 3082/44/77
f 3084/45/45 3083/43/43 3082/44/77
f 3083/43/43 3081/42/42 3082/44/77
f 3081/42/42 3080/26/26 3082/44/77
f 3066/25/25 3080/26/26 3081/42/42
f 3043/19/19 3080/26/26 3066/25/25
f 3045/21/21 3043/19/19 3066/25/25
f 3045/21/21 3066/25/25 3047/23/23
f 3072/55/55 3071/35/35 3073/56/56
f 3071/35/35 3078/53/53 3073/56/56
f 3073/56/56 3078/53/53 3074/50/50
f 3074/50/50 3078/53/53 3076/51/51
f 3074/50/50 3076/51/51 3075/52/52
f 3077/48/48 3079/34/34 3069/49/49
f 3069/49/49 3079/34/34 3070/33/33
f 3070/33/33 3079/34/34 3071/35/35
f 3071/35/35 3079/34/34 3078/53/53
f 3079/34/34 3077/48/48 3078/53/53
f 3078/53/53 3077/48/48 3076/51/51
f 3076/51/51 3077/48/48 3069/49/49
f 3076/51/51 3069/49/49 3075/52/52
f 3075/52/52 3069/49/49 3068/39/39
f 3075/52/52 3068/39/39 3065/40/40
f 3065/40/40 3074/50/50 3075/52/52
f 3063/57/57 3074/50/50 3065/40/40
f 3063/57/57 3073/56/56 3074/50/50
f 3073/56/56 3063/57/57 3025/7/7
f 3073/56/56 3025/7/7 3026/6/6
f 3072/55/55 3073/56/56 3026/6/6
f 3031/54/54 3072/55/55 3026/6/6
f 3071/35/35 3072/55/55 3031/54/54
f 3050/36/36 3071/35/35 3031/54/54
f 3068/39/39 3067/32/32 3065/40/40
f 3050/36/36 3070/33/33 3071/35/35
f 3049/37/37 3070/33/33 3050/36/36
f 3069/49/49 3070/33/33 3049/37/37
f 3056/38/38 3069/49/49 3049/37/37
f 3056/38/38 3068/39/39 3069/49/49
f 3056/38/38 3047/23/23 3068/39/39
f 3047/23/23 3067/32/32 3068/39/39
f 3066/25/25 3067/32/32 3047/23/23
f 3065/40/40 3067/32/32 3066/25/25
f 3064/41/41 3065/40/40 3066/25/25
f 3064/41/41 3063/57/57 3065/40/40
f 3062/13/13 3063/57/57 3064/41/41
f 3063/57/57 3062/13/13 3025/7/7
f 3025/7/7 3062/13/13 3060/11/11
f 3061/12/12 3025/7/7 3060/11/11
f 3058/9/9 3061/12/12 3060/11/11
f 3057/10/10 3058/9/9 3060/11/11
f 3059/8/78 3058/9/9 3057/10/10
f 3056/38/38 3049/37/37 3047/23/23
f 3053/58/58 3054/59/59 3055/60/60
f 3052/61/61 3054/59/59 3053/58/58
f 3051/62/62 3052/61/61 3053/58/58
f 3032/63/63 3052/61/61 3051/62/62
f 3044/20/20 3032/63/63 3051/62/62
f 3031/54/54 3032/63/63 3044/20/20
f 3046/22/22 3031/54/54 3044/20/20
f 3031/54/54 3046/22/22 3048/24/24
f 3050/36/36 3031/54/54 3048/24/24
f 3048/24/24 3049/37/37 3050/36/36
f 3049/37/37 3048/24/24 3047/23/23
f 3048/24/24 3046/22/22 3047/23/23
f 3046/22/22 3045/21/21 3047/23/23
f 3046/22/22 3044/20/20 3045/21/21
f 3044/20/20 3043/19/19 3045/21/21
f 3044/20/20 3042/18/18 3043/19/19
f 3042/18/18 3041/17/79 3043/19/19
f 3042/18/18 3039/15/15 3041/17/79
f 3039/15/15 3040/14/14 3041/17/79
f 3040/14/14 3039/15/15 3038/16/16
f 3037/69/69 3036/70/70 3035/71/71
f 3036/70/70 3033/72/72 3035/71/71
f 3033/72/72 3034/73/73 3035/71/71
f 3034/73/73 3033/72/72 3026/6/6
f 3033/72/72 3032/63/63 3026/6/6
f 3032/63/63 3031/54/54 3026/6/6
f 3030/1/1 3029/2/2 3028/3/3
f 3029/2/2 3027/4/4 3028/3/3
f 3027/4/4 3024/5/80 3028/3/3
f 3027/4/4 3026/6/6 3024/5/80
f 3026/6/6 3025/7/7 3024/5/80
f 3023/74/81 3012/75/82 3011/76/83
f 3023/74/81 3022/77/84 3012/75/82
f 3012/75/82 3022/77/84 3013/78/85
f 3018/79/86 3021/80/87 3020/81/88
f 3018/79/86 3020/81/88 3019/82/89
f 3016/83/90 3018/79/86 3019/82/89
f 3016/83/90 3017/84/91 3018/79/86
f 3016/83/90 3015/85/92 3017/84/91
f 3002/86/93 3015/85/92 3016/83/90
f 3002/86/93 3014/87/94 3015/85/92
f 3003/88/95 3014/87/94 3002/86/93
f 3003/88/95 3013/78/85 3014/87/94
f 3006/89/96 3013/78/85 3003/88/95
f 3012/75/82 3013/78/85 3006/89/96
f 3007/90/97 3012/75/82 3006/89/96
f 3009/91/98 3012/75/82 3007/90/97
f 3011/76/83 3012/75/82 3009/91/98
f 3011/76/83 3009/91/98 3010/92/99
f 3010/92/99 3009/91/98 3008/93/100
f 3007/90/97 3006/89/96 3005/94/101
f 3005/94/101 3006/89/96 3003/88/95
f 3005/94/101 3003/88/95 3004/95/102
f 3004/95/102 3003/88/95 3002/86/93
g ValveBiped.Bip01_Pelvis
f 3001/96/103 2994/97/104 2995/98/105
f 3001/96/103 2995/98/105 2996/99/106
f 3000/100/107 3001/96/103 2996/99/106
f 3000/100/107 2996/99/106 2997/101/108
f 2998/102/109 3000/100/107 2997/101/108
f 2998/102/109 2999/103/110 3000/100/107
f 2998/102/109 2973/104/111 2999/103/110
f 2975/105/112 2973/104/111 2998/102/109
f 2998/102/109 2977/106/113 2975/105/112
f 2998/102/109 2997/101/108 2977/106/113
f 2997/101/108 2986/107/114 2977/106/113
f 2997/101/108 2996/99/106 2986/107/114
f 2996/99/106 2987/108/115 2986/107/114
f 2996/99/106 2995/98/105 2987/108/115
f 2995/98/105 2988/109/116 2987/108/115
f 2995/98/105 2990/110/117 2988/109/116
f 2994/97/104 2990/110/117 2995/98/105
f 2994/97/104 2992/111/118 2990/110/117
f 2992/111/118 2993/112/119 2991/113/120
f 2992/111/118 2991/113/120 2990/110/117
f 2990/110/117 2991/113/120 2989/114/121
f 2990/110/117 2989/114/121 2988/109/116
f 2988/109/116 2989/114/121 2979/115/122
f 2988/109/116 2979/115/122 2980/116/123
f 2987/108/115 2988/109/116 2980/116/123
f 2987/108/115 2980/116/123 2981/117/124
f 2986/107/114 2987/108/115 2981/117/124
f 2986/107/114 2981/117/124 2978/118/125
f 2977/106/113 2986/107/114 2978/118/125
f 2985/119/126 2962/120/127 2961/121/118
f 2965/122/128 2962/120/127 2985/119/126
f 2984/123/103 2965/122/128 2985/119/126
f 2967/124/129 2965/122/128 2984/123/103
f 2983/125/130 2967/124/129 2984/123/103
f 2969/126/131 2967/124/129 2983/125/130
f 2983/125/130 2971/127/132 2969/126/131
f 2982/128/133 2971/127/132 2983/125/130
f 2973/104/111 2971/127/132 2982/128/133
f 2976/129/134 2972/130/135 2974/131/136
f 2970/132/137 2972/130/135 2976/129/134
f 2976/129/134 2978/118/125 2970/132/137
f 2970/132/137 2978/118/125 2968/133/138
f 2978/118/125 2981/117/124 2968/133/138
f 2968/133/138 2981/117/124 2966/134/139
f 2981/117/124 2980/116/123 2966/134/139
f 2966/134/139 2980/116/123 2964/135/140
f 2980/116/123 2979/115/122 2964/135/140
f 2964/135/140 2979/115/122 2963/136/141
f 2977/106/113 2978/118/125 2976/129/134
f 2975/105/112 2977/106/113 2976/129/134
f 2976/129/134 2974/131/136 2975/105/112
f 2975/105/112 2974/131/136 2973/104/111
f 2974/131/136 2972/130/135 2973/104/111
f 2973/104/111 2972/130/135 2971/127/132
f 2970/132/137 2971/127/132 2972/130/135
f 2969/126/131 2971/127/132 2970/132/137
f 2970/132/137 2968/133/138 2969/126/131
f 2969/126/131 2968/133/138 2967/124/129
f 2968/133/138 2966/134/139 2967/124/129
f 2967/124/129 2966/134/139 2965/122/128
f 2966/134/139 2964/135/140 2965/122/128
f 2965/122/128 2964/135/140 2962/120/127
f 2964/135/140 2963/136/141 2962/120/127
f 2962/120/127 2963/136/141 2960/137/142
f 2962/120/127 2960/137/142 2961/121/118
f 2961/121/118 2960/137/142 2959/138/143
g ValveBiped.Bip01_L_Finger01
f 2958/139/144 2956/140/145 2957/141/145
g ValveBiped.Bip01_L_UpperArm
f 2941/142/146 2955/143/147 2942/144/148
g ValveBiped.Bip01_L_Clavicle
f 2942/144/148 2955/143/147 2944/145/149
f 2955/143/147 2954/146/150 2944/145/149
f 2944/145/149 2954/146/150 2953/147/151
f 2944/145/149 2953/147/151 2945/148/152
g ValveBiped.Bip01_Spine2
f 2945/148/152 2953/147/151 2952/149/153
g ValveBiped.Bip01_L_Clavicle
f 2945/148/152 2952/149/153 2947/150/154
g ValveBiped.Bip01_Spine2
f 2947/150/154 2952/149/153 2951/151/155
f 2947/150/154 2951/151/155 2950/152/156
g ValveBiped.Bip01_L_Clavicle
f 2947/150/154 2950/152/156 2949/153/157
f 2947/150/154 2949/153/157 2948/154/158
g ValveBiped.Bip01_L_UpperArm
f 2947/150/154 2948/154/158 2946/155/159
f 2945/148/152 2946/155/159 2943/156/160
g ValveBiped.Bip01_L_Clavicle
f 2945/148/152 2947/150/154 2946/155/159
f 2943/156/160 2944/145/149 2945/148/152
g ValveBiped.Bip01_L_UpperArm
f 2942/144/148 2944/145/149 2943/156/160
f 2929/157/161 2939/158/162 2940/159/163
g ValveBiped.Bip01_L_Clavicle
f 2929/157/161 2930/160/164 2939/158/162
f 2930/160/164 2938/161/165 2939/158/162
g ValveBiped.Bip01_Spine4
f 2930/160/164 2937/162/166 2938/161/165
g ValveBiped.Bip01_L_Clavicle
f 2931/163/167 2937/162/166 2930/160/164
g ValveBiped.Bip01_Spine4
f 2931/163/167 2936/164/168 2937/162/166
g ValveBiped.Bip01_L_Clavicle
f 2932/165/169 2936/164/168 2931/163/167
g ValveBiped.Bip01_Spine4
f 2932/165/169 2935/166/170 2936/164/168
g ValveBiped.Bip01_L_Clavicle
f 2933/167/171 2935/166/170 2932/165/169
g ValveBiped.Bip01_Spine2
f 2933/167/171 2934/168/172 2935/166/170
g ValveBiped.Bip01_L_Clavicle
f 2922/169/173 2934/168/172 2933/167/171
g ValveBiped.Bip01_Spine2
f 2922/169/173 2920/170/174 2934/168/172
g ValveBiped.Bip01_L_Clavicle
f 2933/167/171 2924/171/175 2922/169/173
g ValveBiped.Bip01_L_UpperArm
f 2926/172/176 2924/171/175 2933/167/171
g ValveBiped.Bip01_L_Clavicle
f 2926/172/176 2933/167/171 2932/165/169
g ValveBiped.Bip01_Spine4
f 2926/172/176 2932/165/169 2927/173/177
g ValveBiped.Bip01_L_Clavicle
f 2927/173/177 2932/165/169 2931/163/167
g ValveBiped.Bip01_Spine4
f 2927/173/177 2931/163/167 2928/174/178
g ValveBiped.Bip01_L_Clavicle
f 2928/174/178 2931/163/167 2930/160/164
g ValveBiped.Bip01_Spine4
f 2928/174/178 2930/160/164 2929/157/161
g ValveBiped.Bip01_L_UpperArm
f 2925/175/179 2921/176/180 2923/177/181
g ValveBiped.Bip01_L_Clavicle
f 2919/178/182 2921/176/180 2925/175/179
g ValveBiped.Bip01_L_UpperArm
f 2919/178/182 2925/175/179 2918/179/183
f 2922/169/173 2924/171/175 2923/177/181
g ValveBiped.Bip01_L_Clavicle
f 2922/169/173 2923/177/181 2921/176/180
f 2922/169/173 2921/176/180 2920/170/174
f 2919/178/182 2920/170/174 2921/176/180
g ValveBiped.Bip01_Spine2
f 2919/178/182 2914/180/184 2920/170/174
g ValveBiped.Bip01_L_Clavicle
f 2916/181/185 2914/180/184 2919/178/182
f 2919/178/182 2918/179/183 2916/181/185
g ValveBiped.Bip01_L_UpperArm
f 2916/181/185 2918/179/183 2917/182/186
g ValveBiped.Bip01_Spine2
f 2916/181/185 2915/183/187 2914/180/184
g ValveBiped.Bip01_Pelvis
f 2154/184/188 2267/185/189 2153/186/190
f 2891/187/191 2267/185/189 2154/184/188
f 2154/184/188 2155/188/192 2891/187/191
f 2891/187/191 2155/188/192 2889/189/193
f 2133/190/194 2889/189/193 2155/188/192
g ValveBiped.Bip01_Spine1
f 2888/191/195 2889/189/193 2133/190/194
f 2888/191/195 2133/190/194 2132/192/196
f 2132/192/196 2907/193/197 2888/191/195
f 2132/192/196 2129/194/198 2907/193/197
f 2908/195/199 2907/193/197 2129/194/198
f 2908/195/199 2129/194/198 2128/196/200
f 2910/197/201 2908/195/199 2128/196/200
f 2910/197/201 2128/196/200 2127/198/202
f 2127/198/202 2913/199/203 2910/197/201
f 2127/198/202 2114/200/204 2913/199/203
f 2127/198/202 2126/201/205 2114/200/204
f 2109/202/206 2114/200/204 2126/201/205
f 2109/202/206 2126/201/205 2108/203/207
f 2910/197/201 2913/199/203 2912/204/208
f 2910/197/201 2912/204/208 2909/205/209
f 2909/205/209 2912/204/208 2911/206/210
f 2909/205/209 2911/206/210 2900/207/211
f 2900/207/211 2911/206/210 2899/208/212
f 2909/205/209 2908/195/199 2910/197/201
f 2900/207/211 2908/195/199 2909/205/209
f 2900/207/211 2901/209/213 2908/195/199
f 2901/209/213 2907/193/197 2908/195/199
f 2901/209/213 2906/210/214 2907/193/197
f 2888/191/195 2907/193/197 2906/210/214
f 2888/191/195 2906/210/214 2903/211/215
f 2888/191/195 2903/211/215 2890/212/216
f 2890/212/216 2903/211/215 2905/213/217
f 2905/213/217 2892/214/218 2890/212/216
f 2893/215/219 2892/214/218 2905/213/217
f 2905/213/217 2894/216/220 2893/215/219
f 2905/213/217 2904/217/221 2894/216/220
f 2895/218/222 2894/216/220 2904/217/221
f 2902/219/223 2903/211/215 2901/209/213
f 2901/209/213 2903/211/215 2906/210/214
f 2905/213/217 2903/211/215 2904/217/221
f 2895/218/222 2904/217/221 2903/211/215
f 2895/218/222 2903/211/215 2902/219/223
f 2896/220/224 2895/218/222 2902/219/223
f 2896/220/224 2902/219/223 2898/221/225
f 2898/221/225 2902/219/223 2901/209/213
f 2898/221/225 2901/209/213 2900/207/211
f 2900/207/211 2899/208/212 2898/221/225
f 2898/221/225 2899/208/212 2897/222/226
f 2898/221/225 2897/222/226 2896/220/224
f 2896/220/224 2897/222/226 2887/223/227
f 2896/220/224 2887/223/227 2884/224/228
f 2884/224/228 2895/218/222 2896/220/224
f 2884/224/228 2882/225/229 2895/218/222
f 2882/225/229 2894/216/220 2895/218/222
f 2882/225/229 2880/226/230 2894/216/220
f 2893/215/219 2894/216/220 2880/226/230
g ValveBiped.Bip01_Spine
f 2893/215/219 2880/226/230 2272/227/231
g ValveBiped.Bip01_Spine1
f 2272/227/231 2273/228/232 2893/215/219
g ValveBiped.Bip01_Pelvis
f 2893/215/219 2273/228/232 2892/214/218
f 2273/228/232 2267/185/189 2892/214/218
f 2891/187/191 2892/214/218 2267/185/189
g ValveBiped.Bip01_Spine1
f 2890/212/216 2892/214/218 2891/187/191
f 2891/187/191 2889/189/193 2890/212/216
f 2890/212/216 2889/189/193 2888/191/195
f 2884/224/228 2887/223/227 2886/229/233
f 2884/224/228 2886/229/233 2885/230/234
f 2884/224/228 2885/230/234 2883/231/235
f 2884/224/228 2883/231/235 2882/225/229
f 2882/225/229 2883/231/235 2881/232/236
f 2882/225/229 2881/232/236 2880/226/230
g ValveBiped.Bip01_R_UpperArm
f 2853/171/237 2854/169/238 2856/177/239
g ValveBiped.Bip01_Spine2
f 2856/177/239 2854/169/238 2858/176/240
f 2854/169/238 2855/170/241 2858/176/240
f 2858/176/240 2855/170/241 2859/178/242
f 2859/178/242 2855/170/241 2877/180/243
g ValveBiped.Bip01_R_Clavicle
f 2859/178/242 2877/180/243 2878/181/244
f 2860/179/245 2859/178/242 2878/181/244
g ValveBiped.Bip01_R_UpperArm
f 2860/179/245 2878/181/244 2879/182/246
g ValveBiped.Bip01_Spine2
f 2878/181/244 2877/180/243 2876/183/247
g ValveBiped.Bip01_R_UpperArm
f 2865/144/248 2875/143/249 2861/142/250
g ValveBiped.Bip01_R_Clavicle
f 2865/144/248 2864/145/251 2875/143/249
f 2864/145/251 2874/146/252 2875/143/249
f 2864/145/251 2873/147/253 2874/146/252
f 2862/148/254 2873/147/253 2864/145/251
f 2862/148/254 2872/149/255 2873/147/253
f 2867/150/256 2872/149/255 2862/148/254
f 2867/150/256 2871/151/257 2872/149/255
g ValveBiped.Bip01_Spine2
f 2867/150/256 2870/152/258 2871/151/257
g ValveBiped.Bip01_R_Clavicle
f 2867/150/256 2869/153/259 2870/152/258
f 2867/150/256 2868/154/260 2869/153/259
g ValveBiped.Bip01_R_UpperArm
f 2866/155/261 2868/154/260 2867/150/256
g ValveBiped.Bip01_R_Clavicle
f 2862/148/254 2866/155/261 2867/150/256
g ValveBiped.Bip01_R_UpperArm
f 2863/156/262 2866/155/261 2862/148/254
f 2865/144/248 2863/156/262 2864/145/251
g ValveBiped.Bip01_R_Clavicle
f 2864/145/251 2863/156/262 2862/148/254
g ValveBiped.Bip01_R_UpperArm
f 2857/175/263 2859/178/242 2860/179/245
g ValveBiped.Bip01_Spine2
f 2857/175/263 2858/176/240 2859/178/242
g ValveBiped.Bip01_R_UpperArm
f 2856/177/239 2858/176/240 2857/175/263
g ValveBiped.Bip01_Spine2
f 2854/169/238 2846/168/264 2855/170/241
g ValveBiped.Bip01_R_Clavicle
f 2847/167/265 2846/168/264 2854/169/238
f 2853/171/237 2847/167/265 2854/169/238
g ValveBiped.Bip01_Spine4
f 2848/172/266 2847/167/265 2853/171/237
g ValveBiped.Bip01_R_UpperArm
f 2852/159/267 2845/158/268 2851/157/269
g ValveBiped.Bip01_R_Clavicle
f 2851/157/269 2845/158/268 2843/160/270
g ValveBiped.Bip01_Spine4
f 2851/157/269 2843/160/270 2850/174/271
g ValveBiped.Bip01_R_Clavicle
f 2850/174/271 2843/160/270 2841/163/272
g ValveBiped.Bip01_Spine4
f 2850/174/271 2841/163/272 2849/173/273
g ValveBiped.Bip01_R_Clavicle
f 2849/173/273 2841/163/272 2840/165/274
g ValveBiped.Bip01_Spine4
f 2849/173/273 2840/165/274 2848/172/266
g ValveBiped.Bip01_R_Clavicle
f 2848/172/266 2840/165/274 2847/167/265
f 2840/165/274 2838/166/275 2847/167/265
g ValveBiped.Bip01_Spine2
f 2847/167/265 2838/166/275 2846/168/264
g ValveBiped.Bip01_R_Clavicle
f 2845/158/268 2844/161/276 2843/160/270
g ValveBiped.Bip01_Spine4
f 2843/160/270 2844/161/276 2842/162/277
g ValveBiped.Bip01_R_Clavicle
f 2843/160/270 2842/162/277 2841/163/272
g ValveBiped.Bip01_Spine4
f 2841/163/272 2842/162/277 2839/164/278
g ValveBiped.Bip01_R_Clavicle
f 2841/163/272 2839/164/278 2840/165/274
f 2840/165/274 2839/164/278 2838/166/275
g ValveBiped.Bip01_Head1
f 2837/233/279 2836/234/280 2835/235/281
f 2835/235/281 2836/234/280 2831/236/282
f 2835/235/281 2831/236/282 2834/237/283
f 2834/237/283 2831/236/282 2830/238/284
f 2834/237/283 2830/238/284 2833/239/285
f 2833/239/285 2830/238/284 2832/240/286
f 2830/238/284 2827/241/287 2832/240/286
f 2829/242/288 2827/241/287 2830/238/284
f 2831/236/282 2829/242/288 2830/238/284
f 2829/242/288 2828/243/289 2827/241/287
g ValveBiped.Bip01_Spine1
f 2826/244/290 2821/245/291 2820/246/233
f 2825/247/292 2824/248/293 2826/244/290
f 2824/248/293 2821/245/291 2826/244/290
f 2824/248/293 2823/249/294 2821/245/291
f 2811/250/212 2812/251/295 2825/247/292
f 2812/251/295 2824/248/293 2825/247/292
f 2812/251/295 2813/252/296 2824/248/293
f 2813/252/296 2823/249/294 2824/248/293
f 2813/252/296 2814/253/297 2823/249/294
f 2814/253/297 2816/254/298 2823/249/294
f 2823/249/294 2816/254/298 2822/255/299
f 2823/249/294 2822/255/299 2821/245/291
f 2821/245/291 2822/255/299 2819/256/300
f 2821/245/291 2819/256/300 2820/246/233
f 2820/246/233 2819/256/300 2818/257/234
f 2815/258/184 2817/259/301 2816/254/298
f 2815/258/184 2816/254/298 2814/253/297
g ValveBiped.Bip01_Spine2
f 2806/260/302 2815/258/184 2814/253/297
f 2806/260/302 2814/253/297 2807/261/303
g ValveBiped.Bip01_Spine1
f 2807/261/303 2814/253/297 2813/252/296
f 2808/262/304 2807/261/303 2813/252/296
f 2808/262/304 2813/252/296 2812/251/295
f 2809/263/305 2808/262/304 2812/251/295
f 2809/263/305 2812/251/295 2811/250/212
f 2809/263/305 2811/250/212 2810/264/306
f 2620/265/307 2810/264/306 2619/266/308
f 2800/267/309 2810/264/306 2620/265/307
f 2809/263/305 2810/264/306 2800/267/309
f 2800/267/309 2801/268/310 2809/263/305
f 2801/268/310 2808/262/304 2809/263/305
f 2801/268/310 2802/269/311 2808/262/304
g ValveBiped.Bip01_Spine2
f 2802/269/311 2807/261/303 2808/262/304
f 2803/270/312 2807/261/303 2802/269/311
f 2803/270/312 2806/260/302 2807/261/303
f 2797/271/313 2806/260/302 2803/270/312
f 2797/271/313 2805/272/314 2806/260/302
f 2798/273/315 2805/272/314 2797/271/313
f 2798/273/315 2804/274/316 2805/272/314
g ValveBiped.Bip01_Spine4
f 2799/275/317 2804/274/316 2798/273/315
f 2799/275/317 2749/276/168 2804/274/316
f 2751/277/318 2749/276/168 2799/275/317
f 2748/278/319 2751/277/318 2799/275/317
f 2747/279/320 2751/277/318 2748/278/319
g ValveBiped.Bip01_Spine2
f 2796/280/321 2797/271/313 2803/270/312
f 2796/280/321 2803/270/312 2802/269/311
f 2796/280/321 2802/269/311 2795/281/322
g ValveBiped.Bip01_Spine1
f 2795/281/322 2802/269/311 2801/268/310
f 2794/282/323 2795/281/322 2801/268/310
f 2794/282/323 2801/268/310 2800/267/309
f 2793/283/324 2794/282/323 2800/267/309
f 2793/283/324 2800/267/309 2620/265/307
f 2793/283/324 2620/265/307 2618/284/325
g ValveBiped.Bip01_Spine2
f 2759/285/326 2746/286/327 2792/287/328
g ValveBiped.Bip01_Spine4
f 2746/286/327 2748/278/319 2792/287/328
f 2792/287/328 2748/278/319 2791/288/329
f 2748/278/319 2799/275/317 2791/288/329
f 2791/288/329 2799/275/317 2798/273/315
g ValveBiped.Bip01_Spine2
f 2791/288/329 2798/273/315 2790/289/330
f 2790/289/330 2798/273/315 2797/271/313
f 2790/289/330 2797/271/313 2796/280/321
f 2789/290/331 2790/289/330 2796/280/321
f 2789/290/331 2796/280/321 2795/281/322
f 2789/290/331 2795/281/322 2788/291/332
g ValveBiped.Bip01_Spine1
f 2788/291/332 2795/281/322 2794/282/323
f 2787/292/333 2788/291/332 2794/282/323
f 2787/292/333 2794/282/323 2793/283/324
f 2787/292/333 2793/283/324 2786/293/334
f 2793/283/324 2618/284/325 2786/293/334
f 2786/293/334 2618/284/325 2617/294/335
f 2618/284/325 2616/295/336 2617/294/335
g ValveBiped.Bip01_Spine4
f 2784/296/337 2774/297/338 2760/298/339
g ValveBiped.Bip01_Spine2
f 2784/296/337 2760/298/339 2759/285/326
f 2784/296/337 2759/285/326 2783/299/340
f 2759/285/326 2792/287/328 2783/299/340
f 2783/299/340 2792/287/328 2785/300/341
f 2792/287/328 2791/288/329 2785/300/341
f 2785/300/341 2791/288/329 2790/289/330
f 2785/300/341 2790/289/330 2789/290/331
f 2781/301/342 2785/300/341 2789/290/331
f 2781/301/342 2789/290/331 2788/291/332
f 2781/301/342 2788/291/332 2787/292/333
f 2780/302/343 2781/301/342 2787/292/333
f 2787/292/333 2786/293/334 2780/302/343
f 2780/302/343 2786/293/334 2778/303/344
g ValveBiped.Bip01_Spine1
f 2786/293/334 2617/294/335 2778/303/344
g ValveBiped.Bip01_Spine2
f 2778/303/344 2617/294/335 2772/304/345
f 2617/294/335 2603/305/346 2772/304/345
f 2772/304/345 2603/305/346 2595/306/347
f 2783/299/340 2785/300/341 2781/301/342
f 2779/307/348 2777/308/349 2776/309/350
f 2779/307/348 2776/309/350 2782/310/351
f 2782/310/351 2776/309/350 2775/311/352
f 2784/296/337 2775/311/352 2774/297/338
f 2782/310/351 2775/311/352 2784/296/337
f 2784/296/337 2783/299/340 2782/310/351
f 2782/310/351 2783/299/340 2781/301/342
f 2782/310/351 2781/301/342 2779/307/348
f 2779/307/348 2781/301/342 2780/302/343
f 2780/302/343 2778/303/344 2779/307/348
f 2779/307/348 2778/303/344 2777/308/349
f 2778/303/344 2772/304/345 2777/308/349
f 2777/308/349 2772/304/345 2771/312/353
f 2777/308/349 2771/312/353 2770/313/354
f 2777/308/349 2770/313/354 2776/309/350
f 2776/309/350 2770/313/354 2768/314/355
f 2776/309/350 2768/314/355 2775/311/352
g ValveBiped.Bip01_Spine4
f 2775/311/352 2768/314/355 2766/315/356
f 2775/311/352 2766/315/356 2774/297/338
f 2774/297/338 2766/315/356 2763/316/357
f 2774/297/338 2763/316/357 2761/317/358
f 2774/297/338 2761/317/358 2760/298/339
g ValveBiped.Bip01_Neck1
f 2764/318/277 2773/319/359 2762/320/360
g ValveBiped.Bip01_Spine2
f 2772/304/345 2595/306/347 2771/312/353
f 2771/312/353 2595/306/347 2596/321/361
f 2771/312/353 2596/321/361 2770/313/354
f 2770/313/354 2596/321/361 2769/322/362
f 2770/313/354 2769/322/362 2768/314/355
f 2768/314/355 2769/322/362 2767/323/363
f 2768/314/355 2767/323/363 2766/315/356
g ValveBiped.Bip01_Spine4
f 2766/315/356 2767/323/363 2765/324/278
f 2766/315/356 2765/324/278 2763/316/357
f 2763/316/357 2765/324/278 2764/318/277
f 2764/318/277 2762/320/360 2763/316/357
f 2763/316/357 2762/320/360 2761/317/358
g ValveBiped.Bip01_Neck1
f 2761/317/358 2762/320/360 2757/325/364
f 2761/317/358 2757/325/364 2743/326/365
g ValveBiped.Bip01_Spine4
f 2760/298/339 2761/317/358 2743/326/365
f 2760/298/339 2743/326/365 2744/327/366
f 2759/285/326 2760/298/339 2744/327/366
f 2759/285/326 2744/327/366 2746/286/327
g ValveBiped.Bip01_Neck1
f 2752/328/367 2758/329/368 2750/330/166
f 2743/326/365 2757/325/364 2756/331/369
f 2743/326/365 2756/331/369 2742/332/370
f 2742/332/370 2756/331/369 2755/333/371
f 2742/332/370 2755/333/371 2754/334/372
f 2742/332/370 2754/334/372 2745/335/373
f 2745/335/373 2754/334/372 2753/336/374
f 2745/335/373 2753/336/374 2747/279/320
f 2747/279/320 2753/336/374 2752/328/367
g ValveBiped.Bip01_Spine4
f 2747/279/320 2752/328/367 2751/277/318
f 2752/328/367 2750/330/166 2751/277/318
f 2751/277/318 2750/330/166 2749/276/168
f 2746/286/327 2747/279/320 2748/278/319
f 2746/286/327 2745/335/373 2747/279/320
f 2744/327/366 2745/335/373 2746/286/327
f 2744/327/366 2742/332/370 2745/335/373
f 2744/327/366 2743/326/365 2742/332/370
g ValveBiped.Bip01_Head1
f 2741/337/375 2739/338/376 2740/339/377
f 2740/339/377 2739/338/376 2731/340/378
f 2732/341/379 2731/340/378 2739/338/376
f 2739/338/376 2733/342/380 2732/341/379
f 2736/343/381 2738/344/382 2737/345/383
f 2736/343/381 2737/345/383 2726/346/384
f 2726/346/384 2727/347/385 2736/343/381
f 2736/343/381 2727/347/385 2735/348/386
f 2728/349/387 2735/348/386 2727/347/385
f 2734/350/388 2735/348/386 2728/349/387
f 2728/349/387 2733/342/380 2734/350/388
f 2732/341/379 2733/342/380 2728/349/387
f 2732/341/379 2728/349/387 2721/351/389
f 2721/351/389 2731/340/378 2732/341/379
f 2721/351/389 2722/352/390 2731/340/378
f 2730/353/391 2731/340/378 2722/352/390
f 2730/353/391 2722/352/390 2711/354/392
g ValveBiped.Bip01_Neck1
f 2710/355/393 2711/354/392 2722/352/390
g ValveBiped.Bip01_Head1
f 2725/356/394 2726/346/384 2729/357/395
f 2725/356/394 2729/357/395 2724/358/396
f 2721/351/389 2728/349/387 2720/359/397
f 2720/359/397 2728/349/387 2723/360/398
f 2728/349/387 2727/347/385 2723/360/398
f 2723/360/398 2727/347/385 2726/346/384
f 2723/360/398 2726/346/384 2725/356/394
g ValveBiped.Bip01_Neck1
f 2718/361/399 2723/360/398 2725/356/394
f 2718/361/399 2725/356/394 2724/358/396
f 2718/361/399 2724/358/396 2717/362/400
f 2720/359/397 2723/360/398 2719/363/401
f 2719/363/401 2723/360/398 2718/361/399
f 2710/355/393 2722/352/390 2721/351/389
f 2721/351/389 2715/364/402 2710/355/393
f 2721/351/389 2720/359/397 2715/364/402
f 2714/365/403 2715/364/402 2720/359/397
f 2714/365/403 2720/359/397 2719/363/401
f 2714/365/403 2719/363/401 2712/366/404
f 2712/366/404 2719/363/401 2718/361/399
f 2712/366/404 2718/361/399 2698/367/405
f 2718/361/399 2717/362/400 2698/367/405
f 2698/367/405 2717/362/400 2697/368/406
f 2716/369/407 2697/368/406 2717/362/400
f 2701/370/408 2697/368/406 2716/369/407
f 2712/366/404 2713/371/409 2714/365/403
f 2710/355/393 2715/364/402 2709/372/410
f 2714/365/403 2709/372/410 2715/364/402
f 2714/365/403 2713/371/409 2709/372/410
f 2708/373/411 2709/372/410 2713/371/409
f 2708/373/411 2713/371/409 2712/366/404
f 2708/373/411 2712/366/404 2707/374/412
f 2707/374/412 2712/366/404 2698/367/405
f 2707/374/412 2698/367/405 2705/375/413
f 2705/375/413 2698/367/405 2699/376/414
f 2689/377/415 2711/354/392 2710/355/393
f 2710/355/393 2686/378/416 2689/377/415
f 2710/355/393 2709/372/410 2686/378/416
f 2688/379/417 2686/378/416 2709/372/410
f 2688/379/417 2709/372/410 2708/373/411
f 2708/373/411 2696/380/371 2688/379/417
f 2707/374/412 2696/380/371 2708/373/411
f 2707/374/412 2706/381/418 2696/380/371
f 2705/375/413 2706/381/418 2707/374/412
f 2705/375/413 2704/382/374 2706/381/418
f 2699/376/414 2704/382/374 2705/375/413
f 2699/376/414 2703/383/367 2704/382/374
f 2700/384/419 2703/383/367 2699/376/414
f 2700/384/419 2702/385/420 2703/383/367
f 2701/370/408 2702/385/420 2700/384/419
f 2700/384/419 2697/368/406 2701/370/408
f 2699/376/414 2697/368/406 2700/384/419
f 2699/376/414 2698/367/405 2697/368/406
f 2688/379/417 2696/380/371 2695/386/421
f 2688/379/417 2695/386/421 2687/387/422
f 2687/387/422 2695/386/421 2694/388/364
f 2687/387/422 2694/388/364 2683/389/423
f 2683/389/423 2694/388/364 2693/390/424
f 2683/389/423 2693/390/424 2685/391/425
f 2685/391/425 2693/390/424 2692/392/426
f 2685/391/425 2692/392/426 2691/393/427
f 2685/391/425 2691/393/427 2684/394/428
f 2684/394/428 2691/393/427 2690/395/429
f 2684/394/428 2690/395/429 2689/377/415
f 2689/377/415 2686/378/416 2684/394/428
f 2687/387/422 2686/378/416 2688/379/417
f 2683/389/423 2686/378/416 2687/387/422
f 2683/389/423 2684/394/428 2686/378/416
f 2685/391/425 2684/394/428 2683/389/423
g ValveBiped.Bip01_Head1
f 2680/233/430 2681/396/431 2682/397/432
f 2680/233/430 2679/234/433 2681/396/431
f 2678/235/434 2679/234/433 2680/233/430
f 2678/235/434 2674/236/435 2679/234/433
f 2677/237/436 2674/236/435 2678/235/434
f 2677/237/436 2673/238/437 2674/236/435
f 2676/239/438 2673/238/437 2677/237/436
f 2676/239/438 2675/240/439 2673/238/437
f 2673/238/437 2675/240/439 2671/241/440
f 2673/238/437 2671/241/440 2672/242/441
f 2672/242/441 2674/236/435 2673/238/437
f 2672/242/441 2671/241/440 2670/243/442
f 2663/91/443 2668/92/444 2669/93/445
f 2663/91/443 2667/76/446 2668/92/444
f 2664/75/447 2667/76/446 2663/91/443
f 2664/75/447 2666/74/448 2667/76/446
f 2665/77/449 2666/74/448 2664/75/447
f 2665/77/449 2664/75/447 2654/78/450
f 2654/78/450 2664/75/447 2653/89/451
f 2664/75/447 2652/90/452 2653/89/451
f 2664/75/447 2663/91/443 2652/90/452
f 2659/79/453 2661/81/454 2662/80/455
f 2660/82/456 2661/81/454 2659/79/453
f 2659/79/453 2657/83/457 2660/82/456
f 2658/84/458 2657/83/457 2659/79/453
f 2656/85/279 2657/83/457 2658/84/458
f 2656/85/279 2651/86/459 2657/83/457
f 2655/87/460 2651/86/459 2656/85/279
f 2655/87/460 2650/88/461 2651/86/459
f 2654/78/450 2650/88/461 2655/87/460
f 2654/78/450 2653/89/451 2650/88/461
f 2653/89/451 2649/94/462 2650/88/461
f 2653/89/451 2652/90/452 2649/94/462
f 2650/88/461 2648/95/463 2651/86/459
f 2650/88/461 2649/94/462 2648/95/463
g ValveBiped.Bip01_Spine1
f 2608/398/464 2574/399/465 2573/400/466
f 2641/401/467 2574/399/465 2608/398/464
f 2641/401/467 2575/402/468 2574/399/465
f 2642/403/469 2575/402/468 2641/401/467
f 2576/404/470 2575/402/468 2642/403/469
g ValveBiped.Bip01_Spine
f 2642/403/469 2643/405/471 2576/404/470
f 2576/404/470 2643/405/471 2645/406/472
f 2576/404/470 2645/406/472 2646/407/473
g ValveBiped.Bip01_Spine1
f 2576/404/470 2646/407/473 2541/408/474
f 2541/408/474 2646/407/473 2647/409/475
f 2543/410/476 2541/408/474 2647/409/475
f 2543/410/476 2647/409/475 2526/411/477
f 2545/412/478 2543/410/476 2526/411/477
f 2545/412/478 2526/411/477 2527/413/479
f 2547/414/480 2545/412/478 2527/413/479
f 2547/414/480 2527/413/479 2528/415/481
g ValveBiped.Bip01_Spine2
f 2528/415/481 2536/416/482 2547/414/480
f 2529/417/483 2536/416/482 2528/415/481
g ValveBiped.Bip01_Spine1
f 2526/411/477 2647/409/475 2525/418/484
f 2647/409/475 2519/419/485 2525/418/484
f 2647/409/475 2646/407/473 2519/419/485
g ValveBiped.Bip01_Spine
f 2520/420/486 2519/419/485 2646/407/473
f 2520/420/486 2646/407/473 2645/406/472
f 2520/420/486 2645/406/472 2644/421/487
f 2644/421/487 2645/406/472 2643/405/471
f 2644/421/487 2643/405/471 2640/422/488
f 2640/422/488 2643/405/471 2639/423/489
f 2642/403/469 2639/423/489 2643/405/471
f 2642/403/469 2636/424/490 2639/423/489
f 2641/401/467 2636/424/490 2642/403/469
f 2641/401/467 2634/425/491 2636/424/490
f 2608/398/464 2634/425/491 2641/401/467
f 2608/398/464 2633/426/492 2634/425/491
f 2607/427/493 2633/426/492 2608/398/464
f 2607/427/493 2629/428/494 2633/426/492
f 2609/429/495 2629/428/494 2607/427/493
f 2640/422/488 2639/423/489 2638/430/496
f 2638/430/496 2639/423/489 2636/424/490
f 2638/430/496 2636/424/490 2637/431/497
f 2637/431/497 2636/424/490 2635/432/498
f 2635/432/498 2636/424/490 2634/425/491
f 2635/432/498 2634/425/491 2632/433/499
f 2632/433/499 2634/425/491 2633/426/492
f 2632/433/499 2633/426/492 2629/428/494
f 2632/433/499 2629/428/494 2631/434/500
f 2631/434/500 2629/428/494 2630/435/501
f 2630/435/501 2629/428/494 2628/436/502
f 2630/435/501 2628/436/502 2627/437/503
f 2609/429/495 2628/436/502 2629/428/494
g ValveBiped.Bip01_Spine1
f 2609/429/495 2610/438/504 2628/436/502
f 2627/437/503 2628/436/502 2610/438/504
f 2627/437/503 2610/438/504 2611/439/505
f 2627/437/503 2611/439/505 2626/440/506
f 2626/440/506 2611/439/505 2612/441/507
f 2626/440/506 2612/441/507 2625/442/508
f 2625/442/508 2612/441/507 2613/443/509
f 2625/442/508 2613/443/509 2624/444/510
f 2624/444/510 2613/443/509 2614/445/511
f 2624/444/510 2614/445/511 2623/446/512
f 2623/446/512 2614/445/511 2615/447/513
f 2623/446/512 2615/447/513 2622/448/514
f 2622/448/514 2615/447/513 2616/295/336
f 2622/448/514 2616/295/336 2621/449/515
f 2621/449/515 2616/295/336 2618/284/325
f 2618/284/325 2619/266/308 2621/449/515
f 2620/265/307 2619/266/308 2618/284/325
f 2617/294/335 2616/295/336 2603/305/346
f 2603/305/346 2616/295/336 2615/447/513
f 2603/305/346 2615/447/513 2604/450/516
f 2604/450/516 2615/447/513 2614/445/511
f 2604/450/516 2614/445/511 2605/451/517
f 2605/451/517 2614/445/511 2613/443/509
f 2605/451/517 2613/443/509 2606/452/518
f 2606/452/518 2613/443/509 2612/441/507
f 2606/452/518 2612/441/507 2602/453/519
f 2602/453/519 2612/441/507 2611/439/505
f 2602/453/519 2611/439/505 2568/454/520
f 2568/454/520 2611/439/505 2610/438/504
f 2568/454/520 2610/438/504 2569/455/521
f 2569/455/521 2610/438/504 2609/429/495
f 2609/429/495 2571/456/522 2569/455/521
f 2607/427/493 2571/456/522 2609/429/495
f 2607/427/493 2573/400/466 2571/456/522
f 2608/398/464 2573/400/466 2607/427/493
f 2601/457/523 2606/452/518 2602/453/519
f 2599/458/524 2606/452/518 2601/457/523
f 2599/458/524 2605/451/517 2606/452/518
f 2597/459/525 2605/451/517 2599/458/524
f 2597/459/525 2604/450/516 2605/451/517
g ValveBiped.Bip01_Spine2
f 2597/459/525 2595/306/347 2604/450/516
f 2604/450/516 2595/306/347 2603/305/346
g ValveBiped.Bip01_Spine1
f 2568/454/520 2566/460/526 2602/453/519
f 2601/457/523 2602/453/519 2566/460/526
f 2601/457/523 2566/460/526 2564/461/527
f 2601/457/523 2564/461/527 2600/462/528
f 2601/457/523 2600/462/528 2599/458/524
f 2599/458/524 2600/462/528 2598/463/243
f 2599/458/524 2598/463/243 2597/459/525
g ValveBiped.Bip01_Spine2
f 2597/459/525 2598/463/243 2596/321/361
f 2597/459/525 2596/321/361 2595/306/347
f 2589/464/529 2594/465/530 2590/466/531
f 2594/465/530 2593/467/532 2590/466/531
f 2590/466/531 2593/467/532 2591/468/533
f 2565/469/534 2592/470/535 2564/461/527
f 2580/471/536 2592/470/535 2565/469/534
f 2580/471/536 2591/468/533 2592/470/535
f 2590/466/531 2591/468/533 2580/471/536
f 2581/472/537 2590/466/531 2580/471/536
f 2589/464/529 2590/466/531 2581/472/537
f 2581/472/537 2586/473/538 2589/464/529
g ValveBiped.Bip01_Spine4
f 2586/473/538 2588/474/539 2589/464/529
f 2586/473/538 2587/475/540 2588/474/539
g ValveBiped.Bip01_Spine2
f 2549/476/541 2587/475/540 2586/473/538
f 2585/477/542 2549/476/541 2586/473/538
f 2551/478/543 2549/476/541 2585/477/542
f 2584/479/544 2551/478/543 2585/477/542
f 2553/480/545 2551/478/543 2584/479/544
f 2584/479/544 2583/481/546 2553/480/545
f 2553/480/545 2583/481/546 2555/482/547
g ValveBiped.Bip01_Spine1
f 2583/481/546 2582/483/548 2555/482/547
f 2555/482/547 2582/483/548 2557/484/549
g ValveBiped.Bip01_Spine2
f 2585/477/542 2586/473/538 2581/472/537
f 2585/477/542 2581/472/537 2579/485/550
f 2585/477/542 2579/485/550 2584/479/544
f 2584/479/544 2579/485/550 2578/486/551
f 2584/479/544 2578/486/551 2583/481/546
g ValveBiped.Bip01_Spine1
f 2578/486/551 2577/487/552 2583/481/546
f 2583/481/546 2577/487/552 2582/483/548
f 2577/487/552 2570/488/553 2582/483/548
f 2582/483/548 2570/488/553 2572/489/554
f 2557/484/549 2582/483/548 2572/489/554
f 2557/484/549 2572/489/554 2559/490/555
g ValveBiped.Bip01_Spine2
f 2581/472/537 2580/471/536 2579/485/550
f 2579/485/550 2580/471/536 2565/469/534
f 2579/485/550 2565/469/534 2578/486/551
g ValveBiped.Bip01_Spine1
f 2578/486/551 2565/469/534 2563/491/556
f 2578/486/551 2563/491/556 2577/487/552
f 2563/491/556 2567/492/557 2577/487/552
f 2577/487/552 2567/492/557 2570/488/553
f 2541/408/474 2575/402/468 2576/404/470
f 2542/493/558 2575/402/468 2541/408/474
f 2542/493/558 2574/399/465 2575/402/468
f 2559/490/555 2574/399/465 2542/493/558
f 2559/490/555 2573/400/466 2574/399/465
f 2572/489/554 2573/400/466 2559/490/555
f 2572/489/554 2571/456/522 2573/400/466
f 2572/489/554 2570/488/553 2571/456/522
f 2569/455/521 2571/456/522 2570/488/553
f 2569/455/521 2570/488/553 2567/492/557
f 2569/455/521 2567/492/557 2568/454/520
f 2568/454/520 2567/492/557 2566/460/526
f 2563/491/556 2566/460/526 2567/492/557
f 2563/491/556 2564/461/527 2566/460/526
f 2565/469/534 2564/461/527 2563/491/556
f 2558/494/559 2560/495/560 2561/496/561
f 2556/497/562 2558/494/559 2561/496/561
g ValveBiped.Bip01_Spine2
f 2556/497/562 2561/496/561 2562/498/563
f 2562/498/563 2554/499/564 2556/497/562
f 2537/500/565 2554/499/564 2562/498/563
f 2552/501/566 2554/499/564 2537/500/565
f 2537/500/565 2538/502/567 2552/501/566
f 2552/501/566 2538/502/567 2550/503/568
f 2548/504/569 2539/505/570 2537/500/565
f 2548/504/569 2537/500/565 2562/498/563
f 2548/504/569 2562/498/563 2546/506/571
f 2562/498/563 2561/496/561 2546/506/571
g ValveBiped.Bip01_Spine1
f 2546/506/571 2561/496/561 2544/507/572
f 2561/496/561 2560/495/560 2544/507/572
f 2544/507/572 2560/495/560 2542/493/558
f 2558/494/559 2542/493/558 2560/495/560
f 2558/494/559 2559/490/555 2542/493/558
f 2557/484/549 2559/490/555 2558/494/559
f 2556/497/562 2557/484/549 2558/494/559
f 2556/497/562 2555/482/547 2557/484/549
g ValveBiped.Bip01_Spine2
f 2556/497/562 2554/499/564 2555/482/547
f 2553/480/545 2555/482/547 2554/499/564
f 2553/480/545 2554/499/564 2552/501/566
f 2553/480/545 2552/501/566 2551/478/543
f 2552/501/566 2550/503/568 2551/478/543
f 2551/478/543 2550/503/568 2549/476/541
f 2535/508/573 2539/505/570 2536/416/482
f 2548/504/569 2536/416/482 2539/505/570
f 2547/414/480 2536/416/482 2548/504/569
f 2548/504/569 2546/506/571 2547/414/480
g ValveBiped.Bip01_Spine1
f 2547/414/480 2546/506/571 2545/412/478
f 2546/506/571 2544/507/572 2545/412/478
f 2545/412/478 2544/507/572 2543/410/476
f 2544/507/572 2542/493/558 2543/410/476
f 2543/410/476 2542/493/558 2541/408/474
g ValveBiped.Bip01_Spine2
f 2535/508/573 2534/509/574 2540/510/575
f 2535/508/573 2540/510/575 2539/505/570
f 2539/505/570 2540/510/575 2538/502/567
f 2539/505/570 2538/502/567 2537/500/565
f 2535/508/573 2536/416/482 2529/417/483
f 2529/417/483 2530/511/576 2535/508/573
f 2530/511/576 2534/509/574 2535/508/573
f 2530/511/576 2531/512/577 2534/509/574
g ValveBiped.Bip01_Spine4
f 2531/512/577 2533/513/578 2534/509/574
f 2531/512/577 2532/514/579 2533/513/578
f 2506/515/580 2532/514/579 2531/512/577
g ValveBiped.Bip01_Spine2
f 2505/516/581 2506/515/580 2531/512/577
f 2505/516/581 2531/512/577 2530/511/576
f 2530/511/576 2521/517/582 2505/516/581
f 2529/417/483 2521/517/582 2530/511/576
f 2529/417/483 2522/518/583 2521/517/582
f 2528/415/481 2522/518/583 2529/417/483
g ValveBiped.Bip01_Spine1
f 2528/415/481 2523/519/584 2522/518/583
f 2528/415/481 2527/413/479 2523/519/584
f 2527/413/479 2524/520/585 2523/519/584
f 2527/413/479 2526/411/477 2524/520/585
f 2526/411/477 2525/418/484 2524/520/585
f 2525/418/484 2519/419/485 2517/521/586
f 2525/418/484 2517/521/586 2516/522/587
f 2524/520/585 2525/418/484 2516/522/587
f 2524/520/585 2516/522/587 2515/523/588
f 2523/519/584 2524/520/585 2515/523/588
f 2523/519/584 2515/523/588 2514/524/589
f 2523/519/584 2514/524/589 2522/518/583
f 2522/518/583 2514/524/589 2513/525/590
g ValveBiped.Bip01_Spine2
f 2522/518/583 2513/525/590 2521/517/582
f 2521/517/582 2513/525/590 2511/526/591
f 2521/517/582 2511/526/591 2505/516/581
f 2505/516/581 2511/526/591 2507/527/592
g ValveBiped.Bip01_Spine
f 2518/528/593 2519/419/485 2520/420/486
f 2518/528/593 2517/521/586 2519/419/485
f 2504/529/594 2517/521/586 2518/528/593
f 2504/529/594 2492/530/595 2517/521/586
g ValveBiped.Bip01_Spine1
f 2516/522/587 2517/521/586 2492/530/595
f 2516/522/587 2492/530/595 2493/531/596
f 2515/523/588 2516/522/587 2493/531/596
f 2515/523/588 2493/531/596 2495/532/597
f 2515/523/588 2495/532/597 2514/524/589
f 2514/524/589 2495/532/597 2497/533/155
f 2514/524/589 2497/533/155 2513/525/590
g ValveBiped.Bip01_Spine2
f 2513/525/590 2497/533/155 2512/534/598
f 2513/525/590 2512/534/598 2511/526/591
f 2511/526/591 2512/534/598 2510/535/599
f 2511/526/591 2510/535/599 2507/527/592
f 2507/527/592 2510/535/599 2509/536/600
f 2507/527/592 2509/536/600 2508/537/601
f 2507/527/592 2508/537/601 2506/515/580
f 2507/527/592 2506/515/580 2505/516/581
g ValveBiped.Bip01_Spine1
f 2503/538/602 2492/530/595 2504/529/594
f 2503/538/602 2491/539/603 2492/530/595
f 2502/540/234 2491/539/603 2503/538/602
f 2501/541/604 2491/539/603 2502/540/234
f 2501/541/604 2494/542/605 2491/539/603
f 2500/543/606 2494/542/605 2501/541/604
f 2500/543/606 2496/544/607 2494/542/605
f 2499/545/608 2496/544/607 2500/543/606
f 2498/546/609 2496/544/607 2499/545/608
f 2497/533/155 2496/544/607 2498/546/609
f 2495/532/597 2496/544/607 2497/533/155
f 2495/532/597 2494/542/605 2496/544/607
f 2493/531/596 2494/542/605 2495/532/597
f 2493/531/596 2491/539/603 2494/542/605
f 2493/531/596 2492/530/595 2491/539/603
g ValveBiped.Bip01_R_Thigh
f 2039/547/610 2487/548/611 2029/549/612
f 2026/550/613 2029/549/612 2487/548/611
f 2026/550/613 2487/548/611 2490/551/614
f 2490/551/614 2017/552/615 2026/550/613
f 2488/553/616 2017/552/615 2490/551/614
f 2488/553/616 2019/554/617 2017/552/615
f 2489/555/618 2019/554/617 2488/553/616
f 2489/555/618 2021/556/619 2019/554/617
f 2205/557/620 2021/556/619 2489/555/618
f 2489/555/618 2198/558/621 2205/557/620
f 2200/559/622 2198/558/621 2489/555/618
f 2489/555/618 2484/560/623 2200/559/622
f 2200/559/622 2484/560/623 2197/561/624
f 2197/561/624 2484/560/623 2485/562/625
f 2197/561/624 2485/562/625 2194/563/626
f 2486/564/627 2194/563/626 2485/562/625
f 2062/565/628 2194/563/626 2486/564/627
f 2486/564/627 2061/566/629 2062/565/628
f 2490/551/614 2487/548/611 2488/553/616
f 2488/553/616 2484/560/623 2489/555/618
f 2488/553/616 2487/548/611 2484/560/623
f 2486/564/627 2484/560/623 2487/548/611
f 2486/564/627 2487/548/611 2039/547/610
f 2039/547/610 2061/566/629 2486/564/627
f 2041/567/630 2061/566/629 2039/547/610
f 2039/547/610 2040/568/631 2041/567/630
f 2486/564/627 2485/562/625 2484/560/623
g ValveBiped.Bip01_L_Thigh
f 2480/569/632 2481/570/633 2482/571/634
f 2480/569/632 2482/571/634 2327/572/635
f 2480/569/632 2327/572/635 2330/573/636
f 2326/574/637 2482/571/634 2483/575/638
f 2326/574/637 2327/572/635 2482/571/634
f 2326/574/637 2356/576/639 2328/577/640
f 2483/575/638 2356/576/639 2326/574/637
f 2365/578/641 2356/576/639 2483/575/638
f 2483/575/638 2367/579/642 2365/578/641
f 2483/575/638 2482/571/634 2367/579/642
f 2482/571/634 2417/580/643 2367/579/642
f 2481/570/633 2417/580/643 2482/571/634
f 2481/570/633 2419/581/644 2417/580/643
f 2421/582/645 2419/581/644 2481/570/633
f 2480/569/632 2421/582/645 2481/570/633
f 2480/569/632 2443/583/646 2421/582/645
f 2330/573/636 2443/583/646 2480/569/632
f 2330/573/636 2441/584/647 2443/583/646
f 2331/585/648 2441/584/647 2330/573/636
f 2331/585/648 2440/586/649 2441/584/647
f 2477/587/650 2440/586/649 2331/585/648
f 2477/587/650 2451/588/651 2440/586/649
f 2474/589/652 2451/588/651 2477/587/650
f 2472/590/653 2479/591/654 2471/592/655
f 2475/593/656 2479/591/654 2472/590/653
f 2475/593/656 2478/594/657 2479/591/654
f 2475/593/656 2343/595/658 2478/594/657
f 2344/596/659 2343/595/658 2475/593/656
f 2475/593/656 2473/597/660 2344/596/659
f 2473/597/660 2337/598/661 2344/596/659
f 2473/597/660 2474/589/652 2337/598/661
f 2474/589/652 2335/599/662 2337/598/661
f 2333/600/663 2335/599/662 2474/589/652
f 2474/589/652 2477/587/650 2333/600/663
f 2333/600/663 2477/587/650 2331/585/648
f 2468/601/664 2476/602/665 2467/603/666
f 2472/590/653 2473/597/660 2475/593/656
f 2453/604/667 2451/588/651 2474/589/652
f 2473/597/660 2453/604/667 2474/589/652
f 2455/605/668 2453/604/667 2473/597/660
f 2472/590/653 2455/605/668 2473/597/660
f 2472/590/653 2457/606/669 2455/605/668
f 2472/590/653 2471/592/655 2457/606/669
f 2471/592/655 2458/607/670 2457/606/669
f 2471/592/655 2470/608/671 2458/607/670
f 2470/608/671 2469/609/672 2458/607/670
f 2458/607/670 2469/609/672 2468/601/664
f 2458/607/670 2468/601/664 2460/610/673
f 2468/601/664 2467/603/666 2460/610/673
f 2460/610/673 2467/603/666 2461/611/674
f 2461/611/674 2467/603/666 2466/612/675
f 2461/611/674 2466/612/675 2448/613/676
f 2448/613/676 2466/612/675 2465/614/677
f 2448/613/676 2465/614/677 2432/615/678
f 2432/615/678 2465/614/677 2431/616/679
f 2453/604/667 2464/617/680 2451/588/651
f 2454/618/681 2464/617/680 2453/604/667
f 2454/618/681 2463/619/682 2464/617/680
f 2462/620/683 2463/619/682 2454/618/681
f 2454/618/681 2459/621/684 2462/620/683
f 2456/622/685 2459/621/684 2454/618/681
f 2442/623/686 2440/586/649 2452/624/687
f 2450/625/688 2442/623/686 2452/624/687
f 2450/625/688 2452/624/687 2451/588/651
f 2450/625/688 2451/588/651 2449/626/689
f 2449/626/689 2451/588/651 2464/617/680
f 2449/626/689 2464/617/680 2447/627/690
f 2447/627/690 2464/617/680 2463/619/682
f 2447/627/690 2463/619/682 2448/613/676
f 2462/620/683 2448/613/676 2463/619/682
f 2462/620/683 2461/611/674 2448/613/676
f 2459/621/684 2461/611/674 2462/620/683
f 2459/621/684 2460/610/673 2461/611/674
f 2458/607/670 2460/610/673 2459/621/684
f 2456/622/685 2458/607/670 2459/621/684
f 2457/606/669 2458/607/670 2456/622/685
f 2455/605/668 2457/606/669 2456/622/685
f 2455/605/668 2456/622/685 2454/618/681
f 2455/605/668 2454/618/681 2453/604/667
f 2452/624/687 2440/586/649 2451/588/651
f 2449/626/689 2442/623/686 2450/625/688
f 2447/627/690 2442/623/686 2449/626/689
f 2447/627/690 2446/628/691 2442/623/686
f 2446/628/691 2445/629/692 2442/623/686
f 2442/623/686 2445/629/692 2444/630/693
f 2447/627/690 2448/613/676 2432/615/678
f 2447/627/690 2432/615/678 2446/628/691
f 2446/628/691 2432/615/678 2430/631/694
f 2446/628/691 2430/631/694 2445/629/692
f 2427/632/695 2445/629/692 2430/631/694
f 2425/633/696 2445/629/692 2427/632/695
f 2423/634/697 2445/629/692 2425/633/696
f 2423/634/697 2444/630/693 2445/629/692
f 2421/582/645 2444/630/693 2423/634/697
f 2443/583/646 2444/630/693 2421/582/645
f 2442/623/686 2444/630/693 2443/583/646
f 2443/583/646 2441/584/647 2442/623/686
f 2442/623/686 2441/584/647 2440/586/649
f 2426/635/698 2428/636/699 2439/637/700
f 2426/635/698 2439/637/700 2433/638/701
f 2433/638/701 2439/637/700 2438/639/702
f 2433/638/701 2438/639/702 2437/640/703
f 2437/640/703 2424/641/704 2433/638/701
f 2436/642/705 2424/641/704 2437/640/703
f 2435/643/706 2424/641/704 2436/642/705
f 2435/643/706 2422/644/707 2424/641/704
f 2434/645/708 2422/644/707 2435/643/706
f 2434/645/708 2420/646/709 2422/644/707
f 2418/647/710 2420/646/709 2434/645/708
f 2433/638/701 2424/641/704 2426/635/698
f 2432/615/678 2431/616/679 2430/631/694
f 2430/631/694 2431/616/679 2429/648/711
f 2430/631/694 2429/648/711 2427/632/695
f 2427/632/695 2429/648/711 2428/636/699
f 2427/632/695 2428/636/699 2426/635/698
f 2426/635/698 2425/633/696 2427/632/695
f 2426/635/698 2424/641/704 2425/633/696
f 2425/633/696 2424/641/704 2423/634/697
f 2423/634/697 2424/641/704 2422/644/707
f 2423/634/697 2422/644/707 2421/582/645
f 2421/582/645 2422/644/707 2420/646/709
f 2421/582/645 2420/646/709 2419/581/644
f 2418/647/710 2419/581/644 2420/646/709
f 2418/647/710 2417/580/643 2419/581/644
f 2416/649/712 2417/580/643 2418/647/710
f 2367/579/642 2417/580/643 2416/649/712
f 2415/650/713 2367/579/642 2416/649/712
f 2368/651/714 2367/579/642 2415/650/713
g ValveBiped.Bip01_Spine1
f 2412/652/715 2413/653/716 2414/654/234
f 2407/655/717 2408/656/718 2413/653/716
f 2407/655/717 2413/653/716 2412/652/715
f 2407/655/717 2412/652/715 2406/657/719
g ValveBiped.Bip01_Pelvis
f 2368/651/714 2381/658/720 2366/659/721
f 2411/660/722 2381/658/720 2368/651/714
f 2411/660/722 2395/661/723 2381/658/720
g ValveBiped.Bip01_Spine
f 2410/662/724 2395/661/723 2411/660/722
f 2410/662/724 2396/663/725 2395/661/723
f 2409/664/230 2396/663/725 2410/662/724
f 2408/656/718 2396/663/725 2409/664/230
f 2397/665/726 2396/663/725 2408/656/718
g ValveBiped.Bip01_Spine1
f 2407/655/717 2397/665/726 2408/656/718
g ValveBiped.Bip01_Spine
f 2398/666/727 2397/665/726 2407/655/717
f 2407/655/717 2406/657/719 2398/666/727
f 2398/666/727 2406/657/719 2405/667/593
f 2398/666/727 2405/667/593 2399/668/728
f 2399/668/728 2405/667/593 2404/669/729
f 2399/668/728 2404/669/729 2400/670/730
f 2400/670/730 2404/669/729 2403/671/731
f 2400/670/730 2403/671/731 2401/672/732
f 2401/672/732 2403/671/731 2402/673/733
f 2387/674/734 2402/673/733 2388/675/735
f 2401/672/732 2402/673/733 2387/674/734
f 2387/674/734 2386/676/736 2401/672/732
f 2401/672/732 2386/676/736 2385/677/737
f 2401/672/732 2385/677/737 2400/670/730
f 2400/670/730 2385/677/737 2394/678/738
f 2400/670/730 2394/678/738 2399/668/728
f 2399/668/728 2394/678/738 2393/679/739
f 2399/668/728 2393/679/739 2398/666/727
f 2398/666/727 2393/679/739 2392/680/740
f 2398/666/727 2392/680/740 2397/665/726
f 2392/680/740 2391/681/741 2397/665/726
f 2397/665/726 2391/681/741 2396/663/725
f 2382/682/742 2396/663/725 2391/681/741
f 2395/661/723 2396/663/725 2382/682/742
f 2382/682/742 2381/658/720 2395/661/723
f 2385/677/737 2384/683/743 2394/678/738
f 2394/678/738 2384/683/743 2383/684/744
f 2394/678/738 2383/684/744 2393/679/739
f 2393/679/739 2383/684/744 2391/681/741
f 2393/679/739 2391/681/741 2392/680/740
f 2382/682/742 2391/681/741 2383/684/744
f 2092/685/745 2390/686/746 2091/687/747
f 2376/688/748 2390/686/746 2092/685/745
f 2376/688/748 2389/689/749 2390/686/746
f 2377/690/750 2389/689/749 2376/688/748
f 2377/690/750 2388/675/735 2389/689/749
f 2387/674/734 2388/675/735 2377/690/750
f 2377/690/750 2378/691/751 2387/674/734
f 2387/674/734 2378/691/751 2386/676/736
f 2378/691/751 2379/692/752 2386/676/736
f 2386/676/736 2379/692/752 2385/677/737
f 2385/677/737 2379/692/752 2380/693/753
f 2385/677/737 2380/693/753 2384/683/743
f 2371/694/754 2384/683/743 2380/693/753
f 2371/694/754 2383/684/744 2384/683/743
f 2370/695/755 2383/684/744 2371/694/754
f 2382/682/742 2383/684/744 2370/695/755
f 2370/695/755 2364/696/756 2382/682/742
g ValveBiped.Bip01_Pelvis
f 2364/696/756 2381/658/720 2382/682/742
f 2364/696/756 2366/659/721 2381/658/720
g ValveBiped.Bip01_Spine
f 2371/694/754 2380/693/753 2372/697/757
f 2372/697/757 2380/693/753 2373/698/758
f 2373/698/758 2380/693/753 2379/692/752
f 2373/698/758 2379/692/752 2374/699/759
f 2378/691/751 2374/699/759 2379/692/752
f 2375/700/760 2374/699/759 2378/691/751
f 2377/690/750 2375/700/760 2378/691/751
f 2376/688/748 2375/700/760 2377/690/750
f 2092/685/745 2093/701/761 2376/688/748
f 2376/688/748 2093/701/761 2375/700/760
f 2093/701/761 2094/702/762 2375/700/760
f 2375/700/760 2094/702/762 2374/699/759
f 2358/703/763 2374/699/759 2094/702/762
f 2369/704/764 2374/699/759 2358/703/763
f 2373/698/758 2374/699/759 2369/704/764
f 2369/704/764 2360/705/765 2373/698/758
f 2373/698/758 2360/705/765 2372/697/757
g ValveBiped.Bip01_Pelvis
f 2372/697/757 2360/705/765 2361/706/766
g ValveBiped.Bip01_Spine
f 2372/697/757 2361/706/766 2371/694/754
g ValveBiped.Bip01_Pelvis
f 2371/694/754 2361/706/766 2362/707/767
g ValveBiped.Bip01_Spine
f 2371/694/754 2362/707/767 2370/695/755
g ValveBiped.Bip01_Pelvis
f 2370/695/755 2362/707/767 2363/708/768
f 2363/708/768 2364/696/756 2370/695/755
g ValveBiped.Bip01_Spine
f 2358/703/763 2359/709/769 2369/704/764
g ValveBiped.Bip01_Pelvis
f 2369/704/764 2359/709/769 2360/705/765
g ValveBiped.Bip01_L_Thigh
f 2368/651/714 2366/659/721 2367/579/642
f 2365/578/641 2367/579/642 2366/659/721
g ValveBiped.Bip01_Pelvis
f 2365/578/641 2366/659/721 2364/696/756
f 2365/578/641 2364/696/756 2356/576/639
f 2363/708/768 2356/576/639 2364/696/756
f 2355/710/770 2356/576/639 2363/708/768
f 2363/708/768 2362/707/767 2355/710/770
f 2355/710/770 2362/707/767 2357/711/771
f 2361/706/766 2357/711/771 2362/707/767
f 2352/712/772 2357/711/771 2361/706/766
f 2360/705/765 2352/712/772 2361/706/766
f 2360/705/765 2353/713/773 2352/712/772
f 2359/709/769 2353/713/773 2360/705/765
f 2354/714/774 2353/713/773 2359/709/769
f 2358/703/763 2354/714/774 2359/709/769
g ValveBiped.Bip01_Spine
f 2080/715/775 2354/714/774 2358/703/763
f 2358/703/763 2094/702/762 2080/715/775
f 2080/715/775 2094/702/762 2077/716/776
g ValveBiped.Bip01_L_Thigh
f 2352/712/772 2351/717/777 2357/711/771
f 2328/577/640 2357/711/771 2351/717/777
f 2355/710/770 2357/711/771 2328/577/640
f 2328/577/640 2356/576/639 2355/710/770
g ValveBiped.Bip01_Spine
f 2069/718/778 2068/719/779 2080/715/775
g ValveBiped.Bip01_Pelvis
f 2080/715/775 2068/719/779 2354/714/774
f 2068/719/779 2067/720/780 2354/714/774
f 2354/714/774 2067/720/780 2353/713/773
f 2347/721/781 2353/713/773 2067/720/780
f 2347/721/781 2352/712/772 2353/713/773
f 2347/721/781 2346/722/782 2352/712/772
g ValveBiped.Bip01_L_Thigh
f 2346/722/782 2351/717/777 2352/712/772
f 2346/722/782 2334/723/783 2351/717/777
f 2332/724/784 2351/717/777 2334/723/783
f 2328/577/640 2351/717/777 2332/724/784
f 2332/724/784 2329/725/785 2328/577/640
g ValveBiped.Bip01_Pelvis
f 2065/726/786 2349/727/787 2350/728/788
g ValveBiped.Bip01_R_Thigh
f 2063/729/789 2348/730/790 2065/726/786
g ValveBiped.Bip01_L_Thigh
f 2065/726/786 2347/721/781 2064/731/791
g ValveBiped.Bip01_Pelvis
f 2065/726/786 2350/728/788 2347/721/781
f 2350/728/788 2336/732/792 2347/721/781
f 2349/727/787 2336/732/792 2350/728/788
g ValveBiped.Bip01_L_Thigh
f 2349/727/787 2338/733/793 2336/732/792
g ValveBiped.Bip01_Pelvis
f 2349/727/787 2340/734/794 2338/733/793
f 2345/735/795 2340/734/794 2349/727/787
g ValveBiped.Bip01_R_Thigh
f 2065/726/786 2345/735/795 2349/727/787
f 2065/726/786 1974/736/796 2345/735/795
f 2065/726/786 2348/730/790 1974/736/796
f 2348/730/790 1951/737/797 1974/736/796
f 1954/738/798 1951/737/797 2348/730/790
f 2063/729/789 1954/738/798 2348/730/790
f 1956/739/799 1954/738/798 2063/729/789
f 2063/729/789 2066/740/800 1956/739/799
f 1956/739/799 2066/740/800 1958/741/801
f 2066/740/800 2049/742/802 1958/741/801
g ValveBiped.Bip01_Pelvis
f 1958/741/801 2049/742/802 2048/743/803
f 2347/721/781 2067/720/780 2064/731/791
g ValveBiped.Bip01_L_Thigh
f 2347/721/781 2336/732/792 2346/722/782
f 2336/732/792 2334/723/783 2346/722/782
g ValveBiped.Bip01_R_Thigh
f 1974/736/796 1972/744/804 2345/735/795
f 2345/735/795 1972/744/804 2340/734/794
g ValveBiped.Bip01_L_Thigh
f 2344/596/659 2337/598/661 2339/745/805
f 2339/745/805 2341/746/806 2344/596/659
f 2344/596/659 2341/746/806 2343/595/658
g ValveBiped.Bip01_R_Thigh
f 1973/747/807 2325/748/808 1972/744/804
f 1972/744/804 2325/748/808 2340/734/794
g ValveBiped.Bip01_Pelvis
f 2340/734/794 2325/748/808 2342/749/809
f 2341/746/806 2340/734/794 2342/749/809
f 2339/745/805 2340/734/794 2341/746/806
g ValveBiped.Bip01_L_Thigh
f 2339/745/805 2338/733/793 2340/734/794
f 2337/598/661 2338/733/793 2339/745/805
f 2337/598/661 2336/732/792 2338/733/793
f 2337/598/661 2335/599/662 2336/732/792
f 2336/732/792 2335/599/662 2334/723/783
f 2333/600/663 2334/723/783 2335/599/662
f 2332/724/784 2334/723/783 2333/600/663
f 2333/600/663 2331/585/648 2332/724/784
f 2332/724/784 2331/585/648 2329/725/785
f 2330/573/636 2329/725/785 2331/585/648
f 2330/573/636 2327/572/635 2329/725/785
f 2328/577/640 2329/725/785 2327/572/635
f 2328/577/640 2327/572/635 2326/574/637
g ValveBiped.Bip01_R_Thigh
f 2318/750/810 2317/751/811 2315/752/812
f 2318/750/810 2315/752/812 2319/753/813
f 2319/753/813 2315/752/812 2313/754/814
f 2319/753/813 2313/754/814 2320/755/815
f 2320/755/815 2313/754/814 2321/756/816
f 2321/756/816 2313/754/814 2311/757/817
f 1973/747/807 2324/758/818 2325/748/808
f 2310/759/819 2324/758/818 1973/747/807
f 2310/759/819 2323/760/820 2324/758/818
f 2310/759/819 2322/761/821 2323/760/820
f 2309/762/822 2322/761/821 2310/759/819
f 2309/762/822 2321/756/816 2322/761/821
f 2309/762/822 2320/755/815 2321/756/816
f 2308/763/823 2320/755/815 2309/762/822
f 2308/763/823 2319/753/813 2320/755/815
f 1976/764/824 2319/753/813 2308/763/823
f 1976/764/824 2318/750/810 2319/753/813
f 1976/764/824 1977/765/825 2318/750/810
f 1977/765/825 2317/751/811 2318/750/810
f 1977/765/825 1978/766/826 2317/751/811
f 1978/766/826 1979/767/827 2317/751/811
f 2317/751/811 1979/767/827 2316/768/828
f 2317/751/811 2316/768/828 2315/752/812
f 2315/752/812 2316/768/828 2314/769/829
f 2315/752/812 2314/769/829 2313/754/814
f 2313/754/814 2314/769/829 2312/770/830
f 2313/754/814 2312/770/830 2311/757/817
f 1975/771/831 2310/759/819 1973/747/807
f 1975/771/831 2309/762/822 2310/759/819
f 1975/771/831 2308/763/823 2309/762/822
f 1975/771/831 1976/764/824 2308/763/823
f 2307/772/832 2306/773/833 2305/774/834
f 2305/774/834 2306/773/833 2304/775/835
f 2305/774/834 2304/775/835 2303/776/836
f 2303/776/836 2304/775/835 2301/777/837
f 2303/776/836 2301/777/837 2302/778/838
f 2302/778/838 2301/777/837 1921/779/839
f 1921/779/839 2301/777/837 1922/780/840
g ValveBiped.Bip01_L_Thigh
f 2300/781/841 2290/782/842 2289/783/843
f 2300/781/841 2293/784/844 2290/782/842
f 2247/785/845 2293/784/844 2300/781/841
f 2247/785/845 2245/786/846 2293/784/844
f 2282/787/847 2293/784/844 2245/786/846
f 2294/788/848 2295/789/849 2292/790/850
f 2292/790/850 2295/789/849 2296/791/851
f 2292/790/850 2296/791/851 2291/792/852
f 2291/792/852 2296/791/851 2299/793/853
f 2299/793/853 2296/791/851 2297/794/854
f 2278/795/855 2277/796/856 2285/797/857
f 2298/798/858 2278/795/855 2285/797/857
f 2297/794/854 2278/795/855 2298/798/858
f 2297/794/854 2283/799/859 2278/795/855
f 2297/794/854 2296/791/851 2283/799/859
f 2279/800/860 2283/799/859 2296/791/851
f 2279/800/860 2296/791/851 2295/789/849
f 2279/800/860 2295/789/849 2280/801/861
f 2280/801/861 2295/789/849 2281/802/862
f 2282/787/847 2281/802/862 2295/789/849
f 2282/787/847 2295/789/849 2294/788/848
f 2294/788/848 2293/784/844 2282/787/847
f 2292/790/850 2293/784/844 2294/788/848
f 2292/790/850 2290/782/842 2293/784/844
f 2291/792/852 2290/782/842 2292/790/850
f 2291/792/852 2288/803/703 2290/782/842
f 2289/783/843 2290/782/842 2288/803/703
f 2289/783/843 2288/803/703 2287/804/863
g ValveBiped.Bip01_Pelvis
f 2286/805/864 2275/806/865 2274/807/866
f 2286/805/864 2276/808/867 2275/806/865
g ValveBiped.Bip01_L_Thigh
f 2284/809/868 2276/808/867 2286/805/864
f 2284/809/868 2277/796/856 2276/808/867
f 2285/797/857 2277/796/856 2284/809/868
f 2279/800/860 2278/795/855 2283/799/859
f 2282/787/847 2245/786/846 2246/810/869
f 2246/810/869 2262/811/870 2282/787/847
f 2282/787/847 2262/811/870 2281/802/862
f 2264/812/871 2281/802/862 2262/811/870
f 2280/801/861 2281/802/862 2264/812/871
f 2264/812/871 2270/813/872 2280/801/861
f 2280/801/861 2270/813/872 2279/800/860
f 2279/800/860 2270/813/872 2269/814/873
f 2279/800/860 2269/814/873 2278/795/855
f 2269/814/873 2268/815/874 2278/795/855
f 2278/795/855 2268/815/874 2277/796/856
f 2266/816/875 2277/796/856 2268/815/874
g ValveBiped.Bip01_Pelvis
f 2266/816/875 2276/808/867 2277/796/856
f 2266/816/875 2267/185/189 2276/808/867
f 2275/806/865 2276/808/867 2267/185/189
f 2275/806/865 2267/185/189 2273/228/232
f 2274/807/866 2275/806/865 2273/228/232
f 2274/807/866 2273/228/232 2272/227/231
g ValveBiped.Bip01_L_Thigh
f 2263/817/876 2259/818/877 2258/819/878
f 2258/819/878 2265/820/879 2263/817/876
g ValveBiped.Bip01_Pelvis
f 2158/821/880 2265/820/879 2258/819/878
f 2159/822/881 2265/820/879 2158/821/880
f 2271/823/882 2265/820/879 2159/822/881
f 2159/822/881 2146/824/883 2271/823/882
f 2271/823/882 2146/824/883 2143/825/884
f 2271/823/882 2143/825/884 2265/820/879
f 2144/826/885 2265/820/879 2143/825/884
g ValveBiped.Bip01_L_Thigh
f 2264/812/871 2265/820/879 2144/826/885
f 2144/826/885 2270/813/872 2264/812/871
f 2142/827/886 2270/813/872 2144/826/885
f 2142/827/886 2269/814/873 2270/813/872
f 2142/827/886 2152/828/887 2269/814/873
f 2269/814/873 2152/828/887 2268/815/874
g ValveBiped.Bip01_Pelvis
f 2266/816/875 2268/815/874 2152/828/887
f 2266/816/875 2152/828/887 2153/186/190
f 2153/186/190 2267/185/189 2266/816/875
g ValveBiped.Bip01_L_Thigh
f 2263/817/876 2265/820/879 2264/812/871
f 2264/812/871 2262/811/870 2263/817/876
f 2256/829/888 2251/830/889 2253/831/890
f 2261/832/891 2251/830/889 2256/829/888
f 2261/832/891 2249/833/892 2251/830/889
f 2260/834/893 2249/833/892 2261/832/891
f 2260/834/893 2244/835/894 2249/833/892
f 2246/810/869 2244/835/894 2260/834/893
f 2260/834/893 2262/811/870 2246/810/869
f 2260/834/893 2259/818/877 2262/811/870
f 2263/817/876 2262/811/870 2259/818/877
f 2256/829/888 2257/836/895 2261/832/891
f 2261/832/891 2257/836/895 2259/818/877
f 2261/832/891 2259/818/877 2260/834/893
f 2258/819/878 2259/818/877 2257/836/895
g ValveBiped.Bip01_Pelvis
f 2258/819/878 2157/837/896 2158/821/880
f 2258/819/878 2239/838/897 2157/837/896
f 2257/836/895 2239/838/897 2258/819/878
f 2257/836/895 2241/839/898 2239/838/897
f 2256/829/888 2241/839/898 2257/836/895
g ValveBiped.Bip01_L_Thigh
f 2243/840/899 2241/839/898 2256/829/888
f 2256/829/888 2253/831/890 2243/840/899
f 2243/840/899 2253/831/890 2255/841/900
f 2254/842/901 2255/841/900 2253/831/890
f 2254/842/901 2253/831/890 2252/843/902
f 2252/843/902 2253/831/890 2251/830/889
f 2252/843/902 2251/830/889 2250/844/903
f 2250/844/903 2251/830/889 2249/833/892
f 2250/844/903 2249/833/892 2248/845/904
f 2248/845/904 2249/833/892 2244/835/894
f 2248/845/904 2244/835/894 2247/785/845
f 2247/785/845 2244/835/894 2245/786/846
f 2246/810/869 2245/786/846 2244/835/894
f 2242/846/905 2241/839/898 2243/840/899
f 2240/847/906 2241/839/898 2242/846/905
f 2240/847/906 2239/838/897 2241/839/898
f 2238/848/657 2239/838/897 2240/847/906
g ValveBiped.Bip01_Pelvis
f 2238/848/657 2157/837/896 2239/838/897
g ValveBiped.Bip01_L_Thigh
f 2234/849/658 2157/837/896 2238/848/657
g ValveBiped.Bip01_Pelvis
f 2167/850/907 2235/851/908 2181/852/909
f 2167/850/907 2236/853/910 2235/851/908
f 2167/850/907 2161/854/911 2236/853/910
f 2237/855/912 2236/853/910 2161/854/911
f 2237/855/912 2161/854/911 2160/856/913
f 2160/856/913 2231/857/914 2237/855/912
f 2237/855/912 2231/857/914 2236/853/910
f 2229/858/915 2236/853/910 2231/857/914
g ValveBiped.Bip01_R_Thigh
f 2227/859/916 2236/853/910 2229/858/915
g ValveBiped.Bip01_Pelvis
f 2227/859/916 2235/851/908 2236/853/910
f 2227/859/916 2182/860/917 2235/851/908
f 2173/861/918 2235/851/908 2182/860/917
f 2181/852/909 2235/851/908 2173/861/918
f 2173/861/918 2175/862/919 2181/852/909
f 2230/863/920 2232/864/921 2233/865/806
f 2234/849/658 2156/866/922 2157/837/896
f 2233/865/806 2156/866/922 2234/849/658
f 2233/865/806 2232/864/921 2156/866/922
f 2160/856/913 2156/866/922 2232/864/921
f 2160/856/913 2232/864/921 2231/857/914
f 2231/857/914 2232/864/921 2230/863/920
f 2229/858/915 2231/857/914 2230/863/920
g ValveBiped.Bip01_R_Thigh
f 2229/858/915 2230/863/920 2228/867/808
f 2229/858/915 2228/867/808 2227/859/916
f 2227/859/916 2228/867/808 2214/868/818
f 2227/859/916 2214/868/818 2215/869/923
f 2215/869/923 2182/860/917 2227/859/916
g ValveBiped.Bip01_Pelvis
f 2215/869/923 2218/870/924 2182/860/917
f 2182/860/917 2218/870/924 2171/871/925
g ValveBiped.Bip01_R_Thigh
f 2220/872/926 2171/871/925 2218/870/924
f 2170/873/927 2171/871/925 2220/872/926
f 2220/872/926 2212/874/928 2170/873/927
f 2170/873/927 2212/874/928 2169/875/929
f 2223/876/930 2224/877/931 2226/878/932
f 2217/879/933 2216/880/934 2219/881/935
f 2219/881/935 2216/880/934 2225/882/936
f 2219/881/935 2225/882/936 2224/877/931
f 2219/881/935 2224/877/931 2221/883/937
f 2223/876/930 2221/883/937 2224/877/931
f 2222/884/938 2221/883/937 2223/876/930
f 2211/885/939 2212/874/928 2222/884/938
f 2222/884/938 2212/874/928 2221/883/937
f 2220/872/926 2221/883/937 2212/874/928
f 2219/881/935 2221/883/937 2220/872/926
f 2220/872/926 2218/870/924 2219/881/935
f 2219/881/935 2218/870/924 2217/879/933
f 2217/879/933 2218/870/924 2215/869/923
f 2215/869/923 2216/880/934 2217/879/933
f 2215/869/923 2213/886/820 2216/880/934
f 2215/869/923 2214/868/818 2213/886/820
f 2211/885/939 2169/875/929 2212/874/928
f 2211/885/939 2189/887/940 2169/875/929
f 2210/888/941 2189/887/940 2211/885/939
f 2210/888/941 2204/889/942 2189/887/940
f 2209/890/943 2204/889/942 2210/888/941
f 2209/890/943 2203/891/944 2204/889/942
f 2208/892/945 2203/891/944 2209/890/943
f 2208/892/945 2202/893/946 2203/891/944
f 2207/894/947 2202/893/946 2208/892/945
f 2207/894/947 2201/895/948 2202/893/946
f 2206/896/949 2201/895/948 2207/894/947
f 2206/896/949 2199/897/950 2201/895/948
f 2028/898/951 2199/897/950 2206/896/949
f 2028/898/951 2198/558/621 2199/897/950
f 2028/898/951 2027/899/952 2198/558/621
f 2198/558/621 2027/899/952 2205/557/620
f 2205/557/620 2027/899/952 2022/900/953
f 2205/557/620 2022/900/953 2021/556/619
f 2188/901/954 2189/887/940 2204/889/942
f 2188/901/954 2204/889/942 2190/902/955
f 2190/902/955 2204/889/942 2203/891/944
f 2190/902/955 2203/891/944 2192/903/956
f 2192/903/956 2203/891/944 2202/893/946
f 2192/903/956 2202/893/946 2196/904/957
f 2196/904/957 2202/893/946 2201/895/948
f 2196/904/957 2201/895/948 2197/561/624
f 2197/561/624 2201/895/948 2199/897/950
f 2197/561/624 2199/897/950 2200/559/622
f 2200/559/622 2199/897/950 2198/558/621
f 2197/561/624 2194/563/626 2196/904/957
f 2196/904/957 2194/563/626 2192/903/956
g ValveBiped.Bip01_Pelvis
f 2186/905/958 2187/906/959 2191/907/960
f 2186/905/958 2191/907/960 2185/908/961
g ValveBiped.Bip01_R_Thigh
f 2185/908/961 2191/907/960 2193/909/962
f 2185/908/961 2193/909/962 2195/910/963
f 2195/910/963 2060/911/964 2185/908/961
f 2062/565/628 2060/911/964 2195/910/963
f 2195/910/963 2193/909/962 2062/565/628
f 2062/565/628 2193/909/962 2194/563/626
f 2192/903/956 2194/563/626 2193/909/962
f 2192/903/956 2193/909/962 2191/907/960
f 2192/903/956 2191/907/960 2190/902/955
f 2190/902/955 2191/907/960 2187/906/959
f 2190/902/955 2187/906/959 2188/901/954
f 2168/912/965 2169/875/929 2189/887/940
f 2168/912/965 2189/887/940 2188/901/954
f 2188/901/954 2172/913/966 2168/912/965
f 2188/901/954 2187/906/959 2172/913/966
g ValveBiped.Bip01_Pelvis
f 2174/914/967 2172/913/966 2187/906/959
f 2174/914/967 2187/906/959 2186/905/958
f 2186/905/958 2176/915/968 2174/914/967
f 2185/908/961 2176/915/968 2186/905/958
f 2185/908/961 2183/916/969 2176/915/968
f 2185/908/961 2060/911/964 2183/916/969
f 2184/917/970 2183/916/969 2060/911/964
f 2184/917/970 2060/911/964 2059/918/971
f 2059/918/971 2180/919/972 2184/917/970
f 2058/920/973 2180/919/972 2059/918/971
f 2166/921/974 2180/919/972 2058/920/973
f 2057/922/975 2166/921/974 2058/920/973
f 2075/923/976 2166/921/974 2057/922/975
f 2075/923/976 2057/922/975 2056/924/977
f 2184/917/970 2180/919/972 2178/925/978
f 2178/925/978 2183/916/969 2184/917/970
f 2178/925/978 2176/915/968 2183/916/969
f 2182/860/917 2171/871/925 2173/861/918
f 2181/852/909 2175/862/919 2167/850/907
f 2167/850/907 2175/862/919 2177/926/979
f 2167/850/907 2177/926/979 2164/927/980
f 2177/926/979 2179/928/981 2164/927/980
f 2164/927/980 2179/928/981 2165/929/982
f 2165/929/982 2179/928/981 2166/921/974
f 2166/921/974 2179/928/981 2180/919/972
f 2178/925/978 2180/919/972 2179/928/981
f 2178/925/978 2179/928/981 2177/926/979
f 2177/926/979 2176/915/968 2178/925/978
f 2177/926/979 2175/862/919 2176/915/968
f 2174/914/967 2176/915/968 2175/862/919
f 2174/914/967 2175/862/919 2173/861/918
f 2173/861/918 2172/913/966 2174/914/967
f 2173/861/918 2171/871/925 2172/913/966
g ValveBiped.Bip01_R_Thigh
f 2168/912/965 2172/913/966 2171/871/925
f 2168/912/965 2171/871/925 2170/873/927
f 2170/873/927 2169/875/929 2168/912/965
g ValveBiped.Bip01_Pelvis
f 2163/930/983 2162/931/984 2161/854/911
f 2163/930/983 2161/854/911 2167/850/907
f 2167/850/907 2164/927/980 2163/930/983
g ValveBiped.Bip01_Spine1
f 2084/932/985 2102/933/986 2075/923/976
g ValveBiped.Bip01_Pelvis
f 2102/933/986 2166/921/974 2075/923/976
f 2103/934/987 2166/921/974 2102/933/986
f 2103/934/987 2165/929/982 2166/921/974
f 2103/934/987 2151/935/988 2165/929/982
f 2164/927/980 2165/929/982 2151/935/988
f 2150/936/989 2164/927/980 2151/935/988
f 2163/930/983 2164/927/980 2150/936/989
f 2150/936/989 2149/937/990 2163/930/983
f 2163/930/983 2149/937/990 2162/931/984
f 2148/938/991 2162/931/984 2149/937/990
f 2148/938/991 2161/854/911 2162/931/984
f 2148/938/991 2146/824/883 2161/854/911
f 2160/856/913 2161/854/911 2146/824/883
f 2160/856/913 2146/824/883 2159/822/881
f 2159/822/881 2156/866/922 2160/856/913
f 2158/821/880 2156/866/922 2159/822/881
f 2158/821/880 2157/837/896 2156/866/922
f 2133/190/194 2155/188/192 2134/939/992
f 2134/939/992 2155/188/192 2147/940/993
f 2147/940/993 2155/188/192 2154/184/188
f 2154/184/188 2153/186/190 2147/940/993
f 2147/940/993 2153/186/190 2145/941/994
f 2153/186/190 2152/828/887 2145/941/994
f 2142/827/886 2145/941/994 2152/828/887
g ValveBiped.Bip01_Spine1
f 2104/942/995 2122/943/996 2103/934/987
g ValveBiped.Bip01_Pelvis
f 2122/943/996 2151/935/988 2103/934/987
f 2120/944/997 2151/935/988 2122/943/996
f 2150/936/989 2151/935/988 2120/944/997
f 2120/944/997 2118/945/998 2150/936/989
f 2150/936/989 2118/945/998 2138/946/999
f 2138/946/999 2136/947/1000 2150/936/989
f 2150/936/989 2136/947/1000 2149/937/990
f 2134/939/992 2149/937/990 2136/947/1000
f 2148/938/991 2149/937/990 2134/939/992
f 2134/939/992 2147/940/993 2148/938/991
f 2148/938/991 2147/940/993 2146/824/883
f 2147/940/993 2145/941/994 2146/824/883
f 2146/824/883 2145/941/994 2143/825/884
f 2143/825/884 2145/941/994 2142/827/886
f 2144/826/885 2143/825/884 2142/827/886
f 2115/948/1001 2116/949/1002 2141/950/1003
f 2141/950/1003 2116/949/1002 2131/951/1004
f 2141/950/1003 2131/951/1004 2140/952/1005
f 2140/952/1005 2131/951/1004 2135/953/1006
f 2140/952/1005 2135/953/1006 2137/954/1007
f 2139/955/1008 2118/945/998 2117/956/1009
f 2139/955/1008 2138/946/999 2118/945/998
f 2137/954/1007 2138/946/999 2139/955/1008
f 2137/954/1007 2136/947/1000 2138/946/999
f 2137/954/1007 2135/953/1006 2136/947/1000
f 2135/953/1006 2134/939/992 2136/947/1000
f 2131/951/1004 2134/939/992 2135/953/1006
f 2131/951/1004 2133/190/194 2134/939/992
f 2119/957/1010 2133/190/194 2131/951/1004
g ValveBiped.Bip01_Spine1
f 2132/192/196 2133/190/194 2119/957/1010
f 2130/958/1011 2132/192/196 2119/957/1010
f 2130/958/1011 2119/957/1010 2121/959/1012
f 2121/959/1012 2124/960/1013 2130/958/1011
f 2130/958/1011 2129/194/198 2132/192/196
g ValveBiped.Bip01_Pelvis
f 2131/951/1004 2116/949/1002 2119/957/1010
g ValveBiped.Bip01_Spine1
f 2123/961/1014 2124/960/1013 2121/959/1012
f 2130/958/1011 2124/960/1013 2129/194/198
f 2125/962/1015 2129/194/198 2124/960/1013
f 2128/196/200 2129/194/198 2125/962/1015
f 2127/198/202 2128/196/200 2125/962/1015
f 2127/198/202 2125/962/1015 2126/201/205
f 2108/203/207 2126/201/205 2125/962/1015
f 2125/962/1015 2124/960/1013 2108/203/207
f 2108/203/207 2124/960/1013 2106/963/1016
f 2123/961/1014 2106/963/1016 2124/960/1013
f 2104/942/995 2106/963/1016 2123/961/1014
f 2123/961/1014 2122/943/996 2104/942/995
f 2121/959/1012 2122/943/996 2123/961/1014
f 2121/959/1012 2120/944/997 2122/943/996
f 2121/959/1012 2119/957/1010 2120/944/997
g ValveBiped.Bip01_Pelvis
f 2119/957/1010 2118/945/998 2120/944/997
f 2119/957/1010 2116/949/1002 2118/945/998
f 2117/956/1009 2118/945/998 2116/949/1002
f 2117/956/1009 2116/949/1002 2115/948/1001
g ValveBiped.Bip01_Spine1
f 2109/202/206 2113/964/512 2114/200/204
f 2107/965/1017 2105/966/1018 2112/967/1019
f 2112/967/1019 2109/202/206 2107/965/1017
f 2112/967/1019 2111/968/1020 2109/202/206
f 2111/968/1020 2113/964/512 2109/202/206
f 2111/968/1020 2110/969/1021 2113/964/512
f 2101/970/1022 2100/971/1023 2105/966/1018
f 2112/967/1019 2105/966/1018 2100/971/1023
f 2112/967/1019 2100/971/1023 2099/972/1024
f 2099/972/1024 2111/968/1020 2112/967/1019
f 2099/972/1024 2098/973/1025 2111/968/1020
f 2098/973/1025 2110/969/1021 2111/968/1020
f 2098/973/1025 2097/974/508 2110/969/1021
f 2107/965/1017 2109/202/206 2108/203/207
f 2108/203/207 2106/963/1016 2107/965/1017
f 2107/965/1017 2106/963/1016 2105/966/1018
f 2104/942/995 2105/966/1018 2106/963/1016
f 2101/970/1022 2105/966/1018 2104/942/995
f 2104/942/995 2103/934/987 2101/970/1022
f 2101/970/1022 2103/934/987 2102/933/986
f 2101/970/1022 2102/933/986 2084/932/985
f 2084/932/985 2100/971/1023 2101/970/1022
f 2084/932/985 2085/975/1026 2100/971/1023
f 2099/972/1024 2100/971/1023 2085/975/1026
f 2099/972/1024 2085/975/1026 2086/976/1027
f 2086/976/1027 2098/973/1025 2099/972/1024
f 2086/976/1027 2095/977/1028 2098/973/1025
f 2095/977/1028 2097/974/508 2098/973/1025
f 2095/977/1028 2096/978/1029 2097/974/508
f 2087/979/1030 2096/978/1029 2095/977/1028
f 2087/979/1030 2088/980/1031 2096/978/1029
f 2087/979/1030 2095/977/1028 2086/976/1027
g ValveBiped.Bip01_Spine
f 2093/701/761 2077/716/776 2094/702/762
f 2079/981/1032 2077/716/776 2093/701/761
f 2092/685/745 2079/981/1032 2093/701/761
f 2081/982/1033 2079/981/1032 2092/685/745
f 2092/685/745 2091/687/747 2081/982/1033
f 2081/982/1033 2091/687/747 2082/983/1034
f 2082/983/1034 2091/687/747 2090/984/1035
f 2082/983/1034 2090/984/1035 2089/985/1036
f 2082/983/1034 2089/985/1036 2083/986/1037
f 2083/986/1037 2089/985/1036 2088/980/1031
f 2083/986/1037 2088/980/1031 2087/979/1030
f 2087/979/1030 2072/987/1038 2083/986/1037
g ValveBiped.Bip01_Spine1
f 2087/979/1030 2086/976/1027 2072/987/1038
f 2086/976/1027 2073/988/1039 2072/987/1038
f 2086/976/1027 2085/975/1026 2073/988/1039
g ValveBiped.Bip01_Pelvis
f 2074/989/1040 2073/988/1039 2085/975/1026
g ValveBiped.Bip01_Spine1
f 2074/989/1040 2085/975/1026 2084/932/985
g ValveBiped.Bip01_Pelvis
f 2084/932/985 2075/923/976 2074/989/1040
g ValveBiped.Bip01_Spine
f 2083/986/1037 2072/987/1038 2071/990/1041
f 2083/986/1037 2071/990/1041 2082/983/1034
f 2082/983/1034 2071/990/1041 2076/991/1042
f 2082/983/1034 2076/991/1042 2081/982/1033
f 2081/982/1033 2076/991/1042 2079/981/1032
f 2076/991/1042 2070/992/1043 2079/981/1032
f 2079/981/1032 2070/992/1043 2078/993/1044
f 2069/718/778 2078/993/1044 2070/992/1043
f 2080/715/775 2078/993/1044 2069/718/778
f 2080/715/775 2077/716/776 2078/993/1044
f 2079/981/1032 2078/993/1044 2077/716/776
f 2071/990/1041 2070/992/1043 2076/991/1042
g ValveBiped.Bip01_Pelvis
f 2074/989/1040 2075/923/976 2056/924/977
f 2074/989/1040 2056/924/977 2055/994/1045
f 2055/994/1045 2073/988/1039 2074/989/1040
g ValveBiped.Bip01_Spine
f 2055/994/1045 2054/995/1046 2073/988/1039
f 2072/987/1038 2073/988/1039 2054/995/1046
f 2072/987/1038 2054/995/1046 2071/990/1041
f 2071/990/1041 2054/995/1046 2053/996/1047
f 2071/990/1041 2053/996/1047 2070/992/1043
f 2051/997/1048 2070/992/1043 2053/996/1047
f 2069/718/778 2070/992/1043 2051/997/1048
f 2051/997/1048 2050/998/1049 2069/718/778
g ValveBiped.Bip01_Pelvis
f 2069/718/778 2050/998/1049 2068/719/779
f 2050/998/1049 2049/742/802 2068/719/779
f 2068/719/779 2049/742/802 2067/720/780
f 2066/740/800 2067/720/780 2049/742/802
g ValveBiped.Bip01_R_Thigh
f 2064/731/791 2067/720/780 2066/740/800
f 2063/729/789 2064/731/791 2066/740/800
f 2065/726/786 2064/731/791 2063/729/789
g ValveBiped.Bip01_Spine
f 2051/997/1048 2053/996/1047 2052/999/1050
g ValveBiped.Bip01_R_Thigh
f 2062/565/628 2061/566/629 2060/911/964
f 2041/567/630 2060/911/964 2061/566/629
f 2059/918/971 2060/911/964 2041/567/630
f 2042/1000/1051 2059/918/971 2041/567/630
g ValveBiped.Bip01_Pelvis
f 2042/1000/1051 2058/920/973 2059/918/971
f 2043/1001/1052 2058/920/973 2042/1000/1051
f 2057/922/975 2058/920/973 2043/1001/1052
f 2056/924/977 2057/922/975 2043/1001/1052
f 2056/924/977 2043/1001/1052 2044/1002/1053
f 2055/994/1045 2056/924/977 2044/1002/1053
g ValveBiped.Bip01_Spine
f 2055/994/1045 2044/1002/1053 2045/1003/1054
f 2045/1003/1054 2054/995/1046 2055/994/1045
f 2045/1003/1054 2053/996/1047 2054/995/1046
f 2052/999/1050 2053/996/1047 2045/1003/1054
f 2045/1003/1054 2046/1004/1055 2052/999/1050
f 2052/999/1050 2046/1004/1055 2051/997/1048
g ValveBiped.Bip01_Pelvis
f 2051/997/1048 2046/1004/1055 2047/1005/1056
f 2051/997/1048 2047/1005/1056 2050/998/1049
f 2047/1005/1056 2048/743/803 2050/998/1049
f 2050/998/1049 2048/743/803 2049/742/802
g ValveBiped.Bip01_R_Thigh
f 1958/741/801 2004/1006/1057 1949/1007/1058
f 2038/1008/1059 2004/1006/1057 1958/741/801
g ValveBiped.Bip01_Pelvis
f 1958/741/801 2048/743/803 2038/1008/1059
f 2047/1005/1056 2038/1008/1059 2048/743/803
f 2047/1005/1056 2036/1009/1060 2038/1008/1059
f 2046/1004/1055 2036/1009/1060 2047/1005/1056
f 2035/1010/1061 2036/1009/1060 2046/1004/1055
f 2045/1003/1054 2035/1010/1061 2046/1004/1055
f 2045/1003/1054 2044/1002/1053 2035/1010/1061
f 2044/1002/1053 2034/1011/1062 2035/1010/1061
f 2044/1002/1053 2043/1001/1052 2034/1011/1062
g ValveBiped.Bip01_R_Thigh
f 2043/1001/1052 2032/1012/1063 2034/1011/1062
f 2042/1000/1051 2032/1012/1063 2043/1001/1052
f 2042/1000/1051 2041/567/630 2032/1012/1063
f 2041/567/630 2040/568/631 2032/1012/1063
f 2032/1012/1063 2040/568/631 2030/1013/1064
f 2039/547/610 2030/1013/1064 2040/568/631
f 2039/547/610 2029/549/612 2030/1013/1064
f 2036/1009/1060 2037/1014/1065 2038/1008/1059
f 2038/1008/1059 2037/1014/1065 2004/1006/1057
f 2003/1015/1066 2004/1006/1057 2037/1014/1065
f 2003/1015/1066 2037/1014/1065 2031/1016/1067
f 2031/1016/1067 2037/1014/1065 2036/1009/1060
f 2031/1016/1067 2036/1009/1060 2033/1017/1068
g ValveBiped.Bip01_Pelvis
f 2033/1017/1068 2036/1009/1060 2035/1010/1061
f 2035/1010/1061 2034/1011/1062 2033/1017/1068
g ValveBiped.Bip01_R_Thigh
f 2033/1017/1068 2034/1011/1062 2032/1012/1063
f 2033/1017/1068 2032/1012/1063 2031/1016/1067
f 2031/1016/1067 2032/1012/1063 2030/1013/1064
f 2031/1016/1067 2030/1013/1064 2003/1015/1066
f 2003/1015/1066 2030/1013/1064 2026/550/613
f 2003/1015/1066 2026/550/613 2005/1018/1069
f 2005/1018/1069 2026/550/613 2025/1019/1070
f 2005/1018/1069 2025/1019/1070 2006/1020/1071
f 2006/1020/1071 2025/1019/1070 2007/1021/1072
f 2007/1021/1072 2025/1019/1070 2024/1022/1073
f 2007/1021/1072 2024/1022/1073 2023/1023/1074
f 2007/1021/1072 2023/1023/1074 2008/1024/1075
f 2030/1013/1064 2029/549/612 2026/550/613
f 2020/1025/1076 2027/899/952 2028/898/951
f 2020/1025/1076 2022/900/953 2027/899/952
f 2026/550/613 2017/552/615 2015/1026/1077
f 2026/550/613 2015/1026/1077 2013/1027/1078
f 2026/550/613 2013/1027/1078 2025/1019/1070
f 2025/1019/1070 2013/1027/1078 2012/1028/1079
f 2025/1019/1070 2012/1028/1079 2024/1022/1073
f 2024/1022/1073 2012/1028/1079 2011/1029/1080
f 2024/1022/1073 2011/1029/1080 2023/1023/1074
f 2023/1023/1074 2011/1029/1080 2010/1030/1081
f 2008/1024/1075 2023/1023/1074 2010/1030/1081
f 2008/1024/1075 2010/1030/1081 2009/1031/1082
f 2020/1025/1076 2021/556/619 2022/900/953
f 2020/1025/1076 2019/554/617 2021/556/619
f 2018/1032/1083 2019/554/617 2020/1025/1076
f 2018/1032/1083 2017/552/615 2019/554/617
f 2016/1033/1084 2017/552/615 2018/1032/1083
f 2016/1033/1084 2015/1026/1077 2017/552/615
f 2014/1034/1085 2015/1026/1077 2016/1033/1084
f 2013/1027/1078 2015/1026/1077 2014/1034/1085
f 2013/1027/1078 2014/1034/1085 2000/1035/1086
f 2013/1027/1078 2000/1035/1086 2012/1028/1079
f 2012/1028/1079 2000/1035/1086 1999/1036/1087
f 2012/1028/1079 1999/1036/1087 2011/1029/1080
f 2011/1029/1080 1999/1036/1087 2002/1037/1088
f 2010/1030/1081 2011/1029/1080 2002/1037/1088
f 2002/1037/1088 2001/1038/1089 2010/1030/1081
f 2010/1030/1081 2001/1038/1089 2009/1031/1082
f 2001/1038/1089 1998/1039/1090 2009/1031/1082
f 2009/1031/1082 1998/1039/1090 1997/1040/1091
f 2009/1031/1082 1997/1040/1091 1995/1041/1092
f 2009/1031/1082 1995/1041/1092 2008/1024/1075
f 2008/1024/1075 1995/1041/1092 1993/1042/1093
f 2008/1024/1075 1993/1042/1093 2007/1021/1072
f 2007/1021/1072 1993/1042/1093 1991/1043/1094
f 2007/1021/1072 1991/1043/1094 2006/1020/1071
f 2006/1020/1071 1991/1043/1094 1970/1044/1095
f 2006/1020/1071 1970/1044/1095 2005/1018/1069
f 2005/1018/1069 1970/1044/1095 1948/1045/1096
f 2003/1015/1066 2005/1018/1069 1948/1045/1096
f 2003/1015/1066 1948/1045/1096 1949/1007/1058
f 1949/1007/1058 2004/1006/1057 2003/1015/1066
f 2002/1037/1088 1999/1036/1087 2001/1038/1089
f 2001/1038/1089 1996/1046/1097 1998/1039/1090
f 1999/1036/1087 1996/1046/1097 2001/1038/1089
f 1999/1036/1087 1994/1047/1098 1996/1046/1097
f 2000/1035/1086 1994/1047/1098 1999/1036/1087
f 1996/1046/1097 1997/1040/1091 1998/1039/1090
f 1996/1046/1097 1995/1041/1092 1997/1040/1091
f 1994/1047/1098 1995/1041/1092 1996/1046/1097
f 1994/1047/1098 1993/1042/1093 1995/1041/1092
f 1992/1048/1099 1993/1042/1093 1994/1047/1098
f 1992/1048/1099 1991/1043/1094 1993/1042/1093
f 1990/1049/1100 1991/1043/1094 1992/1048/1099
f 1990/1049/1100 1970/1044/1095 1991/1043/1094
f 1989/1050/1101 1970/1044/1095 1990/1049/1100
f 1969/1051/1102 1970/1044/1095 1989/1050/1101
f 1969/1051/1102 1989/1050/1101 1988/1052/1103
f 1969/1051/1102 1988/1052/1103 1968/1053/1104
f 1968/1053/1104 1988/1052/1103 1987/1054/1105
f 1968/1053/1104 1987/1054/1105 1971/1055/1106
f 1971/1055/1106 1987/1054/1105 1986/1056/1107
f 1971/1055/1106 1986/1056/1107 1985/1057/1108
f 1967/1058/1109 1971/1055/1106 1985/1057/1108
f 1967/1058/1109 1985/1057/1108 1983/1059/1110
f 1985/1057/1108 1986/1056/1107 1984/1060/1111
f 1983/1059/1110 1985/1057/1108 1982/1061/1112
f 1982/1061/1112 1985/1057/1108 1981/1062/1113
f 1985/1057/1108 1984/1060/1111 1981/1062/1113
f 1981/1062/1113 1984/1060/1111 1980/1063/1114
f 1963/1064/1115 1967/1058/1109 1983/1059/1110
f 1963/1064/1115 1983/1059/1110 1982/1061/1112
f 1963/1064/1115 1982/1061/1112 1961/1065/1116
f 1982/1061/1112 1981/1062/1113 1961/1065/1116
f 1961/1065/1116 1981/1062/1113 1960/1066/1117
f 1981/1062/1113 1980/1063/1114 1960/1066/1117
f 1960/1066/1117 1980/1063/1114 1959/1067/1118
f 1959/1067/1118 1980/1063/1114 1979/767/827
f 1959/1067/1118 1979/767/827 1978/766/826
f 1962/1068/1119 1959/1067/1118 1978/766/826
f 1962/1068/1119 1978/766/826 1977/765/825
f 1952/1069/1120 1962/1068/1119 1977/765/825
f 1952/1069/1120 1977/765/825 1976/764/824
f 1951/737/797 1952/1069/1120 1976/764/824
f 1951/737/797 1976/764/824 1975/771/831
f 1974/736/796 1951/737/797 1975/771/831
f 1975/771/831 1973/747/807 1974/736/796
f 1974/736/796 1973/747/807 1972/744/804
f 1967/1058/1109 1968/1053/1104 1971/1055/1106
f 1966/1070/1121 1967/1058/1109 1963/1064/1115
f 1965/1071/1122 1966/1070/1121 1963/1064/1115
f 1965/1071/1122 1963/1064/1115 1964/1072/1123
f 1948/1045/1096 1970/1044/1095 1969/1051/1102
f 1948/1045/1096 1969/1051/1102 1947/1073/1124
f 1947/1073/1124 1969/1051/1102 1968/1053/1104
f 1947/1073/1124 1968/1053/1104 1967/1058/1109
f 1950/1074/1125 1947/1073/1124 1967/1058/1109
f 1950/1074/1125 1967/1058/1109 1966/1070/1121
f 1955/1075/1126 1950/1074/1125 1966/1070/1121
f 1955/1075/1126 1966/1070/1121 1965/1071/1122
f 1965/1071/1122 1953/1076/1127 1955/1075/1126
f 1965/1071/1122 1964/1072/1123 1953/1076/1127
f 1953/1076/1127 1964/1072/1123 1952/1069/1120
f 1964/1072/1123 1962/1068/1119 1952/1069/1120
f 1963/1064/1115 1962/1068/1119 1964/1072/1123
f 1963/1064/1115 1961/1065/1116 1962/1068/1119
f 1961/1065/1116 1959/1067/1118 1962/1068/1119
f 1961/1065/1116 1960/1066/1117 1959/1067/1118
f 1956/739/799 1958/741/801 1957/1077/1128
f 1957/1077/1128 1958/741/801 1949/1007/1058
f 1957/1077/1128 1949/1007/1058 1950/1074/1125
f 1957/1077/1128 1950/1074/1125 1956/739/799
f 1956/739/799 1950/1074/1125 1955/1075/1126
f 1955/1075/1126 1954/738/798 1956/739/799
f 1955/1075/1126 1953/1076/1127 1954/738/798
f 1954/738/798 1953/1076/1127 1951/737/797
f 1953/1076/1127 1952/1069/1120 1951/737/797
f 1949/1007/1058 1947/1073/1124 1950/1074/1125
f 1949/1007/1058 1948/1045/1096 1947/1073/1124
g ValveBiped.Bip01_R_Calf
f 1911/1078/1129 1923/1079/1076 1910/1080/1130
g ValveBiped.Bip01_R_Thigh
f 1910/1080/1130 1923/1079/1076 1946/1081/951
g ValveBiped.Bip01_R_Calf
f 1910/1080/1130 1946/1081/951 1909/1082/1131
g ValveBiped.Bip01_R_Thigh
f 1909/1082/1131 1946/1081/951 1945/1083/949
f 1909/1082/1131 1945/1083/949 1938/1084/1132
f 1938/1084/1132 1945/1083/949 1944/1085/1133
f 1938/1084/1132 1944/1085/1133 1937/1086/1134
f 1937/1086/1134 1944/1085/1133 1943/1087/945
f 1937/1086/1134 1943/1087/945 1936/1088/1135
f 1936/1088/1135 1943/1087/945 1942/1089/943
f 1936/1088/1135 1942/1089/943 1935/1090/1136
f 1935/1090/1136 1942/1089/943 1941/1091/1137
g ValveBiped.Bip01_R_Calf
f 1935/1090/1136 1941/1091/1137 1934/1092/1138
g ValveBiped.Bip01_R_Thigh
f 1934/1092/1138 1941/1091/1137 1940/1093/1139
g ValveBiped.Bip01_R_Calf
f 1934/1092/1138 1940/1093/1139 1933/1094/1140
g ValveBiped.Bip01_R_Thigh
f 1933/1094/1140 1940/1093/1139 1939/1095/1141
g ValveBiped.Bip01_R_Calf
f 1933/1094/1140 1939/1095/1141 1932/1096/1142
g ValveBiped.Bip01_R_Thigh
f 1932/1096/1142 1939/1095/1141 1930/1097/1143
g ValveBiped.Bip01_R_Calf
f 1932/1096/1142 1930/1097/1143 1931/1098/1144
g ValveBiped.Bip01_R_Thigh
f 1931/1098/1144 1930/1097/1143 1929/1099/1145
f 1917/1100/1146 1916/1101/1147 1928/1102/1148
g ValveBiped.Bip01_R_Calf
f 1928/1102/1148 1916/1101/1147 1927/1103/1149
g ValveBiped.Bip01_R_Thigh
f 1925/1104/1150 1926/1105/1151 1924/1106/1152
f 1925/1104/1150 1924/1106/1152 1922/780/840
f 1922/780/840 1924/1106/1152 1923/1079/1076
f 1922/780/840 1923/1079/1076 1911/1078/1129
f 1921/779/839 1922/780/840 1911/1078/1129
g ValveBiped.Bip01_R_Calf
f 1921/779/839 1911/1078/1129 1912/1107/1153
g ValveBiped.Bip01_R_Thigh
f 1921/779/839 1912/1107/1153 1920/1108/1154
g ValveBiped.Bip01_R_Calf
f 1920/1108/1154 1912/1107/1153 1913/1109/1155
g ValveBiped.Bip01_R_Thigh
f 1920/1108/1154 1913/1109/1155 1919/1110/1156
g ValveBiped.Bip01_R_Calf
f 1919/1110/1156 1913/1109/1155 1914/1111/1157
g ValveBiped.Bip01_R_Thigh
f 1919/1110/1156 1914/1111/1157 1918/1112/1158
g ValveBiped.Bip01_R_Calf
f 1918/1112/1158 1914/1111/1157 1915/1113/1159
g ValveBiped.Bip01_R_Thigh
f 1918/1112/1158 1915/1113/1159 1917/1100/1146
g ValveBiped.Bip01_R_Calf
f 1917/1100/1146 1915/1113/1159 1916/1101/1147
g ValveBiped.Bip01_L_Calf
f 1908/1114/1160 1902/1115/1161 1903/1116/1162
f 1908/1114/1160 1903/1116/1162 1907/1117/1163
g ValveBiped.Bip01_L_Foot
f 1904/1118/1164 1906/1119/1165 1905/1120/1166
g ValveBiped.Bip01_L_Thigh
f 1900/1121/1167 1897/1122/1168 1901/1123/1169
g ValveBiped.Bip01_L_Calf
f 1899/1124/1170 1897/1122/1168 1900/1121/1167
g ValveBiped.Bip01_L_Thigh
f 1899/1124/1170 1898/1125/1171 1897/1122/1168
g ValveBiped.Bip01_Head1
f 502/1126/1172 412/1127/1173 512/1128/1174
f 512/1128/1174 412/1127/1173 413/1129/1175
f 512/1128/1174 413/1129/1175 514/1130/1176
f 514/1130/1176 413/1129/1175 414/1131/1177
f 514/1130/1176 414/1131/1177 1039/1132/1178
f 1039/1132/1178 414/1131/1177 386/1133/1179
f 1039/1132/1178 386/1133/1179 1041/1134/1180
f 349/1135/1181 1041/1134/1180 386/1133/1179
f 1042/1136/1182 1041/1134/1180 349/1135/1181
f 347/1137/1183 1042/1136/1182 349/1135/1181
f 347/1137/1183 1043/1138/1184 1042/1136/1182
f 345/1139/1185 1043/1138/1184 347/1137/1183
f 345/1139/1185 1049/1140/1186 1043/1138/1184
f 345/1139/1185 343/1141/1187 1049/1140/1186
f 1049/1140/1186 343/1141/1187 1050/1142/1188
f 1073/1143/1189 1050/1142/1188 343/1141/1187
f 1051/1144/1190 1050/1142/1188 1073/1143/1189
f 1073/1143/1189 1065/1145/1191 1051/1144/1190
f 1159/1146/1192 1166/1147/1193 592/1148/1194
f 1158/1149/1195 1159/1146/1192 592/1148/1194
f 1158/1149/1195 592/1148/1194 593/1150/1196
f 1157/1151/1197 1158/1149/1195 593/1150/1196
f 1157/1151/1197 593/1150/1196 595/1152/1198
f 1156/1153/1199 1157/1151/1197 595/1152/1198
f 1156/1153/1199 595/1152/1198 597/1154/1200
f 1104/1155/1201 1156/1153/1199 597/1154/1200
f 1104/1155/1201 597/1154/1200 599/1156/1202
f 599/1156/1202 1095/1157/1203 1104/1155/1201
f 599/1156/1202 601/1158/1204 1095/1157/1203
f 602/1159/1205 1095/1157/1203 601/1158/1204
f 1085/1160/1206 1095/1157/1203 602/1159/1205
f 602/1159/1205 603/1161/1207 1085/1160/1206
f 1085/1160/1206 603/1161/1207 1074/1162/1208
f 1074/1162/1208 603/1161/1207 604/1163/1209
f 1074/1162/1208 604/1163/1209 1067/1164/1210
f 1067/1164/1210 604/1163/1209 1066/1165/1211
f 314/1166/1212 1200/1167/1213 276/1168/1214
f 314/1166/1212 1892/1169/1215 1200/1167/1213
f 313/1170/1216 1892/1169/1215 314/1166/1212
f 313/1170/1216 1893/1171/1217 1892/1169/1215
f 312/1172/1218 1893/1171/1217 313/1170/1216
f 312/1172/1218 1894/1173/1219 1893/1171/1217
f 311/1174/1220 1894/1173/1219 312/1172/1218
f 1895/1175/1221 1894/1173/1219 311/1174/1220
f 311/1174/1220 501/1176/1222 1895/1175/1221
f 1895/1175/1221 501/1176/1222 1896/1177/1223
f 1896/1177/1223 501/1176/1222 500/1178/1224
f 1896/1177/1223 500/1178/1224 1288/1179/1225
f 1288/1179/1225 500/1178/1224 499/1180/1226
f 1288/1179/1225 499/1180/1226 1289/1181/1227
f 1289/1181/1227 499/1180/1226 498/1182/1228
f 1289/1181/1227 498/1182/1228 1290/1183/1229
f 497/1184/1230 1290/1183/1229 498/1182/1228
f 497/1184/1230 511/1185/1231 1290/1183/1229
f 1288/1179/1225 1283/1186/1232 1282/1187/1233
f 1288/1179/1225 1282/1187/1233 1896/1177/1223
f 1896/1177/1223 1282/1187/1233 1891/1188/1234
f 1896/1177/1223 1891/1188/1234 1895/1175/1221
f 1895/1175/1221 1891/1188/1234 1890/1189/1235
f 1895/1175/1221 1890/1189/1235 1894/1173/1219
f 1894/1173/1219 1890/1189/1235 1889/1190/1236
f 1894/1173/1219 1889/1190/1236 1893/1171/1217
f 1893/1171/1217 1889/1190/1236 1888/1191/1237
f 1893/1171/1217 1888/1191/1237 1892/1169/1215
f 1892/1169/1215 1888/1191/1237 1887/1192/1238
f 1892/1169/1215 1887/1192/1238 1200/1167/1213
f 1200/1167/1213 1887/1192/1238 1201/1193/1239
f 1887/1192/1238 1886/1194/1240 1201/1193/1239
f 1201/1193/1239 1886/1194/1240 1202/1195/1241
f 1886/1194/1240 1885/1196/1242 1202/1195/1241
f 1202/1195/1241 1885/1196/1242 1203/1197/1243
f 1885/1196/1242 1204/1198/1244 1203/1197/1243
f 1282/1187/1233 1277/1199/1245 1276/1200/1246
f 1282/1187/1233 1276/1200/1246 1891/1188/1234
f 1891/1188/1234 1276/1200/1246 1275/1201/1247
f 1891/1188/1234 1275/1201/1247 1890/1189/1235
f 1890/1189/1235 1275/1201/1247 1274/1202/1248
f 1890/1189/1235 1274/1202/1248 1889/1190/1236
f 1889/1190/1236 1274/1202/1248 1273/1203/1249
f 1889/1190/1236 1273/1203/1249 1888/1191/1237
f 1888/1191/1237 1273/1203/1249 1272/1204/1250
f 1888/1191/1237 1272/1204/1250 1887/1192/1238
f 1887/1192/1238 1272/1204/1250 1886/1194/1240
f 1272/1204/1250 1262/1205/1251 1886/1194/1240
f 1886/1194/1240 1262/1205/1251 1885/1196/1242
f 1262/1205/1251 1261/1206/1252 1885/1196/1242
f 1885/1196/1242 1261/1206/1252 1204/1198/1244
f 1261/1206/1252 1205/1207/1253 1204/1198/1244
f 1261/1206/1252 1251/1208/1254 1205/1207/1253
f 1251/1208/1254 1206/1209/1255 1205/1207/1253
f 1882/1210/1256 238/1211/1257 1184/1212/1258
f 225/1213/1259 238/1211/1257 1882/1210/1256
f 1881/1214/1260 225/1213/1259 1882/1210/1256
f 224/1215/1261 225/1213/1259 1881/1214/1260
f 1880/1216/1262 224/1215/1261 1881/1214/1260
f 240/1217/1263 224/1215/1261 1880/1216/1262
g ValveBiped.Bip01_Neck1
f 1879/1218/1264 240/1217/1263 1880/1216/1262
f 264/1219/1265 240/1217/1263 1879/1218/1264
f 1879/1218/1264 1878/1220/1266 264/1219/1265
f 264/1219/1265 1878/1220/1266 263/1221/1267
f 1878/1220/1266 1877/1222/1268 263/1221/1267
f 263/1221/1267 1877/1222/1268 262/1223/1269
f 262/1223/1269 1877/1222/1268 1884/1224/1270
f 262/1223/1269 1884/1224/1270 266/1225/1271
f 266/1225/1271 1884/1224/1270 1883/1226/1272
f 266/1225/1271 1883/1226/1272 268/1227/1273
f 268/1227/1273 1883/1226/1272 286/1228/1274
f 268/1227/1273 286/1228/1274 269/1229/1275
g ValveBiped.Bip01_Head1
f 1174/1230/1276 1180/1231/1277 1173/1232/1278
f 1186/1233/1279 1180/1231/1277 1174/1230/1276
f 1176/1234/1280 1186/1233/1279 1174/1230/1276
f 1185/1235/1281 1186/1233/1279 1176/1234/1280
f 1176/1234/1280 1178/1236/1282 1185/1235/1281
f 1185/1235/1281 1178/1236/1282 1184/1212/1258
f 1871/1237/1283 1184/1212/1258 1178/1236/1282
f 1882/1210/1256 1184/1212/1258 1871/1237/1283
f 1872/1238/1284 1882/1210/1256 1871/1237/1283
f 1881/1214/1260 1882/1210/1256 1872/1238/1284
f 1873/1239/1285 1881/1214/1260 1872/1238/1284
f 1880/1216/1262 1881/1214/1260 1873/1239/1285
g ValveBiped.Bip01_Neck1
f 1874/1240/1286 1880/1216/1262 1873/1239/1285
f 1879/1218/1264 1880/1216/1262 1874/1240/1286
f 1874/1240/1286 1875/1241/1287 1879/1218/1264
f 1879/1218/1264 1875/1241/1287 1878/1220/1266
f 1875/1241/1287 1876/1242/1288 1878/1220/1266
f 1878/1220/1266 1876/1242/1288 1877/1222/1268
f 1875/1241/1287 1870/1243/1289 1876/1242/1288
f 1869/1244/1290 1870/1243/1289 1875/1241/1287
f 1874/1240/1286 1869/1244/1290 1875/1241/1287
f 1868/1245/1291 1869/1244/1290 1874/1240/1286
f 1874/1240/1286 1873/1239/1285 1868/1245/1291
f 1868/1245/1291 1873/1239/1285 1867/1246/1292
g ValveBiped.Bip01_Head1
f 1873/1239/1285 1872/1238/1284 1867/1246/1292
f 1867/1246/1292 1872/1238/1284 1866/1247/1293
f 1872/1238/1284 1871/1237/1283 1866/1247/1293
f 1866/1247/1293 1871/1237/1283 1865/1248/1294
f 1871/1237/1283 1178/1236/1282 1865/1248/1294
f 1865/1248/1294 1178/1236/1282 1177/1249/1295
g ValveBiped.Bip01_Neck1
f 1869/1244/1290 1864/1250/1296 1870/1243/1289
f 1863/1251/1297 1864/1250/1296 1869/1244/1290
f 1868/1245/1291 1863/1251/1297 1869/1244/1290
f 1862/1252/1298 1863/1251/1297 1868/1245/1291
f 1868/1245/1291 1867/1246/1292 1862/1252/1298
f 1862/1252/1298 1867/1246/1292 1154/1253/1299
g ValveBiped.Bip01_Head1
f 1867/1246/1292 1866/1247/1293 1154/1253/1299
f 1154/1253/1299 1866/1247/1293 1152/1254/1300
f 1866/1247/1293 1865/1248/1294 1152/1254/1300
f 1152/1254/1300 1865/1248/1294 1150/1255/1301
f 1865/1248/1294 1177/1249/1295 1150/1255/1301
f 1150/1255/1301 1177/1249/1295 1148/1256/1302
f 1175/1257/1303 1148/1256/1302 1177/1249/1295
f 1146/1258/1304 1148/1256/1302 1175/1257/1303
f 1175/1257/1303 1165/1259/1305 1146/1258/1304
f 1146/1258/1304 1165/1259/1305 1145/1260/1306
g ValveBiped.Bip01_Neck1
f 1863/1251/1297 1855/1261/1307 1864/1250/1296
f 1853/1262/1308 1855/1261/1307 1863/1251/1297
f 1862/1252/1298 1853/1262/1308 1863/1251/1297
f 1155/1263/1309 1853/1262/1308 1862/1252/1298
f 1862/1252/1298 1154/1253/1299 1155/1263/1309
f 1852/1264/1310 1861/1265/1311 1854/1266/1312
f 1852/1264/1310 1860/1267/1313 1861/1265/1311
f 1852/1264/1310 1859/1268/1314 1860/1267/1313
f 1851/1269/1315 1859/1268/1314 1852/1264/1310
f 1851/1269/1315 1858/1270/1316 1859/1268/1314
f 1850/1271/1317 1858/1270/1316 1851/1269/1315
f 1850/1271/1317 1857/1272/1318 1858/1270/1316
g ValveBiped.Bip01_Head1
f 1849/1273/1319 1857/1272/1318 1850/1271/1317
f 1849/1273/1319 1856/1274/1320 1857/1272/1318
f 1849/1273/1319 1139/1275/1321 1856/1274/1320
f 1848/1276/1322 1139/1275/1321 1849/1273/1319
f 1848/1276/1322 1136/1277/1323 1139/1275/1321
f 1848/1276/1322 1847/1278/1324 1136/1277/1323
f 1136/1277/1323 1847/1278/1324 1135/1279/1325
f 1133/1280/1326 1135/1279/1325 1847/1278/1324
g ValveBiped.Bip01_Neck1
f 1853/1262/1308 1854/1266/1312 1855/1261/1307
f 1852/1264/1310 1854/1266/1312 1853/1262/1308
f 1155/1263/1309 1852/1264/1310 1853/1262/1308
f 1155/1263/1309 1851/1269/1315 1852/1264/1310
f 1153/1281/1327 1851/1269/1315 1155/1263/1309
f 1153/1281/1327 1850/1271/1317 1851/1269/1315
g ValveBiped.Bip01_Head1
f 1153/1281/1327 1151/1282/1328 1850/1271/1317
f 1850/1271/1317 1151/1282/1328 1849/1273/1319
f 1151/1282/1328 1149/1283/1329 1849/1273/1319
f 1849/1273/1319 1149/1283/1329 1848/1276/1322
f 1149/1283/1329 1147/1284/1330 1848/1276/1322
f 1848/1276/1322 1147/1284/1330 1847/1278/1324
f 1134/1285/1331 1847/1278/1324 1147/1284/1330
f 1133/1280/1326 1847/1278/1324 1134/1285/1331
f 43/1286/1332 1826/1287/1333 45/1288/1334
f 43/1286/1332 1846/1289/1335 1826/1287/1333
f 43/1286/1332 51/1290/1336 1846/1289/1335
f 1846/1289/1335 51/1290/1336 53/1291/1337
f 53/1291/1337 56/1292/1338 1846/1289/1335
f 1845/1293/1339 1846/1289/1335 56/1292/1338
f 56/1292/1338 58/1294/1340 1845/1293/1339
f 1844/1295/1341 1845/1293/1339 58/1294/1340
f 58/1294/1340 60/1296/1342 1844/1295/1341
f 1843/1297/1343 1844/1295/1341 60/1296/1342
f 60/1296/1342 62/1298/1344 1843/1297/1343
f 1842/1299/1345 1843/1297/1343 62/1298/1344
f 62/1298/1344 74/1300/1346 1842/1299/1345
f 1841/1301/1347 1842/1299/1345 74/1300/1346
f 74/1300/1346 75/1302/1348 1841/1301/1347
f 1840/1303/1349 1841/1301/1347 75/1302/1348
f 75/1302/1348 77/1304/1350 1840/1303/1349
f 80/1305/1351 1840/1303/1349 77/1304/1350
f 1846/1289/1335 1845/1293/1339 1826/1287/1333
f 1826/1287/1333 1845/1293/1339 1827/1306/1352
f 1844/1295/1341 1827/1306/1352 1845/1293/1339
f 1844/1295/1341 1829/1307/1353 1827/1306/1352
f 1843/1297/1343 1829/1307/1353 1844/1295/1341
f 1843/1297/1343 1831/1308/1354 1829/1307/1353
f 1842/1299/1345 1831/1308/1354 1843/1297/1343
f 1842/1299/1345 1833/1309/1355 1831/1308/1354
f 1841/1301/1347 1833/1309/1355 1842/1299/1345
f 1841/1301/1347 1835/1310/1356 1833/1309/1355
f 1840/1303/1349 1835/1310/1356 1841/1301/1347
f 1840/1303/1349 1838/1311/1357 1835/1310/1356
f 80/1305/1351 1838/1311/1357 1840/1303/1349
f 80/1305/1351 82/1312/1358 1838/1311/1357
f 82/1312/1358 84/1313/1359 1839/1314/1360
f 82/1312/1358 1839/1314/1360 1838/1311/1357
f 1838/1311/1357 1839/1314/1360 1837/1315/1361
f 1838/1311/1357 1837/1315/1361 1835/1310/1356
f 1835/1310/1356 1837/1315/1361 1836/1316/1362
f 1835/1310/1356 1836/1316/1362 1834/1317/1363
f 1835/1310/1356 1834/1317/1363 1833/1309/1355
f 1833/1309/1355 1834/1317/1363 1832/1318/1364
f 1833/1309/1355 1832/1318/1364 1831/1308/1354
f 1831/1308/1354 1832/1318/1364 1830/1319/1365
f 1831/1308/1354 1830/1319/1365 1829/1307/1353
f 1829/1307/1353 1830/1319/1365 1828/1320/1366
f 1829/1307/1353 1828/1320/1366 1827/1306/1352
f 1825/1321/1367 1827/1306/1352 1828/1320/1366
f 1826/1287/1333 1827/1306/1352 1825/1321/1367
f 45/1288/1334 1826/1287/1333 1825/1321/1367
g ValveBiped.Bip01_Spine4
f 1816/1322/1368 1818/1323/1369 1822/465/1370
f 1816/1322/1368 1822/465/1370 1824/464/1371
f 1824/464/1371 1814/474/1372 1816/1322/1368
g ValveBiped.Bip01_R_Clavicle
f 1822/465/1370 1821/1324/1373 1823/467/1374
f 1818/1323/1369 1821/1324/1373 1822/465/1370
g ValveBiped.Bip01_Spine4
f 1818/1323/1369 1820/1325/1375 1821/1324/1373
g ValveBiped.Bip01_Neck1
f 1818/1323/1369 1819/1326/1376 1820/1325/1375
f 1818/1323/1369 1817/1327/1307 1819/1326/1376
g ValveBiped.Bip01_Spine4
f 1816/1322/1368 1817/1327/1307 1818/1323/1369
f 1816/1322/1368 1815/1328/1377 1817/1327/1307
f 1814/474/1372 1815/1328/1377 1816/1322/1368
f 1814/474/1372 1813/1329/1378 1815/1328/1377
f 1812/475/540 1813/1329/1378 1814/474/1372
g ValveBiped.Bip01_Neck1
f 1812/475/540 1810/1330/1288 1813/1329/1378
g ValveBiped.Bip01_Spine4
f 1808/1331/1379 1810/1330/1288 1812/475/540
f 1811/476/541 1808/1331/1379 1812/475/540
g ValveBiped.Bip01_Spine2
f 1807/503/568 1808/1331/1379 1811/476/541
g ValveBiped.Bip01_Neck1
f 1808/1331/1379 1809/1332/1268 1810/1330/1288
f 1805/1333/1380 1809/1332/1268 1808/1331/1379
f 1802/1334/1381 1809/1332/1268 1805/1333/1380
f 1802/1334/1381 1801/1335/1270 1809/1332/1268
g ValveBiped.Bip01_Spine4
f 1807/503/568 1805/1333/1380 1808/1331/1379
g ValveBiped.Bip01_Spine2
f 1806/502/567 1805/1333/1380 1807/503/568
f 1804/510/575 1805/1333/1380 1806/502/567
g ValveBiped.Bip01_Spine4
f 1804/510/575 1802/1334/1381 1805/1333/1380
g ValveBiped.Bip01_Spine2
f 1803/509/574 1802/1334/1381 1804/510/575
g ValveBiped.Bip01_Spine4
f 1803/509/574 1800/513/578 1802/1334/1381
f 1800/513/578 1801/1335/1270 1802/1334/1381
g ValveBiped.Bip01_Neck1
f 1800/513/578 1799/1336/1272 1801/1335/1270
g ValveBiped.Bip01_Spine4
f 1788/514/1382 1799/1336/1272 1800/513/578
g ValveBiped.Bip01_Neck1
f 1788/514/1382 1798/1337/1383 1799/1336/1272
g ValveBiped.Bip01_Spine4
f 1789/1338/1384 1798/1337/1383 1788/514/1382
g ValveBiped.Bip01_Neck1
f 1789/1338/1384 1797/1339/1385 1798/1337/1383
g ValveBiped.Bip01_Spine4
f 1792/1340/1386 1797/1339/1385 1789/1338/1384
g ValveBiped.Bip01_Neck1
f 1792/1340/1386 1796/1341/1387 1797/1339/1385
f 1792/1340/1386 1795/1342/1388 1796/1341/1387
g ValveBiped.Bip01_Spine4
f 1792/1340/1386 1793/1343/1389 1795/1342/1388
f 1791/537/601 1793/1343/1389 1792/1340/1386
g ValveBiped.Bip01_L_Clavicle
f 1791/537/601 1794/536/1390 1793/1343/1389
g ValveBiped.Bip01_Spine4
f 1791/537/601 1792/1340/1386 1789/1338/1384
f 1791/537/601 1789/1338/1384 1790/515/580
f 1790/515/580 1789/1338/1384 1788/514/1382
g ValveBiped.Bip01_Neck1
f 1786/158/1391 1779/1344/1392 1787/161/1393
g ValveBiped.Bip01_R_Clavicle
f 1778/1345/1394 1779/1344/1392 1786/158/1391
f 1785/159/1395 1778/1345/1394 1786/158/1391
g ValveBiped.Bip01_R_UpperArm
f 1784/1346/1396 1778/1345/1394 1785/159/1395
g ValveBiped.Bip01_R_Clavicle
f 1784/1346/1396 1776/1347/1397 1778/1345/1394
g ValveBiped.Bip01_R_UpperArm
f 1783/1348/1398 1776/1347/1397 1784/1346/1396
g ValveBiped.Bip01_R_Clavicle
f 1783/1348/1398 1775/1349/1399 1776/1347/1397
g ValveBiped.Bip01_Spine4
f 1782/142/1400 1775/1349/1399 1783/1348/1398
g ValveBiped.Bip01_R_Clavicle
f 1782/142/1400 1781/143/1401 1775/1349/1399
f 1781/143/1401 1774/1350/1373 1775/1349/1399
f 1781/143/1401 1780/146/1402 1774/1350/1373
g ValveBiped.Bip01_Neck1
f 1778/1345/1394 1777/1351/1403 1779/1344/1392
g ValveBiped.Bip01_R_Clavicle
f 1776/1347/1397 1777/1351/1403 1778/1345/1394
g ValveBiped.Bip01_Neck1
f 1776/1347/1397 1773/1352/1404 1777/1351/1403
g ValveBiped.Bip01_R_Clavicle
f 1775/1349/1399 1773/1352/1404 1776/1347/1397
f 1775/1349/1399 1774/1350/1373 1773/1352/1404
g ValveBiped.Bip01_Neck1
f 1771/158/1405 1772/161/1406 1764/1344/1407
g ValveBiped.Bip01_L_Clavicle
f 1771/158/1405 1764/1344/1407 1763/1345/1408
f 1770/159/1409 1771/158/1405 1763/1345/1408
g ValveBiped.Bip01_L_UpperArm
f 1770/159/1409 1763/1345/1408 1769/1346/1410
g ValveBiped.Bip01_L_Clavicle
f 1769/1346/1410 1763/1345/1408 1761/1347/1411
g ValveBiped.Bip01_L_UpperArm
f 1769/1346/1410 1761/1347/1411 1768/1348/1412
g ValveBiped.Bip01_L_Clavicle
f 1768/1348/1412 1761/1347/1411 1760/1349/1413
g ValveBiped.Bip01_L_UpperArm
f 1768/1348/1412 1760/1349/1413 1767/142/1414
f 1767/142/1414 1760/1349/1413 1766/143/1415
g ValveBiped.Bip01_L_Clavicle
f 1760/1349/1413 1758/1350/1389 1766/143/1415
f 1766/143/1415 1758/1350/1389 1765/146/1416
f 1763/1345/1408 1764/1344/1407 1762/1351/1417
f 1763/1345/1408 1762/1351/1417 1761/1347/1411
f 1761/1347/1411 1762/1351/1417 1759/1352/1418
f 1761/1347/1411 1759/1352/1418 1760/1349/1413
f 1760/1349/1413 1759/1352/1418 1758/1350/1389
g ValveBiped.Bip01_Neck1
f 1750/1353/1419 1757/362/1420 1749/358/1421
f 1756/369/1422 1757/362/1420 1750/1353/1419
f 1750/1353/1419 1751/1354/1423 1756/369/1422
f 1756/369/1422 1751/1354/1423 1752/1355/1424
f 1756/369/1422 1752/1355/1424 1755/370/1425
f 1755/370/1425 1752/1355/1424 1753/1356/1426
f 1755/370/1425 1753/1356/1426 1754/385/1427
f 1754/385/1427 1744/1357/1428 1746/1358/1429
f 1753/1356/1426 1744/1357/1428 1754/385/1427
f 1753/1356/1426 1742/1359/1430 1744/1357/1428
f 1752/1355/1424 1742/1359/1430 1753/1356/1426
f 1752/1355/1424 1740/1360/1431 1742/1359/1430
f 1751/1354/1423 1740/1360/1431 1752/1355/1424
g ValveBiped.Bip01_Head1
f 1751/1354/1423 1737/1361/1432 1740/1360/1431
f 1735/1362/1433 1737/1361/1432 1751/1354/1423
f 1750/1353/1419 1735/1362/1433 1751/1354/1423
f 1750/1353/1419 1733/1363/1434 1735/1362/1433
f 1750/1353/1419 1749/358/1421 1733/1363/1434
f 1749/358/1421 1732/357/1435 1733/1363/1434
f 1738/1364/1436 1748/1365/1437 1739/1366/1438
g ValveBiped.Bip01_Neck1
f 1746/1358/1429 1745/1367/1439 1747/1368/1440
f 1744/1357/1428 1745/1367/1439 1746/1358/1429
f 1744/1357/1428 1743/1369/1441 1745/1367/1439
f 1742/1359/1430 1743/1369/1441 1744/1357/1428
f 1742/1359/1430 1741/1370/1442 1743/1369/1441
f 1740/1360/1431 1741/1370/1442 1742/1359/1430
g ValveBiped.Bip01_Head1
f 1740/1360/1431 1739/1366/1438 1741/1370/1442
f 1737/1361/1432 1739/1366/1438 1740/1360/1431
f 1738/1364/1436 1739/1366/1438 1737/1361/1432
f 1736/1371/1443 1738/1364/1436 1737/1361/1432
f 1736/1371/1443 1737/1361/1432 1735/1362/1433
f 1735/1362/1433 1734/1372/1444 1736/1371/1443
f 1733/1363/1434 1734/1372/1444 1735/1362/1433
f 1733/1363/1434 1729/1373/1445 1734/1372/1444
f 1733/1363/1434 1732/357/1435 1729/1373/1445
f 1732/357/1435 1728/1374/1446 1729/1373/1445
f 1731/346/1447 1728/1374/1446 1732/357/1435
f 1731/346/1447 1730/345/1448 1728/1374/1446
f 1729/1373/1445 1728/1374/1446 1727/1375/1449
f 1696/1376/1450 1724/1377/1451 1726/1378/1452
f 1726/1378/1452 1724/1377/1451 1722/1379/1453
f 1726/1378/1452 1722/1379/1453 1725/1380/1454
f 1725/1380/1454 1722/1379/1453 1721/1381/1455
f 1694/1382/1456 1724/1377/1451 1696/1376/1450
f 1701/1383/1457 1724/1377/1451 1694/1382/1456
f 1701/1383/1457 1722/1379/1453 1724/1377/1451
f 1723/1384/1458 1722/1379/1453 1701/1383/1457
f 1723/1384/1458 1720/1385/1459 1722/1379/1453
f 1721/1381/1455 1722/1379/1453 1720/1385/1459
f 1721/1381/1455 1720/1385/1459 1719/1386/1460
f 1719/1386/1460 1720/1385/1459 1718/1387/1461
f 1718/1387/1461 1717/1388/1462 1719/1386/1460
f 1716/1389/1463 1717/1388/1462 1718/1387/1461
f 1717/1388/1462 1716/1389/1463 1714/1390/1464
f 1714/1390/1464 1716/1389/1463 1715/1391/1465
f 1714/1390/1464 1715/1391/1465 1712/1392/1466
f 1714/1390/1464 1712/1392/1466 1713/1393/1467
f 1713/1393/1467 1712/1392/1466 1711/1394/1468
f 1711/1394/1468 1712/1392/1466 1709/1395/1469
f 1711/1394/1468 1709/1395/1469 1710/1396/1470
f 1710/1396/1470 1709/1395/1469 1708/1397/1471
f 1703/1398/1472 1704/1399/1473 1702/1400/1474
f 1704/1399/1473 1707/1401/1475 1702/1400/1474
f 1704/1399/1473 1706/1402/1476 1707/1401/1475
f 1698/1403/1477 1699/1404/1478 1705/1405/1479
f 1705/1405/1479 1699/1404/1478 1706/1402/1476
f 1705/1405/1479 1706/1402/1476 1704/1399/1473
f 1698/1403/1477 1705/1405/1479 1704/1399/1473
f 1698/1403/1477 1704/1399/1473 1703/1398/1472
f 1703/1398/1472 1695/1406/1480 1698/1403/1477
f 1694/1382/1456 1695/1406/1480 1703/1398/1472
f 1703/1398/1472 1702/1400/1474 1694/1382/1456
f 1694/1382/1456 1702/1400/1474 1701/1383/1457
f 1700/1407/1481 1699/1404/1478 1691/1408/1482
f 1691/1408/1482 1699/1404/1478 1693/1409/1483
f 1693/1409/1483 1699/1404/1478 1698/1403/1477
f 1698/1403/1477 1692/1410/1484 1693/1409/1483
f 1698/1403/1477 1695/1406/1480 1692/1410/1484
f 1697/1411/1485 1692/1410/1484 1695/1406/1480
f 1697/1411/1485 1695/1406/1480 1696/1376/1450
f 1696/1376/1450 1695/1406/1480 1694/1382/1456
f 1693/1409/1483 1692/1410/1484 1691/1408/1482
f 1675/1412/1486 1689/1413/1487 1690/1414/1488
f 1677/1415/1489 1689/1413/1487 1675/1412/1486
f 1677/1415/1489 1688/1416/1490 1689/1413/1487
f 1676/1417/1491 1688/1416/1490 1677/1415/1489
f 1676/1417/1491 1678/1418/1492 1688/1416/1490
f 1680/1419/1493 1678/1418/1492 1676/1417/1491
f 1680/1419/1493 1676/1417/1491 1674/1420/1494
f 1680/1419/1493 1674/1420/1494 1681/1421/1495
f 1681/1421/1495 1674/1420/1494 1683/1422/1496
f 1674/1420/1494 1685/1423/1497 1683/1422/1496
f 1687/1424/1498 1685/1423/1497 1674/1420/1494
f 1686/1425/1499 1685/1423/1497 1687/1424/1498
f 1684/1426/1500 1685/1423/1497 1686/1425/1499
f 1685/1423/1497 1684/1426/1500 1683/1422/1496
f 1683/1422/1496 1684/1426/1500 1682/1427/1501
f 1681/1421/1495 1683/1422/1496 1682/1427/1501
f 1681/1421/1495 1682/1427/1501 1679/1428/1502
f 1681/1421/1495 1679/1428/1502 1680/1419/1493
f 1680/1419/1493 1679/1428/1502 1678/1418/1492
f 1677/1415/1489 1675/1412/1486 1676/1417/1491
f 1676/1417/1491 1675/1412/1486 1674/1420/1494
f 1663/1429/1503 1664/1430/1504 1673/1431/1505
f 1668/1432/1506 1670/1433/1507 1672/1434/1508
f 1668/1432/1506 1672/1434/1508 1667/1435/1509
f 1667/1435/1509 1672/1434/1508 1665/1436/1510
f 1667/1435/1509 1665/1436/1510 1666/1437/1511
f 1669/1438/1512 1671/1439/1513 1670/1433/1507
f 1669/1438/1512 1670/1433/1507 1668/1432/1506
f 1650/1440/1514 1669/1438/1512 1668/1432/1506
f 1650/1440/1514 1668/1432/1506 1652/1441/1515
f 1652/1441/1515 1668/1432/1506 1667/1435/1509
f 1652/1441/1515 1667/1435/1509 1658/1442/1516
f 1658/1442/1516 1667/1435/1509 1666/1437/1511
f 1658/1442/1516 1666/1437/1511 1657/1443/1517
f 1657/1443/1517 1666/1437/1511 1665/1436/1510
f 1657/1443/1517 1665/1436/1510 1656/1444/1518
f 1656/1444/1518 1665/1436/1510 1664/1430/1504
f 1656/1444/1518 1664/1430/1504 1654/1445/1519
f 1663/1429/1503 1654/1445/1519 1664/1430/1504
f 1663/1429/1503 1653/1446/1520 1654/1445/1519
f 1662/1447/1521 1653/1446/1520 1663/1429/1503
f 1661/1448/1522 1653/1446/1520 1662/1447/1521
f 1661/1448/1522 1660/1449/1523 1653/1446/1520
f 1659/1450/1524 1653/1446/1520 1660/1449/1523
f 1655/1451/1525 1653/1446/1520 1659/1450/1524
f 1659/1450/1524 1660/1449/1523 1651/1452/1526
f 1659/1450/1524 1651/1452/1526 1652/1441/1515
f 1658/1442/1516 1659/1450/1524 1652/1441/1515
f 1658/1442/1516 1655/1451/1525 1659/1450/1524
f 1657/1443/1517 1655/1451/1525 1658/1442/1516
f 1657/1443/1517 1656/1444/1518 1655/1451/1525
f 1656/1444/1518 1654/1445/1519 1655/1451/1525
f 1655/1451/1525 1654/1445/1519 1653/1446/1520
f 1652/1441/1515 1651/1452/1526 1650/1440/1514
f 1639/1453/1527 1642/1454/1528 1647/1455/1529
f 1647/1455/1529 1642/1454/1528 1645/1456/1530
f 1648/1457/1531 1636/1458/1532 1649/1459/1533
f 1648/1457/1531 1635/1460/1534 1636/1458/1532
f 1641/1461/1535 1635/1460/1534 1648/1457/1531
f 1639/1453/1527 1635/1460/1534 1641/1461/1535
f 1639/1453/1527 1637/1462/1536 1635/1460/1534
f 1647/1455/1529 1637/1462/1536 1639/1453/1527
f 1638/1463/1537 1637/1462/1536 1647/1455/1529
f 1647/1455/1529 1645/1456/1530 1638/1463/1537
f 1638/1463/1537 1645/1456/1530 1646/1464/1538
f 1646/1464/1538 1645/1456/1530 1644/1465/1539
f 1644/1465/1539 1645/1456/1530 1642/1454/1528
f 1644/1465/1539 1642/1454/1528 1643/1466/1540
f 1643/1466/1540 1642/1454/1528 1640/1467/1541
f 1639/1453/1527 1640/1467/1541 1642/1454/1528
f 1641/1461/1535 1640/1467/1541 1639/1453/1527
f 1634/1468/1542 1637/1462/1536 1638/1463/1537
f 1634/1468/1542 1635/1460/1534 1637/1462/1536
f 1636/1458/1532 1635/1460/1534 1634/1468/1542
f 1633/1384/1543 1628/1379/1544 1626/1385/1545
f 1632/1383/1546 1628/1379/1544 1633/1384/1543
f 1632/1383/1546 1631/1377/1547 1628/1379/1544
f 1606/1382/1548 1632/1383/1546 1607/1400/1549
f 1606/1382/1548 1631/1377/1547 1632/1383/1546
f 1605/1376/1550 1631/1377/1547 1606/1382/1548
f 1630/1378/1551 1631/1377/1547 1605/1376/1550
f 1630/1378/1551 1628/1379/1544 1631/1377/1547
f 1629/1380/1552 1628/1379/1544 1630/1378/1551
f 1627/1381/1553 1628/1379/1544 1629/1380/1552
f 1627/1381/1553 1626/1385/1545 1628/1379/1544
f 1625/1386/1554 1626/1385/1545 1627/1381/1553
f 1625/1386/1554 1624/1387/1555 1626/1385/1545
f 1625/1386/1554 1623/1388/1556 1624/1387/1555
f 1624/1387/1555 1623/1388/1556 1622/1389/1557
f 1620/1390/1558 1622/1389/1557 1623/1388/1556
f 1621/1391/1559 1622/1389/1557 1620/1390/1558
f 1620/1390/1558 1618/1392/1560 1621/1391/1559
f 1619/1393/1561 1618/1392/1560 1620/1390/1558
f 1617/1394/1562 1618/1392/1560 1619/1393/1561
f 1617/1394/1562 1614/1395/1563 1618/1392/1560
f 1616/1396/1564 1614/1395/1563 1617/1394/1562
f 1616/1396/1564 1615/1397/1565 1614/1395/1563
f 1612/1408/1566 1610/1404/1565 1613/1407/1567
f 1611/1409/1568 1610/1404/1565 1612/1408/1566
f 1611/1409/1568 1612/1408/1566 1599/1410/1569
f 1611/1409/1568 1599/1410/1569 1601/1403/1570
f 1601/1403/1570 1610/1404/1565 1611/1409/1568
f 1604/1405/1571 1610/1404/1565 1601/1403/1570
f 1604/1405/1571 1609/1402/1572 1610/1404/1565
f 1603/1399/1573 1609/1402/1572 1604/1405/1571
f 1603/1399/1573 1608/1401/1574 1609/1402/1572
f 1603/1399/1573 1607/1400/1549 1608/1401/1574
f 1602/1398/1575 1607/1400/1549 1603/1399/1573
f 1606/1382/1548 1607/1400/1549 1602/1398/1575
f 1600/1406/1576 1606/1382/1548 1602/1398/1575
f 1600/1406/1576 1605/1376/1550 1606/1382/1548
f 1600/1406/1576 1598/1411/1577 1605/1376/1550
f 1601/1403/1570 1603/1399/1573 1604/1405/1571
f 1601/1403/1570 1602/1398/1575 1603/1399/1573
f 1600/1406/1576 1602/1398/1575 1601/1403/1570
f 1601/1403/1570 1599/1410/1569 1600/1406/1576
f 1600/1406/1576 1599/1410/1569 1598/1411/1577
f 1589/1469/1578 1587/1470/1579 1592/1471/1580
f 1593/1472/1581 1595/1473/1582 1591/1474/1583
f 1591/1474/1583 1595/1473/1582 1590/1475/1584
f 1592/1471/1580 1597/1476/1585 1594/1477/1586
f 1592/1471/1580 1584/1478/1587 1597/1476/1585
f 1597/1476/1585 1584/1478/1587 1585/1479/1588
f 1597/1476/1585 1585/1479/1588 1594/1477/1586
f 1594/1477/1586 1585/1479/1588 1596/1480/1589
f 1594/1477/1586 1596/1480/1589 1595/1473/1582
f 1594/1477/1586 1595/1473/1582 1593/1472/1581
f 1593/1472/1581 1592/1471/1580 1594/1477/1586
f 1591/1474/1583 1592/1471/1580 1593/1472/1581
f 1591/1474/1583 1589/1469/1578 1592/1471/1580
f 1591/1474/1583 1590/1475/1584 1589/1469/1578
f 1589/1469/1578 1590/1475/1584 1586/1481/1590
f 1586/1481/1590 1587/1470/1579 1589/1469/1578
f 1588/1482/1591 1587/1470/1579 1586/1481/1590
f 1585/1479/1588 1584/1478/1587 1583/1483/1592
f 1576/1484/1593 1574/1485/1594 1582/1486/1595
f 1582/1486/1595 1574/1485/1594 1578/1487/1596
f 1582/1486/1595 1578/1487/1596 1581/1488/1597
f 1578/1487/1596 1580/1489/1598 1581/1488/1597
f 1579/1490/1599 1580/1489/1598 1578/1487/1596
f 1578/1487/1596 1577/1491/1600 1579/1490/1599
f 1574/1485/1594 1577/1491/1600 1578/1487/1596
f 1574/1485/1594 1572/1492/1601 1577/1491/1600
f 1570/1493/1602 1571/1494/1603 1569/1495/1604
f 1569/1495/1604 1571/1494/1603 1573/1496/1605
f 1568/1497/1606 1569/1495/1604 1573/1496/1605
f 1568/1497/1606 1573/1496/1605 1576/1484/1593
f 1576/1484/1593 1573/1496/1605 1575/1498/1607
f 1575/1498/1607 1574/1485/1594 1576/1484/1593
f 1575/1498/1607 1573/1496/1605 1574/1485/1594
f 1573/1496/1605 1572/1492/1601 1574/1485/1594
f 1571/1494/1603 1572/1492/1601 1573/1496/1605
f 1571/1494/1603 1562/1499/1608 1572/1492/1601
f 1561/1500/1609 1562/1499/1608 1571/1494/1603
f 1570/1493/1602 1561/1500/1609 1571/1494/1603
f 1563/1501/1610 1561/1500/1609 1570/1493/1602
f 1563/1501/1610 1570/1493/1602 1569/1495/1604
f 1563/1501/1610 1569/1495/1604 1568/1497/1606
f 1567/1502/1611 1566/1503/1612 1555/1504/1613
f 1555/1504/1613 1566/1503/1612 1565/1505/1614
f 1555/1504/1613 1565/1505/1614 1557/1506/1615
f 1564/1507/1616 1554/1508/1617 1558/1509/1618
f 1558/1509/1618 1561/1500/1609 1563/1501/1610
f 1561/1500/1609 1560/1510/1619 1562/1499/1608
f 1558/1509/1618 1560/1510/1619 1561/1500/1609
f 1558/1509/1618 1559/1511/1620 1560/1510/1619
f 1558/1509/1618 1557/1506/1615 1559/1511/1620
f 1554/1508/1617 1557/1506/1615 1558/1509/1618
f 1555/1504/1613 1557/1506/1615 1554/1508/1617
f 1556/1512/1621 1555/1504/1613 1554/1508/1617
f 1550/1513/1622 1549/1514/1623 1547/1515/1624
f 1552/1516/1625 1540/1517/1626 1553/1518/1627
f 1542/1519/1628 1540/1517/1626 1552/1516/1625
f 1551/1520/1629 1542/1519/1628 1552/1516/1625
f 1543/1521/1630 1542/1519/1628 1551/1520/1629
f 1543/1521/1630 1551/1520/1629 1545/1522/1631
f 1545/1522/1631 1551/1520/1629 1547/1515/1624
f 1547/1515/1624 1551/1520/1629 1550/1513/1622
f 1551/1520/1629 1538/1523/1632 1550/1513/1622
f 1550/1513/1622 1538/1523/1632 1539/1524/1588
f 1539/1524/1588 1549/1514/1623 1550/1513/1622
f 1548/1525/1633 1549/1514/1623 1539/1524/1588
f 1547/1515/1624 1549/1514/1623 1548/1525/1633
f 1547/1515/1624 1548/1525/1633 1546/1526/1634
f 1547/1515/1624 1546/1526/1634 1545/1522/1631
f 1545/1522/1631 1546/1526/1634 1544/1527/1635
f 1545/1522/1631 1544/1527/1635 1543/1521/1630
f 1543/1521/1630 1544/1527/1635 1541/1528/1636
f 1543/1521/1630 1541/1528/1636 1542/1519/1628
f 1542/1519/1628 1541/1528/1636 1540/1517/1626
f 1539/1524/1588 1538/1523/1632 1537/1529/1637
f 1526/1458/1638 1528/1457/1639 1536/1459/1640
f 1535/1462/1641 1525/1468/1642 1534/1463/1643
f 1527/1460/1644 1525/1468/1642 1535/1462/1641
f 1535/1462/1641 1522/1453/1645 1527/1460/1644
f 1535/1462/1641 1521/1455/1646 1522/1453/1645
f 1535/1462/1641 1534/1463/1643 1521/1455/1646
f 1524/1456/1647 1521/1455/1646 1534/1463/1643
f 1524/1456/1647 1534/1463/1643 1533/1464/1648
f 1532/1465/1649 1524/1456/1647 1533/1464/1648
f 1532/1465/1649 1523/1454/1650 1524/1456/1647
f 1531/1466/1651 1523/1454/1650 1532/1465/1649
f 1531/1466/1651 1530/1467/1652 1523/1454/1650
f 1530/1467/1652 1522/1453/1645 1523/1454/1650
f 1530/1467/1652 1529/1461/1653 1522/1453/1645
f 1527/1460/1644 1522/1453/1645 1529/1461/1653
f 1527/1460/1644 1529/1461/1653 1528/1457/1639
f 1527/1460/1644 1528/1457/1639 1526/1458/1638
f 1527/1460/1644 1526/1458/1638 1525/1468/1642
f 1523/1454/1650 1521/1455/1646 1524/1456/1647
f 1523/1454/1650 1522/1453/1645 1521/1455/1646
f 1516/82/1654 1519/1530/1655 1520/81/1656
f 1514/1531/1657 1519/1530/1655 1516/82/1654
f 1514/1531/1657 1481/1532/1658 1519/1530/1655
f 1483/1533/1659 1481/1532/1658 1514/1531/1657
f 1518/86/1660 1512/95/1661 1513/1534/1662
f 1518/86/1660 1513/1534/1662 1517/83/457
f 1513/1534/1662 1514/1531/1657 1517/83/457
f 1517/83/457 1514/1531/1657 1516/82/1654
f 1506/1535/1663 1508/1536/1664 1504/1537/1665
f 1508/1536/1664 1503/93/1666 1504/1537/1665
f 1508/1536/1664 1509/1538/1667 1503/93/1666
f 1515/91/1668 1503/93/1666 1509/1538/1667
f 1515/91/1668 1509/1538/1667 1510/90/1669
f 1513/1534/1662 1483/1533/1659 1514/1531/1657
f 1513/1534/1662 1501/1539/1670 1483/1533/1659
f 1512/95/1661 1501/1539/1670 1513/1534/1662
f 1512/95/1661 1497/1540/1671 1501/1539/1670
f 1511/94/1672 1497/1540/1671 1512/95/1661
f 1511/94/1672 1496/1541/1673 1497/1540/1671
f 1510/90/1669 1496/1541/1673 1511/94/1672
f 1510/90/1669 1509/1538/1667 1496/1541/1673
f 1495/1542/1674 1496/1541/1673 1509/1538/1667
f 1495/1542/1674 1509/1538/1667 1508/1536/1664
f 1493/1543/1675 1495/1542/1674 1508/1536/1664
f 1493/1543/1675 1508/1536/1664 1506/1535/1663
f 1506/1535/1663 1492/234/1676 1493/1543/1675
f 1506/1535/1663 1507/236/1677 1492/234/1676
f 1506/1535/1663 1505/242/1678 1507/236/1677
f 1506/1535/1663 1504/1537/1665 1505/242/1678
f 1504/1537/1665 1502/243/444 1505/242/1678
f 1504/1537/1665 1503/93/1666 1502/243/444
f 1499/1544/1679 1500/1545/1680 1498/1546/1681
f 1500/1545/1680 1497/1540/1671 1498/1546/1681
f 1500/1545/1680 1501/1539/1670 1497/1540/1671
f 1484/1547/1682 1483/1533/1659 1501/1539/1670
f 1484/1547/1682 1501/1539/1670 1500/1545/1680
f 1486/1548/1683 1484/1547/1682 1500/1545/1680
f 1486/1548/1683 1500/1545/1680 1499/1544/1679
f 1499/1544/1679 1487/1549/1684 1486/1548/1683
f 1499/1544/1679 1488/1550/1685 1487/1549/1684
f 1491/1551/1686 1488/1550/1685 1499/1544/1679
f 1499/1544/1679 1498/1546/1681 1491/1551/1686
f 1491/1551/1686 1498/1546/1681 1495/1542/1674
f 1498/1546/1681 1496/1541/1673 1495/1542/1674
f 1498/1546/1681 1497/1540/1671 1496/1541/1673
f 1491/1551/1686 1495/1542/1674 1493/1543/1675
f 1489/397/1687 1490/396/1688 1494/233/1689
f 1494/233/1689 1490/396/1688 1492/234/1676
f 1493/1543/1675 1492/234/1676 1491/1551/1686
f 1491/1551/1686 1492/234/1676 1490/396/1688
f 1491/1551/1686 1490/396/1688 1488/1550/1685
f 1489/397/1687 1488/1550/1685 1490/396/1688
f 1480/1552/1690 1488/1550/1685 1489/397/1687
f 1480/1552/1690 1487/1549/1684 1488/1550/1685
f 1480/1552/1690 1478/1553/1691 1487/1549/1684
f 1487/1549/1684 1478/1553/1691 1486/1548/1683
f 1486/1548/1683 1478/1553/1691 1485/1554/1692
f 1486/1548/1683 1485/1554/1692 1484/1547/1682
f 1484/1547/1682 1485/1554/1692 1482/1555/1693
f 1484/1547/1682 1482/1555/1693 1483/1533/1659
f 1483/1533/1659 1482/1555/1693 1481/1532/1658
f 1480/1552/1690 1479/1556/1694 1478/1553/1691
f 1477/1557/1695 1476/1558/1696 1475/1559/1697
f 1475/1559/1697 1476/1558/1696 1474/1560/1698
f 1475/1559/1697 1474/1560/1698 1473/1561/1699
f 1473/1561/1699 1474/1560/1698 1470/1562/1700
f 1473/1561/1699 1470/1562/1700 1472/1563/1701
f 1472/1563/1701 1470/1562/1700 1471/1564/1702
f 1470/1562/1700 1468/1565/1703 1471/1564/1702
f 1469/1566/1704 1468/1565/1703 1470/1562/1700
f 1466/1567/1705 1468/1565/1703 1469/1566/1704
f 1466/1567/1705 1467/1568/1706 1468/1565/1703
f 1466/1567/1705 1465/1569/1707 1467/1568/1706
f 1464/1570/1708 1465/1569/1707 1466/1567/1705
f 1465/1569/1707 1464/1570/1708 1462/1571/1709
f 1462/1571/1709 1464/1570/1708 1463/1572/1710
f 1462/1571/1709 1463/1572/1710 1460/1573/1711
f 1462/1571/1709 1460/1573/1711 1461/1574/1712
f 1461/1574/1712 1460/1573/1711 1459/1575/1713
f 1459/1575/1713 1460/1573/1711 1458/1576/1714
f 1459/1575/1713 1458/1576/1714 1456/1577/1715
f 1456/1577/1715 1458/1576/1714 1457/1578/1716
f 1456/1577/1715 1457/1578/1716 1454/1579/1717
f 1456/1577/1715 1454/1579/1717 1455/1580/1718
f 1455/1580/1718 1454/1579/1717 1453/1581/1719
f 1453/1581/1719 1454/1579/1717 1452/1582/1720
f 1453/1581/1719 1452/1582/1720 1440/1583/1721
f 1440/1583/1721 1452/1582/1720 1451/1584/1722
f 1451/1584/1722 1438/1585/1723 1440/1583/1721
f 1451/1584/1722 1450/1586/1724 1438/1585/1723
f 1433/1587/1725 1438/1585/1723 1450/1586/1724
f 1433/1587/1725 1450/1586/1724 1432/1588/1726
f 1397/1589/1727 1395/1590/1728 1449/1591/1729
f 1397/1589/1727 1449/1591/1729 1414/1592/1730
f 1414/1592/1730 1449/1591/1729 1448/1593/1731
f 1448/1593/1731 1416/1594/1732 1414/1592/1730
f 1448/1593/1731 1447/1595/1733 1416/1594/1732
f 1416/1594/1732 1447/1595/1733 1418/1596/1734
f 1418/1596/1734 1447/1595/1733 1446/1597/1735
f 1418/1596/1734 1446/1597/1735 1420/1598/1736
f 1420/1598/1736 1446/1597/1735 1445/1599/1737
f 1445/1599/1737 1434/1600/1738 1420/1598/1736
f 1445/1599/1737 1444/1601/1739 1434/1600/1738
f 1434/1600/1738 1444/1601/1739 1435/1602/1740
f 1435/1602/1740 1444/1601/1739 1443/1603/1741
f 1435/1602/1740 1443/1603/1741 1436/1604/1742
f 1436/1604/1742 1443/1603/1741 1442/1605/1743
f 1442/1605/1743 1437/1606/1744 1436/1604/1742
f 1442/1605/1743 1441/1607/1745 1437/1606/1744
f 1441/1607/1745 1439/1608/1746 1437/1606/1744
f 1441/1607/1745 1440/1583/1721 1439/1608/1746
f 1440/1583/1721 1438/1585/1723 1439/1608/1746
f 1437/1606/1744 1439/1608/1746 1438/1585/1723
f 1437/1606/1744 1438/1585/1723 1433/1587/1725
f 1436/1604/1742 1437/1606/1744 1433/1587/1725
f 1436/1604/1742 1433/1587/1725 1431/1609/1747
f 1431/1609/1747 1435/1602/1740 1436/1604/1742
f 1431/1609/1747 1429/1610/1748 1435/1602/1740
f 1434/1600/1738 1435/1602/1740 1429/1610/1748
f 1434/1600/1738 1429/1610/1748 1421/1611/1749
f 1420/1598/1736 1434/1600/1738 1421/1611/1749
f 1433/1587/1725 1432/1588/1726 1431/1609/1747
f 1431/1609/1747 1432/1588/1726 1430/1612/1750
f 1430/1612/1750 1429/1610/1748 1431/1609/1747
f 1430/1612/1750 1428/1613/1751 1429/1610/1748
f 1421/1611/1749 1429/1610/1748 1428/1613/1751
f 1421/1611/1749 1428/1613/1751 1427/1614/1752
f 1421/1611/1749 1427/1614/1752 1419/1615/1753
f 1419/1615/1753 1427/1614/1752 1426/1616/1754
f 1419/1615/1753 1426/1616/1754 1417/1617/1755
f 1417/1617/1755 1426/1616/1754 1425/1618/1756
f 1415/1619/1757 1417/1617/1755 1425/1618/1756
f 1415/1619/1757 1425/1618/1756 1424/1620/1758
f 1415/1619/1757 1424/1620/1758 1413/1621/1759
f 1413/1621/1759 1424/1620/1758 1423/1622/1760
f 1423/1622/1760 1412/1623/1761 1413/1621/1759
f 1422/1624/1762 1412/1623/1761 1423/1622/1760
f 1411/1625/1763 1412/1623/1761 1422/1624/1762
f 1422/1624/1762 1410/1626/1764 1411/1625/1763
f 1420/1598/1736 1421/1611/1749 1419/1615/1753
f 1420/1598/1736 1419/1615/1753 1418/1596/1734
f 1418/1596/1734 1419/1615/1753 1417/1617/1755
f 1416/1594/1732 1418/1596/1734 1417/1617/1755
f 1416/1594/1732 1417/1617/1755 1415/1619/1757
f 1414/1592/1730 1416/1594/1732 1415/1619/1757
f 1414/1592/1730 1415/1619/1757 1413/1621/1759
f 1414/1592/1730 1413/1621/1759 1397/1589/1727
f 1397/1589/1727 1413/1621/1759 1412/1623/1761
f 1397/1589/1727 1412/1623/1761 1396/1627/1765
f 1411/1625/1763 1396/1627/1765 1412/1623/1761
f 1411/1625/1763 1399/1628/1766 1396/1627/1765
f 1411/1625/1763 1409/1629/1767 1399/1628/1766
f 1409/1629/1767 1401/1630/1768 1399/1628/1766
f 1409/1629/1767 1407/1631/1769 1401/1630/1768
f 1403/1632/1770 1401/1630/1768 1407/1631/1769
f 1403/1632/1770 1407/1631/1769 1405/1633/1771
f 1404/1634/1772 1403/1632/1770 1405/1633/1771
f 1411/1625/1763 1410/1626/1764 1409/1629/1767
f 1410/1626/1764 1408/1635/1773 1409/1629/1767
f 1408/1635/1773 1407/1631/1769 1409/1629/1767
f 1408/1635/1773 1406/1636/1774 1407/1631/1769
f 1405/1633/1771 1407/1631/1769 1406/1636/1774
f 1405/1633/1771 1406/1636/1774 1391/1637/1775
f 1405/1633/1771 1391/1637/1775 1392/1638/1776
f 1404/1634/1772 1405/1633/1771 1392/1638/1776
f 1394/1639/1777 1404/1634/1772 1392/1638/1776
f 1394/1639/1777 1403/1632/1770 1404/1634/1772
f 1394/1639/1777 1402/1640/1778 1403/1632/1770
f 1402/1640/1778 1401/1630/1768 1403/1632/1770
f 1402/1640/1778 1400/1641/1779 1401/1630/1768
f 1400/1641/1779 1399/1628/1766 1401/1630/1768
f 1398/1642/1780 1399/1628/1766 1400/1641/1779
f 1398/1642/1780 1396/1627/1765 1399/1628/1766
f 1395/1590/1728 1396/1627/1765 1398/1642/1780
f 1397/1589/1727 1396/1627/1765 1395/1590/1728
f 1392/1638/1776 1393/1643/1781 1394/1639/1777
f 1390/1644/1782 1393/1643/1781 1392/1638/1776
f 1392/1638/1776 1391/1637/1775 1390/1644/1782
f 1387/1645/1783 1389/1646/1784 1386/1647/1785
f 1386/1647/1785 1389/1646/1784 1385/1648/1786
f 1385/1648/1786 1389/1646/1784 1384/1649/1787
f 1384/1649/1787 1388/1650/1788 1383/1651/1789
f 1381/1652/1790 1387/1645/1783 1379/1653/1791
f 1379/1653/1791 1387/1645/1783 1386/1647/1785
f 1379/1653/1791 1386/1647/1785 1377/1654/1792
f 1377/1654/1792 1386/1647/1785 1376/1655/1793
f 1386/1647/1785 1385/1648/1786 1376/1655/1793
f 1376/1655/1793 1385/1648/1786 1375/1656/1794
f 1385/1648/1786 1384/1649/1787 1375/1656/1794
f 1375/1656/1794 1384/1649/1787 1374/1657/1795
f 1384/1649/1787 1383/1651/1789 1374/1657/1795
f 1374/1657/1795 1383/1651/1789 1373/1658/1796
f 1382/1659/1797 1381/1652/1790 1380/1660/1798
f 1380/1660/1798 1381/1652/1790 1379/1653/1791
f 1380/1660/1798 1379/1653/1791 1378/1661/1799
f 1378/1661/1799 1379/1653/1791 1377/1654/1792
f 1378/1661/1799 1377/1654/1792 1368/1662/1800
f 1368/1662/1800 1377/1654/1792 1367/1663/1801
f 1377/1654/1792 1376/1655/1793 1367/1663/1801
f 1367/1663/1801 1376/1655/1793 1369/1664/1802
f 1369/1664/1802 1376/1655/1793 1375/1656/1794
f 1369/1664/1802 1375/1656/1794 1370/1665/1803
f 1375/1656/1794 1374/1657/1795 1370/1665/1803
f 1370/1665/1803 1374/1657/1795 1371/1666/1804
f 1374/1657/1795 1373/1658/1796 1371/1666/1804
f 1371/1666/1804 1373/1658/1796 1372/1667/1805
f 1370/1665/1803 1371/1666/1804 1368/1662/1800
f 1370/1665/1803 1368/1662/1800 1369/1664/1802
f 1369/1664/1802 1368/1662/1800 1367/1663/1801
f 1362/1668/1806 1363/1669/1807 1364/1670/1808
f 1364/1670/1808 1366/1671/1809 1362/1668/1806
f 1362/1668/1806 1366/1671/1809 698/1672/1810
f 1364/1670/1808 1365/1673/1811 1366/1671/1809
f 677/1674/1812 698/1672/1810 678/1675/1813
f 678/1675/1813 698/1672/1810 1366/1671/1809
f 678/1675/1813 1366/1671/1809 680/1676/1814
f 680/1676/1814 1366/1671/1809 1365/1673/1811
f 680/1676/1814 1365/1673/1811 682/1677/1815
f 682/1677/1815 1365/1673/1811 1358/1678/1816
f 1357/1679/1817 1358/1678/1816 1365/1673/1811
f 1357/1679/1817 1365/1673/1811 1364/1670/1808
f 1364/1670/1808 1359/1680/1818 1357/1679/1817
f 1364/1670/1808 1363/1669/1807 1359/1680/1818
f 714/1681/1819 1359/1680/1818 1363/1669/1807
f 714/1681/1819 1363/1669/1807 715/1682/1820
f 1362/1668/1806 715/1682/1820 1363/1669/1807
f 719/1683/1821 715/1682/1820 1362/1668/1806
f 1362/1668/1806 698/1672/1810 719/1683/1821
f 719/1683/1821 698/1672/1810 697/1684/1822
f 1343/1685/1823 1344/1686/1824 1358/1678/1816
f 682/1677/1815 1358/1678/1816 1344/1686/1824
f 682/1677/1815 1344/1686/1824 1345/1687/1825
f 682/1677/1815 1345/1687/1825 684/1688/1826
f 684/1688/1826 1345/1687/1825 1353/1689/1827
f 684/1688/1826 1353/1689/1827 687/1690/1828
f 687/1690/1828 1353/1689/1827 1354/1691/1829
f 1354/1691/1829 828/1692/1830 687/1690/1828
f 1355/1693/1831 828/1692/1830 1354/1691/1829
f 1355/1693/1831 823/1694/1832 828/1692/1830
f 1355/1693/1831 1356/1695/1833 823/1694/1832
f 824/1696/1834 823/1694/1832 1356/1695/1833
f 1356/1695/1833 1360/1697/1835 824/1696/1834
f 824/1696/1834 1360/1697/1835 825/1698/1836
f 1361/1699/1837 825/1698/1836 1360/1697/1835
f 782/1700/1838 825/1698/1836 1361/1699/1837
f 1361/1699/1837 730/1701/1839 782/1700/1838
f 782/1700/1838 730/1701/1839 779/1702/1840
f 724/1703/1841 730/1701/1839 1361/1699/1837
f 1361/1699/1837 1360/1697/1835 724/1703/1841
f 724/1703/1841 1360/1697/1835 723/1704/1842
f 1356/1695/1833 723/1704/1842 1360/1697/1835
f 1348/1705/1843 723/1704/1842 1356/1695/1833
f 722/1706/1844 723/1704/1842 1348/1705/1843
f 1349/1707/1845 722/1706/1844 1348/1705/1843
f 1349/1707/1845 721/1708/1846 722/1706/1844
f 1349/1707/1845 1350/1709/1847 721/1708/1846
f 1350/1709/1847 720/1710/1848 721/1708/1846
f 1350/1709/1847 1351/1711/1849 720/1710/1848
f 714/1681/1819 720/1710/1848 1351/1711/1849
f 714/1681/1819 1351/1711/1849 1352/1712/1850
f 1352/1712/1850 1359/1680/1818 714/1681/1819
f 1352/1712/1850 1342/1713/1851 1359/1680/1818
f 1357/1679/1817 1359/1680/1818 1342/1713/1851
f 1357/1679/1817 1342/1713/1851 1343/1685/1823
f 1343/1685/1823 1358/1678/1816 1357/1679/1817
f 1355/1693/1831 1348/1705/1843 1356/1695/1833
f 1355/1693/1831 1347/1714/1852 1348/1705/1843
f 1355/1693/1831 1346/1715/1853 1347/1714/1852
f 1354/1691/1829 1346/1715/1853 1355/1693/1831
f 1354/1691/1829 1345/1687/1825 1346/1715/1853
f 1354/1691/1829 1353/1689/1827 1345/1687/1825
f 1352/1712/1850 1351/1711/1849 1342/1713/1851
f 1341/1716/1854 1342/1713/1851 1351/1711/1849
f 1341/1716/1854 1351/1711/1849 1350/1709/1847
f 1341/1716/1854 1350/1709/1847 1349/1707/1845
f 1349/1707/1845 1348/1705/1843 1341/1716/1854
f 1341/1716/1854 1348/1705/1843 1347/1714/1852
f 1341/1716/1854 1347/1714/1852 1343/1685/1823
f 1343/1685/1823 1347/1714/1852 1346/1715/1853
f 1346/1715/1853 1344/1686/1824 1343/1685/1823
f 1346/1715/1853 1345/1687/1825 1344/1686/1824
f 1343/1685/1823 1342/1713/1851 1341/1716/1854
f 1339/1666/1855 1340/1667/1856 1338/1658/1857
f 1333/1665/1858 1327/1662/1859 1339/1666/1855
f 1333/1665/1858 1339/1666/1855 1331/1657/1860
f 1339/1666/1855 1338/1658/1857 1331/1657/1860
f 1331/1657/1860 1338/1658/1857 1328/1651/1861
f 1335/1663/1862 1334/1664/1863 1336/1655/1864
f 1334/1664/1863 1332/1656/1865 1336/1655/1864
f 1336/1655/1864 1332/1656/1865 1337/1648/1866
f 1332/1656/1865 1329/1649/1867 1337/1648/1866
f 1337/1648/1866 1329/1649/1867 1324/1646/1868
f 1325/1647/1869 1337/1648/1866 1324/1646/1868
f 1336/1655/1864 1337/1648/1866 1325/1647/1869
f 1326/1654/1870 1336/1655/1864 1325/1647/1869
f 1335/1663/1862 1336/1655/1864 1326/1654/1870
f 1327/1662/1859 1335/1663/1862 1326/1654/1870
f 1334/1664/1863 1335/1663/1862 1327/1662/1859
f 1334/1664/1863 1327/1662/1859 1333/1665/1858
f 1334/1664/1863 1333/1665/1858 1332/1656/1865
f 1333/1665/1858 1331/1657/1860 1332/1656/1865
f 1332/1656/1865 1331/1657/1860 1329/1649/1867
f 1331/1657/1860 1328/1651/1861 1329/1649/1867
f 1330/1650/1871 1329/1649/1867 1328/1651/1861
f 1327/1662/1859 1326/1654/1870 1322/1661/1872
f 1322/1661/1872 1326/1654/1870 1320/1653/1873
f 1326/1654/1870 1325/1647/1869 1320/1653/1873
f 1325/1647/1869 1319/1645/1874 1320/1653/1873
f 1325/1647/1869 1324/1646/1868 1319/1645/1874
f 1318/1652/1875 1323/1659/1876 1321/1660/1861
f 1322/1661/1872 1320/1653/1873 1321/1660/1861
f 1321/1660/1861 1320/1653/1873 1318/1652/1875
f 1320/1653/1873 1319/1645/1874 1318/1652/1875
f 1315/1438/1877 1316/1433/1878 1317/1439/1879
f 1314/1434/1880 1316/1433/1878 1313/1432/1881
f 1313/1432/1881 1316/1433/1878 1315/1438/1877
f 1313/1432/1881 1315/1438/1877 1312/1440/1882
f 1301/1435/1883 1299/1436/1884 1314/1434/1880
f 1314/1434/1880 1313/1432/1881 1301/1435/1883
f 1301/1435/1883 1313/1432/1881 1303/1441/1885
f 1313/1432/1881 1312/1440/1882 1303/1441/1885
f 1303/1441/1885 1312/1440/1882 1305/1452/1886
f 1310/1430/1887 1309/1429/1888 1311/1431/1889
f 1300/1437/1890 1302/1442/1891 1298/1443/1892
f 1302/1442/1891 1296/1451/1893 1298/1443/1892
f 1302/1442/1891 1304/1450/1894 1296/1451/1893
f 1304/1450/1894 1295/1446/1895 1296/1451/1893
f 1297/1444/1896 1310/1430/1887 1299/1436/1884
f 1297/1444/1896 1294/1445/1897 1310/1430/1887
f 1294/1445/1897 1309/1429/1888 1310/1430/1887
f 1295/1446/1895 1309/1429/1888 1294/1445/1897
f 1295/1446/1895 1308/1447/1898 1309/1429/1888
f 1295/1446/1895 1307/1448/1899 1308/1447/1898
f 1306/1449/1900 1307/1448/1899 1295/1446/1895
f 1304/1450/1894 1306/1449/1900 1295/1446/1895
f 1305/1452/1886 1306/1449/1900 1304/1450/1894
f 1303/1441/1885 1305/1452/1886 1304/1450/1894
f 1303/1441/1885 1304/1450/1894 1302/1442/1891
f 1301/1435/1883 1303/1441/1885 1302/1442/1891
f 1301/1435/1883 1302/1442/1891 1300/1437/1890
f 1300/1437/1890 1299/1436/1884 1301/1435/1883
f 1298/1443/1892 1299/1436/1884 1300/1437/1890
f 1297/1444/1896 1299/1436/1884 1298/1443/1892
f 1298/1443/1892 1296/1451/1893 1297/1444/1896
f 1296/1451/1893 1294/1445/1897 1297/1444/1896
f 1296/1451/1893 1295/1446/1895 1294/1445/1897
f 668/1717/1901 679/1718/1902 552/1719/1903
f 553/1720/1904 552/1719/1903 679/1718/1902
f 553/1720/1904 679/1718/1902 681/1721/1905
f 553/1720/1904 681/1721/1905 554/1722/1906
f 554/1722/1906 681/1721/1905 683/1723/1907
f 554/1722/1906 683/1723/1907 540/1724/1908
f 540/1724/1908 683/1723/1907 685/1725/1909
f 540/1724/1908 685/1725/1909 839/1726/1910
f 539/1727/1911 540/1724/1908 839/1726/1910
f 539/1727/1911 839/1726/1910 850/1728/1912
f 850/1728/1912 541/1729/1913 539/1727/1911
f 851/1730/1914 541/1729/1913 850/1728/1912
f 542/1731/1915 541/1729/1913 851/1730/1914
f 852/1732/1916 542/1731/1915 851/1730/1914
f 507/1733/1917 542/1731/1915 852/1732/1916
f 852/1732/1916 853/1734/1918 507/1733/1917
f 507/1733/1917 853/1734/1918 508/1735/1919
f 853/1734/1918 855/1736/1920 508/1735/1919
f 508/1735/1919 855/1736/1920 509/1737/1921
f 509/1737/1921 855/1736/1920 857/1738/1922
f 509/1737/1921 857/1738/1922 1291/1739/1923
f 1291/1739/1923 857/1738/1922 859/1740/1924
f 1292/1741/1925 1291/1739/1923 859/1740/1924
f 1292/1741/1925 859/1740/1924 861/1742/1926
f 861/1742/1926 1293/1743/1927 1292/1741/1925
f 861/1742/1926 863/1744/1928 1293/1743/1927
f 1242/1745/1929 1293/1743/1927 863/1744/1928
f 1242/1745/1929 863/1744/1928 1221/1746/1930
f 1253/1747/1931 1241/1748/1932 1243/1749/1933
f 1242/1745/1929 1241/1748/1932 1253/1747/1931
f 1242/1745/1929 1253/1747/1931 1271/1750/1934
f 1271/1750/1934 1293/1743/1927 1242/1745/1929
f 1271/1750/1934 1281/1751/1935 1293/1743/1927
f 1292/1741/1925 1293/1743/1927 1281/1751/1935
f 1292/1741/1925 1281/1751/1935 1287/1752/1936
f 1287/1752/1936 1291/1739/1923 1292/1741/1925
f 1287/1752/1936 509/1737/1921 1291/1739/1923
f 1287/1752/1936 510/1753/1937 509/1737/1921
f 1286/1754/1938 510/1753/1937 1287/1752/1936
f 1286/1754/1938 511/1185/1231 510/1753/1937
f 1285/1755/1939 511/1185/1231 1286/1754/1938
f 1285/1755/1939 1290/1183/1229 511/1185/1231
f 1285/1755/1939 1284/1756/1940 1290/1183/1229
f 1289/1181/1227 1290/1183/1229 1284/1756/1940
f 1289/1181/1227 1284/1756/1940 1283/1186/1232
f 1289/1181/1227 1283/1186/1232 1288/1179/1225
f 1287/1752/1936 1281/1751/1935 1286/1754/1938
f 1286/1754/1938 1281/1751/1935 1280/1757/1941
f 1286/1754/1938 1280/1757/1941 1285/1755/1939
f 1280/1757/1941 1279/1758/1942 1285/1755/1939
f 1285/1755/1939 1279/1758/1942 1284/1756/1940
f 1284/1756/1940 1279/1758/1942 1278/1759/1943
f 1284/1756/1940 1278/1759/1943 1283/1186/1232
f 1283/1186/1232 1278/1759/1943 1277/1199/1245
f 1283/1186/1232 1277/1199/1245 1282/1187/1233
f 1280/1757/1941 1281/1751/1935 1271/1750/1934
f 1271/1750/1934 1270/1760/1944 1280/1757/1941
f 1280/1757/1941 1270/1760/1944 1279/1758/1942
f 1279/1758/1942 1270/1760/1944 1269/1761/1945
f 1279/1758/1942 1269/1761/1945 1278/1759/1943
f 1278/1759/1943 1269/1761/1945 1268/1762/1946
f 1278/1759/1943 1268/1762/1946 1277/1199/1245
f 1277/1199/1245 1268/1762/1946 1267/1763/1947
f 1277/1199/1245 1267/1763/1947 1276/1200/1246
f 1276/1200/1246 1267/1763/1947 1266/1764/1948
f 1276/1200/1246 1266/1764/1948 1275/1201/1247
f 1275/1201/1247 1266/1764/1948 1265/1765/1949
f 1275/1201/1247 1265/1765/1949 1274/1202/1248
f 1274/1202/1248 1265/1765/1949 1264/1766/1950
f 1274/1202/1248 1264/1766/1950 1273/1203/1249
f 1273/1203/1249 1264/1766/1950 1263/1767/1951
f 1273/1203/1249 1263/1767/1951 1272/1204/1250
f 1272/1204/1250 1263/1767/1951 1262/1205/1251
f 1263/1767/1951 1260/1768/1952 1262/1205/1251
f 1271/1750/1934 1253/1747/1931 1270/1760/1944
f 1270/1760/1944 1253/1747/1931 1252/1769/1953
f 1270/1760/1944 1252/1769/1953 1269/1761/1945
f 1269/1761/1945 1252/1769/1953 1254/1770/1954
f 1269/1761/1945 1254/1770/1954 1268/1762/1946
f 1268/1762/1946 1254/1770/1954 1255/1771/1955
f 1268/1762/1946 1255/1771/1955 1267/1763/1947
f 1267/1763/1947 1255/1771/1955 1256/1772/1956
f 1267/1763/1947 1256/1772/1956 1266/1764/1948
f 1266/1764/1948 1256/1772/1956 1257/1773/1957
f 1266/1764/1948 1257/1773/1957 1265/1765/1949
f 1265/1765/1949 1257/1773/1957 1258/1774/1958
f 1265/1765/1949 1258/1774/1958 1264/1766/1950
f 1264/1766/1950 1258/1774/1958 1259/1775/1959
f 1264/1766/1950 1259/1775/1959 1263/1767/1951
f 1263/1767/1951 1259/1775/1959 1260/1768/1952
f 1262/1205/1251 1260/1768/1952 1261/1206/1252
f 1260/1768/1952 1251/1208/1254 1261/1206/1252
f 1260/1768/1952 1250/1776/1960 1251/1208/1254
f 1259/1775/1959 1250/1776/1960 1260/1768/1952
f 1259/1775/1959 1249/1777/1961 1250/1776/1960
f 1258/1774/1958 1249/1777/1961 1259/1775/1959
f 1258/1774/1958 1248/1778/1962 1249/1777/1961
f 1257/1773/1957 1248/1778/1962 1258/1774/1958
f 1257/1773/1957 1247/1779/1963 1248/1778/1962
f 1256/1772/1956 1247/1779/1963 1257/1773/1957
f 1256/1772/1956 1246/1780/1964 1247/1779/1963
f 1255/1771/1955 1246/1780/1964 1256/1772/1956
f 1255/1771/1955 1245/1781/1965 1246/1780/1964
f 1254/1770/1954 1245/1781/1965 1255/1771/1955
f 1254/1770/1954 1244/1782/1966 1245/1781/1965
f 1252/1769/1953 1244/1782/1966 1254/1770/1954
f 1252/1769/1953 1243/1749/1933 1244/1782/1966
f 1253/1747/1931 1243/1749/1933 1252/1769/1953
f 1251/1208/1254 1207/1783/1967 1206/1209/1255
f 1250/1776/1960 1207/1783/1967 1251/1208/1254
f 1250/1776/1960 1209/1784/1968 1207/1783/1967
f 1249/1777/1961 1209/1784/1968 1250/1776/1960
f 1249/1777/1961 1234/1785/1969 1209/1784/1968
f 1248/1778/1962 1234/1785/1969 1249/1777/1961
f 1248/1778/1962 1235/1786/1970 1234/1785/1969
f 1247/1779/1963 1235/1786/1970 1248/1778/1962
f 1247/1779/1963 1236/1787/1971 1235/1786/1970
f 1246/1780/1964 1236/1787/1971 1247/1779/1963
f 1246/1780/1964 1237/1788/1972 1236/1787/1971
f 1245/1781/1965 1237/1788/1972 1246/1780/1964
f 1245/1781/1965 1238/1789/1973 1237/1788/1972
f 1244/1782/1966 1238/1789/1973 1245/1781/1965
f 1244/1782/1966 1239/1790/1974 1238/1789/1973
f 1243/1749/1933 1239/1790/1974 1244/1782/1966
f 1243/1749/1933 1240/1791/1975 1239/1790/1974
f 1241/1748/1932 1240/1791/1975 1243/1749/1933
f 1221/1746/1930 1241/1748/1932 1242/1745/1929
f 1221/1746/1930 1222/1792/1976 1241/1748/1932
f 1241/1748/1932 1222/1792/1976 1240/1791/1975
f 1222/1792/1976 1223/1793/1977 1240/1791/1975
f 1240/1791/1975 1223/1793/1977 1224/1794/1978
f 1240/1791/1975 1224/1794/1978 1239/1790/1974
f 1239/1790/1974 1224/1794/1978 1226/1795/1979
f 1239/1790/1974 1226/1795/1979 1238/1789/1973
f 1238/1789/1973 1226/1795/1979 1228/1796/1980
f 1238/1789/1973 1228/1796/1980 1237/1788/1972
f 1237/1788/1972 1228/1796/1980 1230/1797/1981
f 1237/1788/1972 1230/1797/1981 1236/1787/1971
f 1236/1787/1971 1230/1797/1981 1232/1798/1982
f 1236/1787/1971 1232/1798/1982 1235/1786/1970
f 1235/1786/1970 1232/1798/1982 1212/1799/1983
f 1235/1786/1970 1212/1799/1983 1234/1785/1969
f 1234/1785/1969 1212/1799/1983 1210/1800/1984
f 1234/1785/1969 1210/1800/1984 1209/1784/1968
f 1212/1799/1983 1233/1801/1985 1211/1802/1986
f 1232/1798/1982 1233/1801/1985 1212/1799/1983
f 1232/1798/1982 1231/1803/1987 1233/1801/1985
f 1230/1797/1981 1231/1803/1987 1232/1798/1982
f 1230/1797/1981 1229/1804/1988 1231/1803/1987
f 1228/1796/1980 1229/1804/1988 1230/1797/1981
f 1228/1796/1980 1227/1805/1989 1229/1804/1988
f 1226/1795/1979 1227/1805/1989 1228/1796/1980
f 1226/1795/1979 1225/1806/1990 1227/1805/1989
f 1224/1794/1978 1225/1806/1990 1226/1795/1979
f 1224/1794/1978 878/1807/1991 1225/1806/1990
f 1223/1793/1977 878/1807/1991 1224/1794/1978
f 871/1808/1992 878/1807/1991 1223/1793/1977
f 1222/1792/1976 871/1808/1992 1223/1793/1977
f 869/1809/1993 871/1808/1992 1222/1792/1976
f 869/1809/1993 1222/1792/1976 1221/1746/1930
f 1221/1746/1930 864/1810/1994 869/1809/1993
f 1221/1746/1930 863/1744/1928 864/1810/1994
f 639/1811/1995 646/1812/1996 638/1813/1997
f 639/1811/1995 1220/1814/1998 646/1812/1996
f 640/1815/1999 1220/1814/1998 639/1811/1995
f 640/1815/1999 1219/1816/2000 1220/1814/1998
f 641/1817/2001 1219/1816/2000 640/1815/1999
f 641/1817/2001 1218/1818/2002 1219/1816/2000
f 643/1819/2003 1218/1818/2002 641/1817/2001
f 643/1819/2003 1217/1820/2004 1218/1818/2002
f 1198/1821/2005 1217/1820/2004 643/1819/2003
f 1198/1821/2005 1216/1822/2006 1217/1820/2004
f 1198/1821/2005 1215/1823/2007 1216/1822/2006
f 1199/1824/2008 1215/1823/2007 1198/1821/2005
f 1199/1824/2008 1214/1825/2009 1215/1823/2007
f 1208/1826/2010 1214/1825/2009 1199/1824/2008
f 1208/1826/2010 1213/1827/2011 1214/1825/2009
f 1210/1800/1984 1213/1827/2011 1208/1826/2010
f 1210/1800/1984 1211/1802/1986 1213/1827/2011
f 1212/1799/1983 1211/1802/1986 1210/1800/1984
f 1209/1784/1968 1210/1800/1984 1208/1826/2010
f 1209/1784/1968 1208/1826/2010 1207/1783/1967
f 1207/1783/1967 1208/1826/2010 1199/1824/2008
f 1207/1783/1967 1199/1824/2008 1206/1209/1255
f 1206/1209/1255 1199/1824/2008 1190/1828/2012
f 1205/1207/1253 1206/1209/1255 1190/1828/2012
f 1205/1207/1253 1190/1828/2012 1191/1829/2013
f 1204/1198/1244 1205/1207/1253 1191/1829/2013
f 1204/1198/1244 1191/1829/2013 1192/1830/2014
f 1203/1197/1243 1204/1198/1244 1192/1830/2014
f 1203/1197/1243 1192/1830/2014 1193/1831/2015
f 1195/1832/2016 1203/1197/1243 1193/1831/2015
f 1202/1195/1241 1203/1197/1243 1195/1832/2016
f 1196/1833/2017 1202/1195/1241 1195/1832/2016
f 1201/1193/1239 1202/1195/1241 1196/1833/2017
f 1197/1834/2018 1201/1193/1239 1196/1833/2017
f 1200/1167/1213 1201/1193/1239 1197/1834/2018
f 276/1168/1214 1200/1167/1213 1197/1834/2018
f 1190/1828/2012 1199/1824/2008 1198/1821/2005
f 1190/1828/2012 1198/1821/2005 643/1819/2003
f 1195/1832/2016 1193/1831/2015 1194/1835/2019
f 257/1836/2020 255/1837/2021 276/1168/1214
f 276/1168/1214 1197/1834/2018 257/1836/2020
f 257/1836/2020 1197/1834/2018 258/1838/2022
f 1197/1834/2018 1196/1833/2017 258/1838/2022
f 258/1838/2022 1196/1833/2017 259/1839/2023
f 1196/1833/2017 1195/1832/2016 259/1839/2023
f 259/1839/2023 1195/1832/2016 260/1840/2024
f 260/1840/2024 1195/1832/2016 1194/1835/2019
f 260/1840/2024 1194/1835/2019 261/1841/2025
f 1194/1835/2019 1193/1831/2015 261/1841/2025
f 261/1841/2025 1193/1831/2015 1187/1842/2026
f 1193/1831/2015 1192/1830/2014 1187/1842/2026
f 1187/1842/2026 1192/1830/2014 1188/1843/2027
f 1192/1830/2014 1191/1829/2013 1188/1843/2027
f 1188/1843/2027 1191/1829/2013 1189/1844/2028
f 1191/1829/2013 1190/1828/2012 1189/1844/2028
f 1189/1844/2028 1190/1828/2012 644/1845/2029
f 1190/1828/2012 643/1819/2003 644/1845/2029
f 622/1846/2030 642/1847/2031 621/1848/2032
f 1183/1849/2033 642/1847/2031 622/1846/2030
f 1183/1849/2033 644/1845/2029 642/1847/2031
f 1189/1844/2028 644/1845/2029 1183/1849/2033
f 1182/1850/2034 1189/1844/2028 1183/1849/2033
f 1188/1843/2027 1189/1844/2028 1182/1850/2034
f 1181/1851/2035 1188/1843/2027 1182/1850/2034
f 1187/1842/2026 1188/1843/2027 1181/1851/2035
f 1179/1852/2036 1187/1842/2026 1181/1851/2035
f 261/1841/2025 1187/1842/2026 1179/1852/2036
f 1180/1231/1277 261/1841/2025 1179/1852/2036
f 244/1853/2037 261/1841/2025 1180/1231/1277
f 1186/1233/1279 244/1853/2037 1180/1231/1277
f 243/1854/2038 244/1853/2037 1186/1233/1279
f 1185/1235/1281 243/1854/2038 1186/1233/1279
f 242/1855/2039 243/1854/2038 1185/1235/1281
f 1185/1235/1281 1184/1212/1258 242/1855/2039
f 242/1855/2039 1184/1212/1258 238/1211/1257
f 592/1148/1194 1166/1147/1193 591/1856/2040
f 1166/1147/1193 619/1857/2041 591/1856/2040
f 1166/1147/1193 626/1858/2042 619/1857/2041
f 1167/1859/2043 626/1858/2042 1166/1147/1193
f 1167/1859/2043 624/1860/2044 626/1858/2042
f 1168/1861/2045 624/1860/2044 1167/1859/2043
f 1168/1861/2045 620/1862/2046 624/1860/2044
f 1169/1863/2047 620/1862/2046 1168/1861/2045
f 1169/1863/2047 622/1846/2030 620/1862/2046
f 1170/1864/2048 622/1846/2030 1169/1863/2047
f 1170/1864/2048 1183/1849/2033 622/1846/2030
f 1182/1850/2034 1183/1849/2033 1170/1864/2048
f 1171/1865/2049 1182/1850/2034 1170/1864/2048
f 1181/1851/2035 1182/1850/2034 1171/1865/2049
f 1172/1866/2050 1181/1851/2035 1171/1865/2049
f 1179/1852/2036 1181/1851/2035 1172/1866/2050
f 1173/1232/1278 1179/1852/2036 1172/1866/2050
f 1180/1231/1277 1179/1852/2036 1173/1232/1278
f 1176/1234/1280 1177/1249/1295 1178/1236/1282
f 1175/1257/1303 1177/1249/1295 1176/1234/1280
f 1176/1234/1280 1174/1230/1276 1175/1257/1303
f 1175/1257/1303 1174/1230/1276 1165/1259/1305
f 1174/1230/1276 1173/1232/1278 1165/1259/1305
f 1165/1259/1305 1173/1232/1278 1164/1867/2051
f 1173/1232/1278 1172/1866/2050 1164/1867/2051
f 1164/1867/2051 1172/1866/2050 1163/1868/2052
f 1172/1866/2050 1171/1865/2049 1163/1868/2052
f 1163/1868/2052 1171/1865/2049 1162/1869/2053
f 1171/1865/2049 1170/1864/2048 1162/1869/2053
f 1162/1869/2053 1170/1864/2048 1169/1863/2047
f 1162/1869/2053 1169/1863/2047 1161/1870/2054
f 1161/1870/2054 1169/1863/2047 1168/1861/2045
f 1161/1870/2054 1168/1861/2045 1160/1871/2055
f 1160/1871/2055 1168/1861/2045 1167/1859/2043
f 1160/1871/2055 1167/1859/2043 1159/1146/1192
f 1159/1146/1192 1167/1859/2043 1166/1147/1193
f 1165/1259/1305 1164/1867/2051 1145/1260/1306
f 1145/1260/1306 1164/1867/2051 1144/1872/2056
f 1164/1867/2051 1163/1868/2052 1144/1872/2056
f 1144/1872/2056 1163/1868/2052 1143/1873/2057
f 1163/1868/2052 1162/1869/2053 1143/1873/2057
f 1143/1873/2057 1162/1869/2053 1161/1870/2054
f 1143/1873/2057 1161/1870/2054 1142/1874/2058
f 1142/1874/2058 1161/1870/2054 1160/1871/2055
f 1142/1874/2058 1160/1871/2055 1141/1875/2059
f 1141/1875/2059 1160/1871/2055 1159/1146/1192
f 1141/1875/2059 1159/1146/1192 1158/1149/1195
f 1122/1876/2060 1141/1875/2059 1158/1149/1195
f 1122/1876/2060 1158/1149/1195 1157/1151/1197
f 1120/1877/2061 1122/1876/2060 1157/1151/1197
f 1120/1877/2061 1157/1151/1197 1156/1153/1199
f 1118/1878/2062 1120/1877/2061 1156/1153/1199
f 1118/1878/2062 1156/1153/1199 1104/1155/1201
f 1104/1155/1201 1103/1879/2063 1118/1878/2062
g ValveBiped.Bip01_Neck1
f 1155/1263/1309 1154/1253/1299 1153/1281/1327
g ValveBiped.Bip01_Head1
f 1154/1253/1299 1152/1254/1300 1153/1281/1327
f 1153/1281/1327 1152/1254/1300 1151/1282/1328
f 1152/1254/1300 1150/1255/1301 1151/1282/1328
f 1151/1282/1328 1150/1255/1301 1149/1283/1329
f 1150/1255/1301 1148/1256/1302 1149/1283/1329
f 1149/1283/1329 1148/1256/1302 1147/1284/1330
f 1146/1258/1304 1147/1284/1330 1148/1256/1302
f 1134/1285/1331 1147/1284/1330 1146/1258/1304
f 1146/1258/1304 1145/1260/1306 1134/1285/1331
f 1134/1285/1331 1145/1260/1306 1132/1880/2064
f 1145/1260/1306 1144/1872/2056 1132/1880/2064
f 1132/1880/2064 1144/1872/2056 1131/1881/2065
f 1144/1872/2056 1143/1873/2057 1131/1881/2065
f 1131/1881/2065 1143/1873/2057 1142/1874/2058
f 1131/1881/2065 1142/1874/2058 1123/1882/2066
f 1123/1882/2066 1142/1874/2058 1141/1875/2059
f 1123/1882/2066 1141/1875/2059 1122/1876/2060
f 1137/1883/2067 1138/1884/2068 1140/1885/2069
f 1137/1883/2067 1140/1885/2069 1139/1275/1321
f 1137/1883/2067 1139/1275/1321 1136/1277/1323
f 1125/1886/2070 1124/1887/2071 1138/1884/2068
f 1125/1886/2070 1138/1884/2068 1137/1883/2067
f 1125/1886/2070 1137/1883/2067 1126/1888/2072
f 1137/1883/2067 1136/1277/1323 1126/1888/2072
f 1126/1888/2072 1136/1277/1323 1127/1889/2073
f 1136/1277/1323 1135/1279/1325 1127/1889/2073
f 1127/1889/2073 1135/1279/1325 1128/1890/2074
f 1129/1891/2075 1128/1890/2074 1135/1279/1325
f 1129/1891/2075 1135/1279/1325 1133/1280/1326
f 1133/1280/1326 1130/1892/2076 1129/1891/2075
f 1134/1285/1331 1132/1880/2064 1133/1280/1326
f 1133/1280/1326 1132/1880/2064 1130/1892/2076
f 1132/1880/2064 1131/1881/2065 1130/1892/2076
f 1130/1892/2076 1131/1881/2065 1123/1882/2066
f 1130/1892/2076 1123/1882/2066 1121/1893/2077
f 1129/1891/2075 1130/1892/2076 1121/1893/2077
f 1129/1891/2075 1121/1893/2077 1119/1894/2078
f 1119/1894/2078 1128/1890/2074 1129/1891/2075
f 1119/1894/2078 1117/1895/2079 1128/1890/2074
f 1116/1896/2080 1128/1890/2074 1117/1895/2079
f 1127/1889/2073 1128/1890/2074 1116/1896/2080
f 1115/1897/2081 1127/1889/2073 1116/1896/2080
f 1126/1888/2072 1127/1889/2073 1115/1897/2081
f 1114/1898/2082 1126/1888/2072 1115/1897/2081
f 1125/1886/2070 1126/1888/2072 1114/1898/2082
f 1113/1899/2083 1125/1886/2070 1114/1898/2082
f 1113/1899/2083 1124/1887/2071 1125/1886/2070
f 1113/1899/2083 1112/1900/2084 1124/1887/2071
f 1121/1893/2077 1123/1882/2066 1122/1876/2060
f 1121/1893/2077 1122/1876/2060 1120/1877/2061
f 1119/1894/2078 1121/1893/2077 1120/1877/2061
f 1119/1894/2078 1120/1877/2061 1118/1878/2062
f 1118/1878/2062 1117/1895/2079 1119/1894/2078
f 1118/1878/2062 1103/1879/2063 1117/1895/2079
f 1105/1901/2085 1117/1895/2079 1103/1879/2063
f 1116/1896/2080 1117/1895/2079 1105/1901/2085
f 1106/1902/2086 1116/1896/2080 1105/1901/2085
f 1115/1897/2081 1116/1896/2080 1106/1902/2086
f 1107/1903/2087 1115/1897/2081 1106/1902/2086
f 1114/1898/2082 1115/1897/2081 1107/1903/2087
f 1108/1904/2088 1114/1898/2082 1107/1903/2087
f 1113/1899/2083 1114/1898/2082 1108/1904/2088
f 1109/1905/2089 1113/1899/2083 1108/1904/2088
f 1109/1905/2089 1112/1900/2084 1113/1899/2083
f 1109/1905/2089 1111/1906/2090 1112/1900/2084
f 1109/1905/2089 1110/1907/2091 1111/1906/2090
f 1101/1908/2092 1102/1909/2093 1110/1907/2091
f 1101/1908/2092 1110/1907/2091 1109/1905/2089
f 1101/1908/2092 1109/1905/2089 1100/1910/2094
f 1109/1905/2089 1108/1904/2088 1100/1910/2094
f 1100/1910/2094 1108/1904/2088 1099/1911/2095
f 1108/1904/2088 1107/1903/2087 1099/1911/2095
f 1099/1911/2095 1107/1903/2087 1098/1912/2096
f 1107/1903/2087 1106/1902/2086 1098/1912/2096
f 1098/1912/2096 1106/1902/2086 1097/1913/2097
f 1106/1902/2086 1105/1901/2085 1097/1913/2097
f 1097/1913/2097 1105/1901/2085 1096/1914/2098
f 1105/1901/2085 1103/1879/2063 1096/1914/2098
f 1096/1914/2098 1103/1879/2063 1095/1157/1203
f 1104/1155/1201 1095/1157/1203 1103/1879/2063
f 1092/1915/2099 1093/1916/2100 1102/1909/2093
f 1092/1915/2099 1102/1909/2093 1101/1908/2092
f 1092/1915/2099 1101/1908/2092 1091/1917/2101
f 1101/1908/2092 1100/1910/2094 1091/1917/2101
f 1091/1917/2101 1100/1910/2094 1090/1918/2102
f 1100/1910/2094 1099/1911/2095 1090/1918/2102
f 1090/1918/2102 1099/1911/2095 1089/1919/2103
f 1099/1911/2095 1098/1912/2096 1089/1919/2103
f 1089/1919/2103 1098/1912/2096 1088/1920/2104
f 1098/1912/2096 1097/1913/2097 1088/1920/2104
f 1088/1920/2104 1097/1913/2097 1087/1921/2105
f 1097/1913/2097 1096/1914/2098 1087/1921/2105
f 1087/1921/2105 1096/1914/2098 1086/1922/2106
f 1096/1914/2098 1095/1157/1203 1086/1922/2106
f 1086/1922/2106 1095/1157/1203 1085/1160/1206
f 1093/1916/2100 1084/338/2107 1094/337/2108
f 1083/1923/2109 1084/338/2107 1093/1916/2100
f 1082/1924/2110 1083/1923/2109 1093/1916/2100
f 1082/1924/2110 1093/1916/2100 1092/1915/2099
f 1082/1924/2110 1092/1915/2099 1081/1925/2111
f 1081/1925/2111 1092/1915/2099 1091/1917/2101
f 1081/1925/2111 1091/1917/2101 1080/1926/2112
f 1091/1917/2101 1090/1918/2102 1080/1926/2112
f 1080/1926/2112 1090/1918/2102 1079/1927/2113
f 1090/1918/2102 1089/1919/2103 1079/1927/2113
f 1079/1927/2113 1089/1919/2103 1078/1928/2114
f 1089/1919/2103 1088/1920/2104 1078/1928/2114
f 1078/1928/2114 1088/1920/2104 1077/1929/2115
f 1088/1920/2104 1087/1921/2105 1077/1929/2115
f 1077/1929/2115 1087/1921/2105 1076/1930/2116
f 1087/1921/2105 1086/1922/2106 1076/1930/2116
f 1076/1930/2116 1086/1922/2106 1075/1931/2117
f 1085/1160/1206 1075/1931/2117 1086/1922/2106
f 1074/1162/1208 1075/1931/2117 1085/1160/1206
f 1084/338/2107 350/1932/2118 352/342/380
f 1083/1923/2109 350/1932/2118 1084/338/2107
f 348/1933/2119 350/1932/2118 1083/1923/2109
f 1082/1924/2110 348/1933/2119 1083/1923/2109
f 1082/1924/2110 346/1934/2120 348/1933/2119
f 1081/1925/2111 346/1934/2120 1082/1924/2110
f 1081/1925/2111 342/1935/2121 346/1934/2120
f 1080/1926/2112 342/1935/2121 1081/1925/2111
f 344/1936/2122 342/1935/2121 1080/1926/2112
f 1080/1926/2112 1079/1927/2113 344/1936/2122
f 344/1936/2122 1079/1927/2113 1072/1937/2123
f 1079/1927/2113 1078/1928/2114 1072/1937/2123
f 1072/1937/2123 1078/1928/2114 1071/1938/2124
f 1078/1928/2114 1077/1929/2115 1071/1938/2124
f 1071/1938/2124 1077/1929/2115 1070/1939/2125
f 1077/1929/2115 1076/1930/2116 1070/1939/2125
f 1070/1939/2125 1076/1930/2116 1069/1940/2126
f 1076/1930/2116 1075/1931/2117 1069/1940/2126
f 1069/1940/2126 1075/1931/2117 1068/1941/2127
f 1074/1162/1208 1068/1941/2127 1075/1931/2117
f 1067/1164/1210 1068/1941/2127 1074/1162/1208
f 1073/1143/1189 343/1141/1187 344/1936/2122
f 344/1936/2122 1072/1937/2123 1073/1143/1189
f 1073/1143/1189 1072/1937/2123 1065/1145/1191
f 1072/1937/2123 1071/1938/2124 1065/1145/1191
f 1065/1145/1191 1071/1938/2124 1064/1942/2128
f 1071/1938/2124 1070/1939/2125 1064/1942/2128
f 1064/1942/2128 1070/1939/2125 1063/1943/2129
f 1070/1939/2125 1069/1940/2126 1063/1943/2129
f 1063/1943/2129 1069/1940/2126 1062/1944/2130
f 1069/1940/2126 1068/1941/2127 1062/1944/2130
f 1062/1944/2130 1068/1941/2127 1061/1945/2131
f 1067/1164/1210 1061/1945/2131 1068/1941/2127
f 1060/1946/2132 1061/1945/2131 1067/1164/1210
f 1067/1164/1210 1066/1165/1211 1060/1946/2132
f 1060/1946/2132 1066/1165/1211 1059/1947/2133
f 1058/1948/2134 1059/1947/2133 1066/1165/1211
f 1058/1948/2134 1066/1165/1211 605/1949/2135
f 605/1949/2135 1066/1165/1211 604/1163/1209
f 1051/1144/1190 1065/1145/1191 1052/1950/2136
f 1065/1145/1191 1064/1942/2128 1052/1950/2136
f 1052/1950/2136 1064/1942/2128 1053/1951/2137
f 1064/1942/2128 1063/1943/2129 1053/1951/2137
f 1053/1951/2137 1063/1943/2129 1054/1952/2138
f 1063/1943/2129 1062/1944/2130 1054/1952/2138
f 1054/1952/2138 1062/1944/2130 1055/1953/2139
f 1062/1944/2130 1061/1945/2131 1055/1953/2139
f 1055/1953/2139 1061/1945/2131 1056/1954/2140
f 1060/1946/2132 1056/1954/2140 1061/1945/2131
f 1057/1955/2141 1056/1954/2140 1060/1946/2132
f 1060/1946/2132 1059/1947/2133 1057/1955/2141
f 1057/1955/2141 1059/1947/2133 572/1956/2142
f 1058/1948/2134 572/1956/2142 1059/1947/2133
f 1058/1948/2134 571/1957/2143 572/1956/2142
f 605/1949/2135 571/1957/2143 1058/1948/2134
f 605/1949/2135 570/1958/2144 571/1957/2143
f 589/1959/2145 570/1958/2144 605/1949/2135
f 1057/1955/2141 572/1956/2142 1026/1960/2146
f 1057/1955/2141 1026/1960/2146 1056/1954/2140
f 1038/1961/2147 1056/1954/2140 1026/1960/2146
f 1055/1953/2139 1056/1954/2140 1038/1961/2147
f 1036/1962/2148 1055/1953/2139 1038/1961/2147
f 1054/1952/2138 1055/1953/2139 1036/1962/2148
f 1037/1963/2149 1054/1952/2138 1036/1962/2148
f 1053/1951/2137 1054/1952/2138 1037/1963/2149
f 1048/1964/2150 1053/1951/2137 1037/1963/2149
f 1052/1950/2136 1053/1951/2137 1048/1964/2150
f 1047/1965/2151 1052/1950/2136 1048/1964/2150
f 1051/1144/1190 1052/1950/2136 1047/1965/2151
f 1047/1965/2151 1046/1966/2152 1051/1144/1190
f 1051/1144/1190 1046/1966/2152 1050/1142/1188
f 1046/1966/2152 1045/1967/2153 1050/1142/1188
f 1049/1140/1186 1050/1142/1188 1045/1967/2153
f 1049/1140/1186 1045/1967/2153 1044/1968/2154
f 1049/1140/1186 1044/1968/2154 1043/1138/1184
f 1030/1969/2155 1037/1963/2149 1029/1970/2156
f 1048/1964/2150 1037/1963/2149 1030/1969/2155
f 1048/1964/2150 1030/1969/2155 1031/1971/2157
f 1048/1964/2150 1031/1971/2157 1047/1965/2151
f 1047/1965/2151 1031/1971/2157 1032/1972/2158
f 1032/1972/2158 1046/1966/2152 1047/1965/2151
f 1032/1972/2158 1033/1973/2159 1046/1966/2152
f 1033/1973/2159 1045/1967/2153 1046/1966/2152
f 1034/1974/2160 1045/1967/2153 1033/1973/2159
f 1034/1974/2160 1044/1968/2154 1045/1967/2153
f 1035/1975/2161 1044/1968/2154 1034/1974/2160
f 1035/1975/2161 1040/1976/2162 1044/1968/2154
f 1043/1138/1184 1044/1968/2154 1040/1976/2162
f 1043/1138/1184 1040/1976/2162 1042/1136/1182
f 1042/1136/1182 1040/1976/2162 1041/1134/1180
f 1039/1132/1178 1041/1134/1180 1040/1976/2162
f 1039/1132/1178 1040/1976/2162 1035/1975/2161
f 1035/1975/2161 514/1130/1176 1039/1132/1178
f 1038/1961/2147 1026/1960/2146 1027/1977/2163
f 1028/1978/2164 1038/1961/2147 1027/1977/2163
f 1036/1962/2148 1038/1961/2147 1028/1978/2164
f 1029/1970/2156 1036/1962/2148 1028/1978/2164
f 1037/1963/2149 1036/1962/2148 1029/1970/2156
f 515/1979/2165 514/1130/1176 1035/1975/2161
f 515/1979/2165 1035/1975/2161 1034/1974/2160
f 515/1979/2165 1034/1974/2160 516/1980/2166
f 516/1980/2166 1034/1974/2160 1033/1973/2159
f 516/1980/2166 1033/1973/2159 517/1981/2167
f 1032/1972/2158 517/1981/2167 1033/1973/2159
f 1032/1972/2158 519/1982/2168 517/1981/2167
f 1031/1971/2157 519/1982/2168 1032/1972/2158
f 1031/1971/2157 1025/1983/2169 519/1982/2168
f 1030/1969/2155 1025/1983/2169 1031/1971/2157
f 1030/1969/2155 1024/1984/2170 1025/1983/2169
f 1029/1970/2156 1024/1984/2170 1030/1969/2155
f 1029/1970/2156 1023/1985/2171 1024/1984/2170
f 1028/1978/2164 1023/1985/2171 1029/1970/2156
f 1028/1978/2164 1022/1986/2172 1023/1985/2171
f 1028/1978/2164 1027/1977/2163 1022/1986/2172
f 1027/1977/2163 572/1956/2142 1022/1986/2172
f 1027/1977/2163 1026/1960/2146 572/1956/2142
f 519/1982/2168 1015/1987/2173 518/1988/2174
f 1025/1983/2169 1015/1987/2173 519/1982/2168
f 1025/1983/2169 1017/1989/2175 1015/1987/2173
f 1024/1984/2170 1017/1989/2175 1025/1983/2169
f 1024/1984/2170 1019/1990/2176 1017/1989/2175
f 1023/1985/2171 1019/1990/2176 1024/1984/2170
f 1023/1985/2171 1021/1991/2177 1019/1990/2176
f 1022/1986/2172 1021/1991/2177 1023/1985/2171
f 1022/1986/2172 572/1956/2142 1021/1991/2177
f 572/1956/2142 1020/1992/2178 1021/1991/2177
f 1000/1993/2179 1020/1992/2178 572/1956/2142
f 1000/1993/2179 1018/1994/2180 1020/1992/2178
f 999/1995/2181 1018/1994/2180 1000/1993/2179
f 999/1995/2181 1016/1996/2182 1018/1994/2180
f 998/1997/2183 1016/1996/2182 999/1995/2181
f 998/1997/2183 1014/1998/2184 1016/1996/2182
f 998/1997/2183 1004/1999/2185 1014/1998/2184
f 1006/2000/2186 1014/1998/2184 1004/1999/2185
f 1021/1991/2177 1020/1992/2178 1019/1990/2176
f 1019/1990/2176 1020/1992/2178 1018/1994/2180
f 1019/1990/2176 1018/1994/2180 1017/1989/2175
f 1017/1989/2175 1018/1994/2180 1016/1996/2182
f 1017/1989/2175 1016/1996/2182 1015/1987/2173
f 1015/1987/2173 1016/1996/2182 1014/1998/2184
f 1015/1987/2173 1014/1998/2184 518/1988/2174
f 518/1988/2174 1014/1998/2184 1006/2000/2186
f 1011/2001/2187 1012/2002/2188 1010/2003/2189
f 1010/2003/2189 1012/2002/2188 1009/2004/2190
f 1013/2005/2191 1009/2004/2190 1012/2002/2188
f 1008/2006/2192 1009/2004/2190 1013/2005/2191
f 1013/2005/2191 528/2007/2193 1008/2006/2192
f 1008/2006/2192 528/2007/2193 1007/2008/2194
f 529/2009/2195 1007/2008/2194 528/2007/2193
f 1005/2010/2196 1007/2008/2194 529/2009/2195
f 522/2011/2197 1005/2010/2196 529/2009/2195
f 522/2011/2197 1006/2000/2186 1005/2010/2196
f 521/2012/2198 1006/2000/2186 522/2011/2197
f 521/2012/2198 518/1988/2174 1006/2000/2186
f 521/2012/2198 520/2013/2199 518/1988/2174
f 546/2014/2200 527/2015/2201 528/2007/2193
f 546/2014/2200 528/2007/2193 1013/2005/2191
f 1013/2005/2191 543/2016/2202 546/2014/2200
f 1013/2005/2191 1012/2002/2188 543/2016/2202
f 574/2017/2203 543/2016/2202 1012/2002/2188
f 574/2017/2203 1012/2002/2188 1011/2001/2187
f 1011/2001/2187 573/2018/2204 574/2017/2203
f 1011/2001/2187 572/1956/2142 573/2018/2204
f 1010/2003/2189 572/1956/2142 1011/2001/2187
f 1001/2019/2205 572/1956/2142 1010/2003/2189
f 1010/2003/2189 1009/2004/2190 1001/2019/2205
f 1001/2019/2205 1009/2004/2190 1002/2020/2206
f 1008/2006/2192 1002/2020/2206 1009/2004/2190
f 1003/2021/2207 1002/2020/2206 1008/2006/2192
f 1008/2006/2192 1007/2008/2194 1003/2021/2207
f 1003/2021/2207 1007/2008/2194 1004/1999/2185
f 1005/2010/2196 1004/1999/2185 1007/2008/2194
f 1006/2000/2186 1004/1999/2185 1005/2010/2196
f 1003/2021/2207 1004/1999/2185 998/1997/2183
f 998/1997/2183 996/2022/2208 1003/2021/2207
f 1003/2021/2207 996/2022/2208 1002/2020/2206
f 997/2023/2209 1002/2020/2206 996/2022/2208
f 1001/2019/2205 1002/2020/2206 997/2023/2209
f 1001/2019/2205 997/2023/2209 572/1956/2142
f 997/2023/2209 995/2024/2210 572/1956/2142
f 572/1956/2142 995/2024/2210 1000/1993/2179
f 1000/1993/2179 995/2024/2210 999/1995/2181
f 999/1995/2181 995/2024/2210 996/2022/2208
f 999/1995/2181 996/2022/2208 998/1997/2183
f 997/2023/2209 996/2022/2208 995/2024/2210
f 993/1503/2211 994/1502/2212 989/1504/2213
f 993/1503/2211 989/1504/2213 992/1505/2214
f 992/1505/2214 989/1504/2213 987/1506/2215
f 991/1507/2216 976/1509/2217 988/1508/2218
f 978/1493/2219 975/1501/2220 980/1495/2221
f 980/1495/2221 975/1501/2220 982/1497/2218
f 990/1512/2222 988/1508/2218 989/1504/2213
f 987/1506/2215 989/1504/2213 988/1508/2218
f 987/1506/2215 988/1508/2218 976/1509/2217
f 987/1506/2215 976/1509/2217 986/1511/2223
f 976/1509/2217 985/1510/2224 986/1511/2223
f 977/1500/2225 985/1510/2224 976/1509/2217
f 977/1500/2225 984/1499/2226 985/1510/2224
f 979/1494/2227 984/1499/2226 977/1500/2225
f 979/1494/2227 966/1492/2228 984/1499/2226
f 981/1496/2229 966/1492/2228 979/1494/2227
f 968/1485/2230 966/1492/2228 981/1496/2229
f 981/1496/2229 983/1498/2231 968/1485/2230
f 968/1485/2230 983/1498/2231 974/1484/2232
f 981/1496/2229 974/1484/2232 983/1498/2231
f 981/1496/2229 982/1497/2218 974/1484/2232
f 980/1495/2221 982/1497/2218 981/1496/2229
f 980/1495/2221 981/1496/2229 979/1494/2227
f 980/1495/2221 979/1494/2227 978/1493/2219
f 978/1493/2219 979/1494/2227 977/1500/2225
f 977/1500/2225 975/1501/2220 978/1493/2219
f 977/1500/2225 976/1509/2217 975/1501/2220
f 968/1485/2230 974/1484/2232 973/1486/2233
f 968/1485/2230 973/1486/2233 969/1487/2234
f 969/1487/2234 973/1486/2233 972/1488/2235
f 972/1488/2235 971/1489/2236 969/1487/2234
f 969/1487/2234 971/1489/2236 970/1490/2237
f 969/1487/2234 970/1490/2237 967/1491/2238
f 969/1487/2234 967/1491/2238 968/1485/2230
f 968/1485/2230 967/1491/2238 966/1492/2228
f 471/2025/2239 419/2026/2240 418/2027/2241
f 471/2025/2239 472/2028/2242 419/2026/2240
f 472/2028/2242 961/2029/2243 419/2026/2240
f 472/2028/2242 475/2030/2244 961/2029/2243
f 475/2030/2244 962/2031/2245 961/2029/2243
f 475/2030/2244 477/2032/2246 962/2031/2245
f 477/2032/2246 963/2033/2247 962/2031/2245
f 477/2032/2246 479/2034/2248 963/2033/2247
f 964/2035/2249 963/2033/2247 479/2034/2248
f 964/2035/2249 479/2034/2248 481/2036/2250
f 481/2036/2250 965/2037/2251 964/2035/2249
f 481/2036/2250 483/2038/2252 965/2037/2251
f 483/2038/2252 445/2039/2253 965/2037/2251
f 484/2040/2254 445/2039/2253 483/2038/2252
f 466/2041/2255 445/2039/2253 484/2040/2254
f 485/2042/2256 466/2041/2255 484/2040/2254
f 464/2043/2257 466/2041/2255 485/2042/2256
f 485/2042/2256 470/2044/2258 464/2043/2257
f 422/2045/2259 420/2046/2260 957/2047/2261
f 957/2047/2261 442/2048/2262 422/2045/2259
f 957/2047/2261 954/2049/2263 442/2048/2262
f 954/2049/2263 445/2039/2253 442/2048/2262
f 955/2050/2264 445/2039/2253 954/2049/2263
f 965/2037/2251 445/2039/2253 955/2050/2264
f 964/2035/2249 965/2037/2251 955/2050/2264
f 964/2035/2249 955/2050/2264 956/2051/2265
f 956/2051/2265 963/2033/2247 964/2035/2249
f 956/2051/2265 958/2052/2266 963/2033/2247
f 962/2031/2245 963/2033/2247 958/2052/2266
f 962/2031/2245 958/2052/2266 959/2053/2267
f 961/2029/2243 962/2031/2245 959/2053/2267
f 961/2029/2243 959/2053/2267 960/2054/2268
f 419/2026/2240 961/2029/2243 960/2054/2268
f 419/2026/2240 960/2054/2268 410/2055/2269
f 960/2054/2268 425/2056/2270 410/2055/2269
f 410/2055/2269 425/2056/2270 409/2057/2271
f 960/2054/2268 423/2058/2272 425/2056/2270
f 960/2054/2268 959/2053/2267 423/2058/2272
f 959/2053/2267 420/2046/2260 423/2058/2272
f 959/2053/2267 958/2052/2266 420/2046/2260
f 957/2047/2261 420/2046/2260 958/2052/2266
f 957/2047/2261 958/2052/2266 956/2051/2265
f 956/2051/2265 954/2049/2263 957/2047/2261
f 956/2051/2265 955/2050/2264 954/2049/2263
f 953/2059/2273 952/2060/2274 951/2061/2275
f 951/2061/2275 952/2060/2274 947/2062/2276
f 951/2061/2275 947/2062/2276 950/2063/2277
f 950/2063/2277 947/2062/2276 942/2064/2278
f 950/2063/2277 942/2064/2278 943/2065/2279
f 948/2066/2280 947/2062/2276 949/2067/2281
f 941/2068/2282 947/2062/2276 948/2066/2280
f 941/2068/2282 942/2064/2278 947/2062/2276
f 946/2069/2283 945/2070/2284 944/2071/2277
f 933/2072/2285 934/2073/2286 945/2070/2284
f 944/2071/2277 945/2070/2284 934/2073/2286
f 944/2071/2277 934/2073/2286 935/2074/2287
f 943/2065/2279 942/2064/2278 931/2075/2288
f 927/2076/2289 931/2075/2288 942/2064/2278
f 927/2076/2289 942/2064/2278 941/2068/2282
f 928/2077/2290 927/2076/2289 941/2068/2282
f 940/2078/2291 928/2077/2290 941/2068/2282
f 939/2079/2292 928/2077/2290 940/2078/2291
f 939/2079/2292 929/2080/2293 928/2077/2290
f 938/2081/2294 929/2080/2293 939/2079/2292
f 938/2081/2294 930/2082/2295 929/2080/2293
f 937/2083/2296 930/2082/2295 938/2081/2294
f 937/2083/2296 919/2084/2297 930/2082/2295
f 936/2085/2298 919/2084/2297 937/2083/2296
f 936/2085/2298 918/2086/2299 919/2084/2297
f 935/2074/2287 918/2086/2299 936/2085/2298
f 935/2074/2287 934/2073/2286 918/2086/2299
f 920/2087/2300 918/2086/2299 934/2073/2286
f 920/2087/2300 934/2073/2286 933/2072/2285
f 920/2087/2300 933/2072/2285 922/2088/2301
f 925/2089/2302 932/2090/2303 927/2076/2289
f 932/2090/2303 931/2075/2288 927/2076/2289
f 921/2091/2304 930/2082/2295 919/2084/2297
f 924/2092/2305 930/2082/2295 921/2091/2304
f 924/2092/2305 929/2080/2293 930/2082/2295
f 926/2093/2306 929/2080/2293 924/2092/2305
f 926/2093/2306 928/2077/2290 929/2080/2293
f 926/2093/2306 927/2076/2289 928/2077/2290
f 925/2089/2302 927/2076/2289 926/2093/2306
f 924/2092/2305 925/2089/2302 926/2093/2306
f 924/2092/2305 923/2094/2307 925/2089/2302
f 921/2091/2304 923/2094/2307 924/2092/2305
f 921/2091/2304 922/2088/2301 923/2094/2307
f 920/2087/2300 922/2088/2301 921/2091/2304
f 921/2091/2304 919/2084/2297 920/2087/2300
f 920/2087/2300 919/2084/2297 918/2086/2299
f 917/2095/2308 916/2096/2309 816/2097/2310
f 917/2095/2308 816/2097/2310 915/2098/2311
f 915/2098/2311 913/2099/2312 917/2095/2308
f 917/2095/2308 913/2099/2312 908/2100/2313
f 917/2095/2308 908/2100/2313 916/2096/2309
f 916/2096/2309 908/2100/2313 907/2101/2314
f 907/2101/2314 837/2102/2315 916/2096/2309
f 816/2097/2310 916/2096/2309 837/2102/2315
f 816/2097/2310 837/2102/2315 817/2103/2316
f 915/2098/2311 816/2097/2310 807/2104/2317
f 807/2104/2317 808/2105/2318 915/2098/2311
f 915/2098/2311 808/2105/2318 913/2099/2312
f 809/2106/2319 913/2099/2312 808/2105/2318
f 914/2107/2320 913/2099/2312 809/2106/2319
f 809/2106/2319 810/2108/2321 914/2107/2320
f 914/2107/2320 810/2108/2321 908/2100/2313
f 795/2109/2322 908/2100/2313 810/2108/2321
f 909/2110/2323 908/2100/2313 795/2109/2322
f 795/2109/2322 794/2111/2324 909/2110/2323
f 909/2110/2323 794/2111/2324 910/2112/2325
f 794/2111/2324 793/2113/2326 910/2112/2325
f 910/2112/2325 793/2113/2326 911/2114/2327
f 792/2115/2328 911/2114/2327 793/2113/2326
f 790/2116/2329 911/2114/2327 792/2115/2328
f 788/2117/2330 790/2116/2329 792/2115/2328
f 788/2117/2330 792/2115/2328 785/2118/2331
f 786/2119/2332 788/2117/2330 785/2118/2331
f 914/2107/2320 908/2100/2313 913/2099/2312
f 768/2120/2333 769/2121/2334 912/2122/2335
f 768/2120/2333 912/2122/2335 906/2123/2336
f 768/2120/2333 906/2123/2336 905/2124/2337
f 768/2120/2333 905/2124/2337 791/2125/2338
f 905/2124/2337 904/2126/2339 791/2125/2338
f 791/2125/2338 904/2126/2339 790/2116/2329
f 904/2126/2339 903/2127/2340 790/2116/2329
f 790/2116/2329 903/2127/2340 911/2114/2327
f 902/2128/2341 911/2114/2327 903/2127/2340
f 910/2112/2325 911/2114/2327 902/2128/2341
f 901/2129/2342 910/2112/2325 902/2128/2341
f 909/2110/2323 910/2112/2325 901/2129/2342
f 909/2110/2323 901/2129/2342 900/2130/2343
f 900/2130/2343 908/2100/2313 909/2110/2323
f 900/2130/2343 845/2131/2344 908/2100/2313
f 907/2101/2314 908/2100/2313 845/2131/2344
f 907/2101/2314 845/2131/2344 838/2132/2345
f 838/2132/2345 837/2102/2315 907/2101/2314
f 905/2124/2337 906/2123/2336 899/2133/2346
f 905/2124/2337 899/2133/2346 898/2134/2347
f 905/2124/2337 898/2134/2347 904/2126/2339
f 898/2134/2347 897/2135/2348 904/2126/2339
f 904/2126/2339 897/2135/2348 903/2127/2340
f 896/2136/2349 903/2127/2340 897/2135/2348
f 902/2128/2341 903/2127/2340 896/2136/2349
f 895/2137/2350 902/2128/2341 896/2136/2349
f 901/2129/2342 902/2128/2341 895/2137/2350
f 895/2137/2350 894/2138/2351 901/2129/2342
f 900/2130/2343 901/2129/2342 894/2138/2351
f 900/2130/2343 894/2138/2351 847/2139/2352
f 900/2130/2343 847/2139/2352 845/2131/2344
f 893/2140/2353 898/2134/2347 899/2133/2346
f 893/2140/2353 892/2141/2354 898/2134/2347
f 892/2141/2354 897/2135/2348 898/2134/2347
f 892/2141/2354 891/2142/2355 897/2135/2348
f 896/2136/2349 897/2135/2348 891/2142/2355
f 896/2136/2349 891/2142/2355 890/2143/2356
f 896/2136/2349 890/2143/2356 895/2137/2350
f 895/2137/2350 890/2143/2356 889/2144/2357
f 895/2137/2350 889/2144/2357 894/2138/2351
f 894/2138/2351 889/2144/2357 849/2145/2358
f 894/2138/2351 849/2145/2358 847/2139/2352
f 888/2146/2359 892/2141/2354 893/2140/2353
f 888/2146/2359 887/2147/2360 892/2141/2354
f 887/2147/2360 891/2142/2355 892/2141/2354
f 886/2148/2361 891/2142/2355 887/2147/2360
f 886/2148/2361 890/2143/2356 891/2142/2355
f 885/2149/2362 890/2143/2356 886/2148/2361
f 885/2149/2362 889/2144/2357 890/2143/2356
f 872/2150/2363 889/2144/2357 885/2149/2362
f 872/2150/2363 849/2145/2358 889/2144/2357
f 884/2151/2364 887/2147/2360 888/2146/2359
f 883/2152/2365 887/2147/2360 884/2151/2364
f 883/2152/2365 886/2148/2361 887/2147/2360
f 882/2153/2366 886/2148/2361 883/2152/2365
f 882/2153/2366 885/2149/2362 886/2148/2361
f 873/2154/2367 885/2149/2362 882/2153/2366
f 873/2154/2367 872/2150/2363 885/2149/2362
f 881/2155/2368 883/2152/2365 884/2151/2364
f 880/2156/2369 883/2152/2365 881/2155/2368
f 880/2156/2369 882/2153/2366 883/2152/2365
f 874/2157/2370 882/2153/2366 880/2156/2369
f 874/2157/2370 873/2154/2367 882/2153/2366
f 880/2156/2369 881/2155/2368 879/2158/2371
f 880/2156/2369 879/2158/2371 875/2159/2372
f 880/2156/2369 875/2159/2372 874/2157/2370
f 875/2159/2372 879/2158/2371 876/2160/2373
f 871/1808/1992 877/2161/2374 878/1807/1991
f 870/2162/2375 877/2161/2374 871/1808/1992
f 870/2162/2375 876/2160/2373 877/2161/2374
f 875/2159/2372 876/2160/2373 870/2162/2375
f 870/2162/2375 868/2163/2376 875/2159/2372
f 874/2157/2370 875/2159/2372 868/2163/2376
f 874/2157/2370 868/2163/2376 867/2164/2377
f 867/2164/2377 873/2154/2367 874/2157/2370
f 867/2164/2377 866/2165/2378 873/2154/2367
f 866/2165/2378 872/2150/2363 873/2154/2367
f 866/2165/2378 865/2166/2379 872/2150/2363
f 865/2166/2379 849/2145/2358 872/2150/2363
f 865/2166/2379 848/2167/2380 849/2145/2358
f 870/2162/2375 871/1808/1992 869/1809/1993
f 869/1809/1993 868/2163/2376 870/2162/2375
f 869/1809/1993 864/1810/1994 868/2163/2376
f 867/2164/2377 868/2163/2376 864/1810/1994
f 867/2164/2377 864/1810/1994 862/2168/2381
f 862/2168/2381 866/2165/2378 867/2164/2377
f 862/2168/2381 860/2169/2382 866/2165/2378
f 860/2169/2382 865/2166/2379 866/2165/2378
f 860/2169/2382 858/2170/2383 865/2166/2379
f 858/2170/2383 848/2167/2380 865/2166/2379
f 858/2170/2383 856/2171/2384 848/2167/2380
f 848/2167/2380 856/2171/2384 846/2172/2385
f 854/2173/2386 846/2172/2385 856/2171/2384
f 844/2174/2387 846/2172/2385 854/2173/2386
f 843/2175/2388 844/2174/2387 854/2173/2386
f 862/2168/2381 864/1810/1994 863/1744/1928
f 862/2168/2381 863/1744/1928 861/1742/1926
f 861/1742/1926 860/2169/2382 862/2168/2381
f 861/1742/1926 859/1740/1924 860/2169/2382
f 859/1740/1924 858/2170/2383 860/2169/2382
f 859/1740/1924 857/1738/1922 858/2170/2383
f 857/1738/1922 856/2171/2384 858/2170/2383
f 855/1736/1920 856/2171/2384 857/1738/1922
f 854/2173/2386 856/2171/2384 855/1736/1920
f 853/1734/1918 854/2173/2386 855/1736/1920
f 843/2175/2388 854/2173/2386 853/1734/1918
f 852/1732/1916 843/2175/2388 853/1734/1918
f 852/1732/1916 842/2176/2389 843/2175/2388
f 852/1732/1916 851/1730/1914 842/2176/2389
f 841/2177/2390 842/2176/2389 851/1730/1914
f 851/1730/1914 850/1728/1912 841/2177/2390
f 841/2177/2390 850/1728/1912 840/2178/2391
f 850/1728/1912 839/1726/1910 840/2178/2391
f 847/2139/2352 849/2145/2358 848/2167/2380
f 848/2167/2380 846/2172/2385 847/2139/2352
f 847/2139/2352 846/2172/2385 845/2131/2344
f 845/2131/2344 846/2172/2385 844/2174/2387
f 838/2132/2345 845/2131/2344 844/2174/2387
f 838/2132/2345 844/2174/2387 843/2175/2388
f 843/2175/2388 836/2179/2392 838/2132/2345
f 842/2176/2389 836/2179/2392 843/2175/2388
f 835/2180/2393 836/2179/2392 842/2176/2389
f 841/2177/2390 835/2180/2393 842/2176/2389
f 834/2181/2394 835/2180/2393 841/2177/2390
f 841/2177/2390 840/2178/2391 834/2181/2394
f 834/2181/2394 840/2178/2391 833/2182/2395
f 833/2182/2395 840/2178/2391 832/2183/2396
f 840/2178/2391 831/2184/2397 832/2183/2396
f 840/2178/2391 829/2185/2398 831/2184/2397
f 840/2178/2391 839/1726/1910 829/2185/2398
f 839/1726/1910 685/1725/1909 829/2185/2398
f 829/2185/2398 830/2186/2399 831/2184/2397
f 836/2179/2392 837/2102/2315 838/2132/2345
f 817/2103/2316 837/2102/2315 836/2179/2392
f 835/2180/2393 817/2103/2316 836/2179/2392
f 818/2187/2400 817/2103/2316 835/2180/2393
f 834/2181/2394 818/2187/2400 835/2180/2393
f 834/2181/2394 819/2188/2401 818/2187/2400
f 833/2182/2395 819/2188/2401 834/2181/2394
f 833/2182/2395 820/2189/2402 819/2188/2401
f 833/2182/2395 832/2183/2396 820/2189/2402
f 832/2183/2396 826/2190/2403 820/2189/2402
f 832/2183/2396 831/2184/2397 826/2190/2403
f 831/2184/2397 827/2191/2404 826/2190/2403
f 831/2184/2397 830/2186/2399 827/2191/2404
f 687/1690/1828 827/2191/2404 830/2186/2399
f 687/1690/1828 830/2186/2399 829/2185/2398
f 829/2185/2398 686/2192/2405 687/1690/1828
f 829/2185/2398 685/1725/1909 686/2192/2405
f 684/1688/1826 686/2192/2405 685/1725/1909
f 823/1694/1832 822/2193/2406 828/1692/1830
f 828/1692/1830 822/2193/2406 827/2191/2404
f 828/1692/1830 827/2191/2404 687/1690/1828
f 826/2190/2403 827/2191/2404 822/2193/2406
f 826/2190/2403 822/2193/2406 821/2194/2407
f 820/2189/2402 826/2190/2403 821/2194/2407
f 780/2195/2408 825/1698/1836 782/1700/1838
f 780/2195/2408 797/2196/2409 825/1698/1836
f 824/1696/1834 825/1698/1836 797/2196/2409
f 824/1696/1834 797/2196/2409 799/2197/2410
f 799/2197/2410 823/1694/1832 824/1696/1834
f 799/2197/2410 822/2193/2406 823/1694/1832
f 799/2197/2410 800/2198/2411 822/2193/2406
f 821/2194/2407 822/2193/2406 800/2198/2411
f 814/2199/2412 821/2194/2407 800/2198/2411
f 820/2189/2402 821/2194/2407 814/2199/2412
f 814/2199/2412 813/2200/2413 820/2189/2402
f 820/2189/2402 813/2200/2413 819/2188/2401
f 819/2188/2401 813/2200/2413 812/2201/2414
f 819/2188/2401 812/2201/2414 818/2187/2400
f 818/2187/2400 812/2201/2414 815/2202/2415
f 815/2202/2415 817/2103/2316 818/2187/2400
f 815/2202/2415 816/2097/2310 817/2103/2316
f 807/2104/2317 816/2097/2310 815/2202/2415
f 807/2104/2317 815/2202/2415 812/2201/2414
f 814/2199/2412 800/2198/2411 802/2203/2416
f 814/2199/2412 802/2203/2416 804/2204/2417
f 814/2199/2412 804/2204/2417 806/2205/2418
f 814/2199/2412 806/2205/2418 813/2200/2413
f 811/2206/2419 813/2200/2413 806/2205/2418
f 811/2206/2419 812/2201/2414 813/2200/2413
f 807/2104/2317 812/2201/2414 811/2206/2419
f 811/2206/2419 806/2205/2418 807/2104/2317
f 807/2104/2317 806/2205/2418 805/2207/2420
f 795/2109/2322 810/2108/2321 796/2208/2421
f 810/2108/2321 798/2209/2422 796/2208/2421
f 810/2108/2321 801/2210/2423 798/2209/2422
f 809/2106/2319 801/2210/2423 810/2108/2321
f 803/2211/2424 801/2210/2423 809/2106/2319
f 809/2106/2319 808/2105/2318 803/2211/2424
f 803/2211/2424 808/2105/2318 805/2207/2420
f 805/2207/2420 808/2105/2318 807/2104/2317
f 805/2207/2420 806/2205/2418 804/2204/2417
f 805/2207/2420 804/2204/2417 803/2211/2424
f 803/2211/2424 804/2204/2417 802/2203/2416
f 802/2203/2416 801/2210/2423 803/2211/2424
f 800/2198/2411 801/2210/2423 802/2203/2416
f 800/2198/2411 798/2209/2422 801/2210/2423
f 799/2197/2410 798/2209/2422 800/2198/2411
f 799/2197/2410 797/2196/2409 798/2209/2422
f 796/2208/2421 798/2209/2422 797/2196/2409
f 796/2208/2421 797/2196/2409 780/2195/2408
f 780/2195/2408 781/2212/2425 796/2208/2421
f 795/2109/2322 796/2208/2421 781/2212/2425
f 795/2109/2322 781/2212/2425 794/2111/2324
f 781/2212/2425 783/2213/2426 794/2111/2324
f 794/2111/2324 783/2213/2426 793/2113/2326
f 784/2214/2427 793/2113/2326 783/2213/2426
f 792/2115/2328 793/2113/2326 784/2214/2427
f 785/2118/2331 792/2115/2328 784/2214/2427
f 770/2215/2428 768/2120/2333 789/2216/2429
f 768/2120/2333 791/2125/2338 789/2216/2429
f 789/2216/2429 791/2125/2338 788/2117/2330
f 791/2125/2338 790/2116/2329 788/2117/2330
f 787/2217/2430 772/2218/2431 770/2215/2428
f 770/2215/2428 789/2216/2429 787/2217/2430
f 787/2217/2430 789/2216/2429 786/2119/2332
f 789/2216/2429 788/2117/2330 786/2119/2332
f 774/2219/2432 773/2220/2433 772/2218/2431
f 774/2219/2432 772/2218/2431 787/2217/2430
f 774/2219/2432 787/2217/2430 775/2221/2434
f 787/2217/2430 786/2119/2332 775/2221/2434
f 775/2221/2434 786/2119/2332 776/2222/2435
f 786/2119/2332 785/2118/2331 776/2222/2435
f 776/2222/2435 785/2118/2331 777/2223/2436
f 785/2118/2331 784/2214/2427 777/2223/2436
f 777/2223/2436 784/2214/2427 778/2224/2437
f 784/2214/2427 783/2213/2426 778/2224/2437
f 778/2224/2437 783/2213/2426 779/1702/1840
f 781/2212/2425 779/1702/1840 783/2213/2426
f 782/1700/1838 779/1702/1840 781/2212/2425
f 782/1700/1838 781/2212/2425 780/2195/2408
f 758/2225/2438 779/1702/1840 730/1701/1839
f 778/2224/2437 779/1702/1840 758/2225/2438
f 757/2226/2439 778/2224/2437 758/2225/2438
f 777/2223/2436 778/2224/2437 757/2226/2439
f 756/2227/2440 777/2223/2436 757/2226/2439
f 776/2222/2435 777/2223/2436 756/2227/2440
f 755/2228/2441 776/2222/2435 756/2227/2440
f 775/2221/2434 776/2222/2435 755/2228/2441
f 754/2229/2442 775/2221/2434 755/2228/2441
f 774/2219/2432 775/2221/2434 754/2229/2442
f 754/2229/2442 766/2230/2443 774/2219/2432
f 774/2219/2432 766/2230/2443 773/2220/2433
f 766/2230/2443 767/2231/1359 773/2220/2433
f 773/2220/2433 767/2231/1359 772/2218/2431
f 772/2218/2431 767/2231/1359 771/2232/2444
f 772/2218/2431 771/2232/2444 770/2215/2428
f 770/2215/2428 771/2232/2444 769/2121/2334
f 770/2215/2428 769/2121/2334 768/2120/2333
f 766/2230/2443 765/2233/1360 767/2231/1359
f 754/2229/2442 753/2234/2445 766/2230/2443
f 753/2234/2445 765/2233/1360 766/2230/2443
f 753/2234/2445 764/2235/1361 765/2233/1360
f 752/2236/2446 764/2235/1361 753/2234/2445
f 752/2236/2446 763/2237/1362 764/2235/1361
f 752/2236/2446 762/2238/1363 763/2237/1362
f 752/2236/2446 751/2239/2447 762/2238/1363
f 751/2239/2447 761/2240/2448 762/2238/1363
f 750/2241/2449 761/2240/2448 751/2239/2447
f 750/2241/2449 760/2242/2450 761/2240/2448
f 749/2243/2451 760/2242/2450 750/2241/2449
f 749/2243/2451 759/2244/2452 760/2242/2450
f 736/2245/2453 759/2244/2452 749/2243/2451
f 736/2245/2453 737/2246/2454 759/2244/2452
f 758/2225/2438 730/1701/1839 731/2247/2455
f 748/2248/2456 758/2225/2438 731/2247/2455
f 757/2226/2439 758/2225/2438 748/2248/2456
f 747/2249/2457 757/2226/2439 748/2248/2456
f 756/2227/2440 757/2226/2439 747/2249/2457
f 746/2250/2458 756/2227/2440 747/2249/2457
f 755/2228/2441 756/2227/2440 746/2250/2458
f 745/2251/2459 755/2228/2441 746/2250/2458
f 754/2229/2442 755/2228/2441 745/2251/2459
f 745/2251/2459 753/2234/2445 754/2229/2442
f 745/2251/2459 752/2236/2446 753/2234/2445
f 745/2251/2459 742/2252/2460 752/2236/2446
f 742/2252/2460 751/2239/2447 752/2236/2446
f 742/2252/2460 740/2253/2461 751/2239/2447
f 740/2253/2461 750/2241/2449 751/2239/2447
f 739/2254/2462 750/2241/2449 740/2253/2461
f 739/2254/2462 749/2243/2451 750/2241/2449
f 735/2255/2463 749/2243/2451 739/2254/2462
f 735/2255/2463 736/2245/2453 749/2243/2451
f 748/2248/2456 731/2247/2455 732/2256/2464
f 744/2257/2465 748/2248/2456 732/2256/2464
f 747/2249/2457 748/2248/2456 744/2257/2465
f 743/2258/2466 747/2249/2457 744/2257/2465
f 746/2250/2458 747/2249/2457 743/2258/2466
f 746/2250/2458 743/2258/2466 742/2252/2460
f 746/2250/2458 742/2252/2460 745/2251/2459
f 744/2257/2465 732/2256/2464 733/2259/2467
f 744/2257/2465 733/2259/2467 741/2260/2468
f 744/2257/2465 741/2260/2468 743/2258/2466
f 743/2258/2466 741/2260/2468 740/2253/2461
f 743/2258/2466 740/2253/2461 742/2252/2460
f 733/2259/2467 734/2261/2469 741/2260/2468
f 734/2261/2469 739/2254/2462 741/2260/2468
f 741/2260/2468 739/2254/2462 740/2253/2461
f 734/2261/2469 735/2255/2463 739/2254/2462
f 660/2262/2470 662/2263/2471 665/2264/2472
f 665/2264/2472 662/2263/2471 738/2265/2473
f 665/2264/2472 738/2265/2473 688/2266/2474
f 688/2266/2474 738/2265/2473 737/2246/2454
f 736/2245/2453 688/2266/2474 737/2246/2454
f 690/2267/2475 688/2266/2474 736/2245/2453
f 735/2255/2463 690/2267/2475 736/2245/2453
f 729/2268/2476 690/2267/2475 735/2255/2463
f 734/2261/2469 729/2268/2476 735/2255/2463
f 728/2269/2477 729/2268/2476 734/2261/2469
f 733/2259/2467 728/2269/2477 734/2261/2469
f 733/2259/2467 727/2270/2478 728/2269/2477
f 732/2256/2464 727/2270/2478 733/2259/2467
f 726/2271/2479 727/2270/2478 732/2256/2464
f 732/2256/2464 731/2247/2455 726/2271/2479
f 731/2247/2455 725/2272/2480 726/2271/2479
f 731/2247/2455 730/1701/1839 725/2272/2480
f 724/1703/1841 725/2272/2480 730/1701/1839
f 701/2273/2481 689/2274/2482 690/2267/2475
f 729/2268/2476 701/2273/2481 690/2267/2475
f 702/2275/2483 701/2273/2481 729/2268/2476
f 728/2269/2477 702/2275/2483 729/2268/2476
f 703/2276/2484 702/2275/2483 728/2269/2477
f 728/2269/2477 727/2270/2478 703/2276/2484
f 703/2276/2484 727/2270/2478 705/2277/2485
f 726/2271/2479 705/2277/2485 727/2270/2478
f 707/2278/2486 705/2277/2485 726/2271/2479
f 726/2271/2479 725/2272/2480 707/2278/2486
f 709/2279/2487 707/2278/2486 725/2272/2480
f 709/2279/2487 725/2272/2480 724/1703/1841
f 724/1703/1841 723/1704/1842 709/2279/2487
f 709/2279/2487 723/1704/1842 722/1706/1844
f 722/1706/1844 710/2280/2488 709/2279/2487
f 721/1708/1846 710/2280/2488 722/1706/1844
f 712/2281/2489 710/2280/2488 721/1708/1846
f 721/1708/1846 720/1710/1848 712/2281/2489
f 714/1681/1819 712/2281/2489 720/1710/1848
f 719/1683/1821 697/1684/1822 718/2282/2490
f 718/2282/2490 717/2283/2491 719/1683/1821
f 719/1683/1821 717/2283/2491 715/1682/1820
f 716/2284/2492 711/2285/2493 713/2286/2494
f 707/2278/2486 711/2285/2493 716/2284/2492
f 707/2278/2486 708/2287/2495 711/2285/2493
f 694/2288/2496 699/2289/2497 704/2290/2498
f 695/2291/2499 694/2288/2496 704/2290/2498
f 704/2290/2498 706/2292/2500 695/2291/2499
f 695/2291/2499 706/2292/2500 696/2293/2501
f 696/2293/2501 706/2292/2500 697/1684/1822
f 718/2282/2490 697/1684/1822 706/2292/2500
f 718/2282/2490 706/2292/2500 707/2278/2486
f 707/2278/2486 717/2283/2491 718/2282/2490
f 716/2284/2492 717/2283/2491 707/2278/2486
f 716/2284/2492 715/1682/1820 717/2283/2491
f 713/2286/2494 715/1682/1820 716/2284/2492
f 714/1681/1819 715/1682/1820 713/2286/2494
f 713/2286/2494 712/2281/2489 714/1681/1819
f 713/2286/2494 711/2285/2493 712/2281/2489
f 711/2285/2493 710/2280/2488 712/2281/2489
f 711/2285/2493 708/2287/2495 710/2280/2488
f 709/2279/2487 710/2280/2488 708/2287/2495
f 709/2279/2487 708/2287/2495 707/2278/2486
f 707/2278/2486 706/2292/2500 705/2277/2485
f 704/2290/2498 705/2277/2485 706/2292/2500
f 703/2276/2484 705/2277/2485 704/2290/2498
f 704/2290/2498 699/2289/2497 703/2276/2484
f 703/2276/2484 699/2289/2497 702/2275/2483
f 699/2289/2497 700/2294/2502 702/2275/2483
f 702/2275/2483 700/2294/2502 701/2273/2481
f 701/2273/2481 691/2295/2503 689/2274/2482
f 700/2294/2502 691/2295/2503 701/2273/2481
f 692/2296/2504 691/2295/2503 700/2294/2502
f 693/2297/2505 692/2296/2504 700/2294/2502
f 693/2297/2505 700/2294/2502 699/2289/2497
f 694/2288/2496 693/2297/2505 699/2289/2497
f 677/1674/1812 697/1684/1822 698/1672/1810
f 696/2293/2501 697/1684/1822 677/1674/1812
f 677/1674/1812 676/2298/2506 696/2293/2501
f 696/2293/2501 676/2298/2506 695/2291/2499
f 695/2291/2499 676/2298/2506 675/2299/2507
f 695/2291/2499 675/2299/2507 694/2288/2496
f 675/2299/2507 674/2300/2508 694/2288/2496
f 694/2288/2496 674/2300/2508 693/2297/2505
f 674/2300/2508 673/2301/2509 693/2297/2505
f 693/2297/2505 673/2301/2509 692/2296/2504
f 673/2301/2509 657/2302/2510 692/2296/2504
f 692/2296/2504 657/2302/2510 667/2303/2511
f 692/2296/2504 667/2303/2511 691/2295/2503
f 667/2303/2511 666/2304/2512 691/2295/2503
f 691/2295/2503 666/2304/2512 689/2274/2482
f 666/2304/2512 665/2264/2472 689/2274/2482
f 689/2274/2482 665/2264/2472 688/2266/2474
f 690/2267/2475 689/2274/2482 688/2266/2474
f 687/1690/1828 686/2192/2405 684/1688/1826
f 684/1688/1826 685/1725/1909 683/1723/1907
f 684/1688/1826 683/1723/1907 682/1677/1815
f 682/1677/1815 683/1723/1907 681/1721/1905
f 682/1677/1815 681/1721/1905 680/1676/1814
f 680/1676/1814 681/1721/1905 679/1718/1902
f 680/1676/1814 679/1718/1902 678/1675/1813
f 678/1675/1813 679/1718/1902 668/1717/1901
f 678/1675/1813 668/1717/1901 677/1674/1812
f 677/1674/1812 668/1717/1901 669/2305/2513
f 677/1674/1812 669/2305/2513 676/2298/2506
f 670/2306/2514 676/2298/2506 669/2305/2513
f 670/2306/2514 675/2299/2507 676/2298/2506
f 670/2306/2514 671/2307/2515 675/2299/2507
f 671/2307/2515 674/2300/2508 675/2299/2507
f 671/2307/2515 672/2308/2516 674/2300/2508
f 672/2308/2516 673/2301/2509 674/2300/2508
f 672/2308/2516 658/2309/2517 673/2301/2509
f 658/2309/2517 657/2302/2510 673/2301/2509
f 631/2310/2518 633/2311/2519 652/2312/2520
f 632/2313/2521 631/2310/2518 652/2312/2520
f 632/2313/2521 652/2312/2520 654/2314/2522
f 576/2315/2523 632/2313/2521 654/2314/2522
f 576/2315/2523 654/2314/2522 656/2316/2524
f 575/2317/2525 576/2315/2523 656/2316/2524
f 575/2317/2525 656/2316/2524 658/2309/2517
f 579/2318/2526 575/2317/2525 658/2309/2517
f 579/2318/2526 658/2309/2517 672/2308/2516
f 581/2319/2527 579/2318/2526 672/2308/2516
f 581/2319/2527 672/2308/2516 671/2307/2515
f 582/2320/2528 581/2319/2527 671/2307/2515
f 582/2320/2528 671/2307/2515 670/2306/2514
f 565/2321/2529 582/2320/2528 670/2306/2514
f 670/2306/2514 669/2305/2513 565/2321/2529
f 565/2321/2529 669/2305/2513 551/2322/2530
f 551/2322/2530 669/2305/2513 668/1717/1901
f 668/1717/1901 552/1719/1903 551/2322/2530
f 657/2302/2510 655/2323/2531 667/2303/2511
f 667/2303/2511 655/2323/2531 661/2324/2532
f 667/2303/2511 661/2324/2532 666/2304/2512
f 661/2324/2532 660/2262/2470 666/2304/2512
f 666/2304/2512 660/2262/2470 665/2264/2472
f 651/2325/2533 650/2326/2534 664/2327/2535
f 659/2328/2536 651/2325/2533 664/2327/2535
f 659/2328/2536 664/2327/2535 663/2329/2537
f 659/2328/2536 663/2329/2537 660/2262/2470
f 660/2262/2470 663/2329/2537 662/2263/2471
f 655/2323/2531 653/2330/2538 661/2324/2532
f 661/2324/2532 653/2330/2538 659/2328/2536
f 661/2324/2532 659/2328/2536 660/2262/2470
f 653/2330/2538 651/2325/2533 659/2328/2536
f 658/2309/2517 656/2316/2524 657/2302/2510
f 656/2316/2524 655/2323/2531 657/2302/2510
f 656/2316/2524 654/2314/2522 655/2323/2531
f 654/2314/2522 653/2330/2538 655/2323/2531
f 654/2314/2522 652/2312/2520 653/2330/2538
f 652/2312/2520 651/2325/2533 653/2330/2538
f 652/2312/2520 633/2311/2519 651/2325/2533
f 633/2311/2519 650/2326/2534 651/2325/2533
f 634/2331/2539 650/2326/2534 633/2311/2519
f 634/2331/2539 649/2332/2540 650/2326/2534
f 635/2333/2541 649/2332/2540 634/2331/2539
f 635/2333/2541 648/2334/2542 649/2332/2540
f 636/2335/2543 648/2334/2542 635/2333/2541
f 636/2335/2543 647/2336/2544 648/2334/2542
f 637/2337/2545 647/2336/2544 636/2335/2543
f 637/2337/2545 645/2338/2546 647/2336/2544
f 638/1813/1997 645/2338/2546 637/2337/2545
f 638/1813/1997 646/1812/1996 645/2338/2546
f 644/1845/2029 643/1819/2003 642/1847/2031
f 642/1847/2031 643/1819/2003 641/1817/2001
f 642/1847/2031 641/1817/2001 621/1848/2032
f 621/1848/2032 641/1817/2001 640/1815/1999
f 621/1848/2032 640/1815/1999 623/2339/2547
f 623/2339/2547 640/1815/1999 639/1811/1995
f 623/2339/2547 639/1811/1995 625/2340/2548
f 625/2340/2548 639/1811/1995 638/1813/1997
f 625/2340/2548 638/1813/1997 627/2341/2549
f 627/2341/2549 638/1813/1997 637/2337/2545
f 627/2341/2549 637/2337/2545 628/2342/2550
f 628/2342/2550 637/2337/2545 636/2335/2543
f 628/2342/2550 636/2335/2543 629/2343/2551
f 629/2343/2551 636/2335/2543 635/2333/2541
f 629/2343/2551 635/2333/2541 630/2344/2552
f 630/2344/2552 635/2333/2541 634/2331/2539
f 630/2344/2552 634/2331/2539 631/2310/2518
f 631/2310/2518 634/2331/2539 633/2311/2519
f 577/2345/2553 615/2346/2554 576/2315/2523
f 615/2346/2554 632/2313/2521 576/2315/2523
f 615/2346/2554 616/2347/2555 632/2313/2521
f 616/2347/2555 631/2310/2518 632/2313/2521
f 616/2347/2555 630/2344/2552 631/2310/2518
f 617/2348/2556 630/2344/2552 616/2347/2555
f 617/2348/2556 629/2343/2551 630/2344/2552
f 618/2349/2557 629/2343/2551 617/2348/2556
f 618/2349/2557 628/2342/2550 629/2343/2551
f 619/1857/2041 628/2342/2550 618/2349/2557
f 619/1857/2041 627/2341/2549 628/2342/2550
f 626/1858/2042 627/2341/2549 619/1857/2041
f 626/1858/2042 625/2340/2548 627/2341/2549
f 624/1860/2044 625/2340/2548 626/1858/2042
f 624/1860/2044 623/2339/2547 625/2340/2548
f 620/1862/2046 623/2339/2547 624/1860/2044
f 620/1862/2046 621/1848/2032 623/2339/2547
f 622/1846/2030 621/1848/2032 620/1862/2046
f 591/1856/2040 619/1857/2041 618/2349/2557
f 591/1856/2040 618/2349/2557 614/2350/2558
f 614/2350/2558 618/2349/2557 617/2348/2556
f 614/2350/2558 617/2348/2556 613/2351/2559
f 613/2351/2559 617/2348/2556 616/2347/2555
f 613/2351/2559 616/2347/2555 615/2346/2554
f 612/2352/2560 613/2351/2559 615/2346/2554
f 612/2352/2560 615/2346/2554 577/2345/2553
f 611/2353/2561 612/2352/2560 577/2345/2553
f 611/2353/2561 577/2345/2553 578/2354/2562
f 610/2355/2563 611/2353/2561 578/2354/2562
f 610/2355/2563 578/2354/2562 580/2356/2564
f 583/2357/2565 610/2355/2563 580/2356/2564
f 609/2358/2566 610/2355/2563 583/2357/2565
f 585/2359/2567 609/2358/2566 583/2357/2565
f 600/2360/2568 609/2358/2566 585/2359/2567
f 585/2359/2567 586/2361/2569 600/2360/2568
f 590/2362/2570 591/1856/2040 614/2350/2558
f 590/2362/2570 614/2350/2558 608/2363/2571
f 608/2363/2571 614/2350/2558 613/2351/2559
f 608/2363/2571 613/2351/2559 612/2352/2560
f 607/2364/2572 608/2363/2571 612/2352/2560
f 607/2364/2572 612/2352/2560 611/2353/2561
f 606/2365/2573 607/2364/2572 611/2353/2561
f 606/2365/2573 611/2353/2561 610/2355/2563
f 609/2358/2566 606/2365/2573 610/2355/2563
f 598/2366/2574 606/2365/2573 609/2358/2566
f 600/2360/2568 598/2366/2574 609/2358/2566
f 594/2367/2575 590/2362/2570 608/2363/2571
f 594/2367/2575 608/2363/2571 607/2364/2572
f 596/2368/2576 594/2367/2575 607/2364/2572
f 596/2368/2576 607/2364/2572 606/2365/2573
f 598/2366/2574 596/2368/2576 606/2365/2573
f 605/1949/2135 604/1163/1209 589/1959/2145
f 589/1959/2145 604/1163/1209 603/1161/1207
f 589/1959/2145 603/1161/1207 588/2369/2577
f 602/1159/1205 588/2369/2577 603/1161/1207
f 587/2370/2578 588/2369/2577 602/1159/1205
f 602/1159/1205 601/1158/1204 587/2370/2578
f 587/2370/2578 601/1158/1204 586/2361/2569
f 600/2360/2568 586/2361/2569 601/1158/1204
f 600/2360/2568 601/1158/1204 599/1156/1202
f 599/1156/1202 598/2366/2574 600/2360/2568
f 599/1156/1202 597/1154/1200 598/2366/2574
f 597/1154/1200 596/2368/2576 598/2366/2574
f 597/1154/1200 595/1152/1198 596/2368/2576
f 595/1152/1198 594/2367/2575 596/2368/2576
f 595/1152/1198 593/1150/1196 594/2367/2575
f 593/1150/1196 590/2362/2570 594/2367/2575
f 593/1150/1196 592/1148/1194 590/2362/2570
f 592/1148/1194 591/1856/2040 590/2362/2570
f 564/2371/2579 582/2320/2528 565/2321/2529
f 584/2372/2580 582/2320/2528 564/2371/2579
f 564/2371/2579 563/2373/2581 584/2372/2580
f 584/2372/2580 563/2373/2581 566/2374/2582
f 569/2375/2583 570/1958/2144 589/1959/2145
f 589/1959/2145 588/2369/2577 569/2375/2583
f 569/2375/2583 588/2369/2577 568/2376/2584
f 587/2370/2578 568/2376/2584 588/2369/2577
f 567/2377/2585 568/2376/2584 587/2370/2578
f 587/2370/2578 586/2361/2569 567/2377/2585
f 567/2377/2585 586/2361/2569 566/2374/2582
f 585/2359/2567 566/2374/2582 586/2361/2569
f 584/2372/2580 566/2374/2582 585/2359/2567
f 585/2359/2567 583/2357/2565 584/2372/2580
f 584/2372/2580 583/2357/2565 582/2320/2528
f 583/2357/2565 580/2356/2564 582/2320/2528
f 582/2320/2528 580/2356/2564 581/2319/2527
f 580/2356/2564 579/2318/2526 581/2319/2527
f 580/2356/2564 578/2354/2562 579/2318/2526
f 578/2354/2562 575/2317/2525 579/2318/2526
f 578/2354/2562 577/2345/2553 575/2317/2525
f 577/2345/2553 576/2315/2523 575/2317/2525
f 545/2378/2586 543/2016/2202 574/2017/2203
f 574/2017/2203 558/2379/2587 545/2378/2586
f 574/2017/2203 573/2018/2204 558/2379/2587
f 573/2018/2204 556/2380/2588 558/2379/2587
f 572/1956/2142 556/2380/2588 573/2018/2204
f 572/1956/2142 555/2381/2589 556/2380/2588
f 571/1957/2143 555/2381/2589 572/1956/2142
f 570/1958/2144 555/2381/2589 571/1957/2143
f 557/2382/2590 555/2381/2589 570/1958/2144
f 569/2375/2583 557/2382/2590 570/1958/2144
f 559/2383/2591 557/2382/2590 569/2375/2583
f 569/2375/2583 568/2376/2584 559/2383/2591
f 559/2383/2591 568/2376/2584 560/2384/2592
f 567/2377/2585 560/2384/2592 568/2376/2584
f 561/2385/2593 560/2384/2592 567/2377/2585
f 567/2377/2585 566/2374/2582 561/2385/2593
f 561/2385/2593 566/2374/2582 562/2386/2594
f 562/2386/2594 566/2374/2582 563/2373/2581
f 551/2322/2530 550/2387/2595 565/2321/2529
f 565/2321/2529 550/2387/2595 564/2371/2579
f 564/2371/2579 550/2387/2595 549/2388/2596
f 564/2371/2579 549/2388/2596 563/2373/2581
f 548/2389/2597 563/2373/2581 549/2388/2596
f 562/2386/2594 563/2373/2581 548/2389/2597
f 548/2389/2597 547/2390/2598 562/2386/2594
f 562/2386/2594 547/2390/2598 561/2385/2593
f 561/2385/2593 547/2390/2598 544/2391/2599
f 561/2385/2593 544/2391/2599 560/2384/2592
f 545/2378/2586 560/2384/2592 544/2391/2599
f 559/2383/2591 560/2384/2592 545/2378/2586
f 545/2378/2586 558/2379/2587 559/2383/2591
f 559/2383/2591 558/2379/2587 557/2382/2590
f 558/2379/2587 556/2380/2588 557/2382/2590
f 557/2382/2590 556/2380/2588 555/2381/2589
f 535/2392/2600 554/1722/1906 540/1724/1908
f 534/2393/2601 554/1722/1906 535/2392/2600
f 534/2393/2601 553/1720/1904 554/1722/1906
f 534/2393/2601 533/2394/2602 553/1720/1904
f 533/2394/2602 552/1719/1903 553/1720/1904
f 532/2395/2603 552/1719/1903 533/2394/2602
f 551/2322/2530 552/1719/1903 532/2395/2603
f 532/2395/2603 550/2387/2595 551/2322/2530
f 531/2396/2604 550/2387/2595 532/2395/2603
f 531/2396/2604 549/2388/2596 550/2387/2595
f 530/2397/2605 549/2388/2596 531/2396/2604
f 548/2389/2597 549/2388/2596 530/2397/2605
f 530/2397/2605 527/2015/2201 548/2389/2597
f 548/2389/2597 527/2015/2201 547/2390/2598
f 546/2014/2200 547/2390/2598 527/2015/2201
f 546/2014/2200 544/2391/2599 547/2390/2598
f 546/2014/2200 543/2016/2202 544/2391/2599
f 545/2378/2586 544/2391/2599 543/2016/2202
f 507/1733/1917 506/2398/2606 542/1731/1915
f 542/1731/1915 506/2398/2606 537/2399/2607
f 542/1731/1915 537/2399/2607 541/1729/1913
f 538/2400/2608 541/1729/1913 537/2399/2607
f 538/2400/2608 539/1727/1911 541/1729/1913
f 535/2392/2600 539/1727/1911 538/2400/2608
f 535/2392/2600 540/1724/1908 539/1727/1911
f 538/2400/2608 537/2399/2607 536/2401/2609
f 538/2400/2608 536/2401/2609 535/2392/2600
f 505/2402/2610 537/2399/2607 506/2398/2606
f 505/2402/2610 536/2401/2609 537/2399/2607
f 504/2403/2611 536/2401/2609 505/2402/2610
f 504/2403/2611 524/2404/2612 536/2401/2609
f 535/2392/2600 536/2401/2609 524/2404/2612
f 535/2392/2600 524/2404/2612 526/2405/2613
f 535/2392/2600 526/2405/2613 534/2393/2601
f 534/2393/2601 526/2405/2613 533/2394/2602
f 525/2406/2614 533/2394/2602 526/2405/2613
f 525/2406/2614 532/2395/2603 533/2394/2602
f 525/2406/2614 531/2396/2604 532/2395/2603
f 522/2011/2197 531/2396/2604 525/2406/2614
f 522/2011/2197 530/2397/2605 531/2396/2604
f 522/2011/2197 529/2009/2195 530/2397/2605
f 529/2009/2195 527/2015/2201 530/2397/2605
f 529/2009/2195 528/2007/2193 527/2015/2201
f 526/2405/2613 524/2404/2612 523/2407/2615
f 525/2406/2614 526/2405/2613 523/2407/2615
f 525/2406/2614 523/2407/2615 522/2011/2197
f 504/2403/2611 503/2408/2616 524/2404/2612
f 523/2407/2615 524/2404/2612 503/2408/2616
f 523/2407/2615 503/2408/2616 502/1126/1172
f 522/2011/2197 523/2407/2615 502/1126/1172
f 522/2011/2197 502/1126/1172 513/2409/2617
f 521/2012/2198 522/2011/2197 513/2409/2617
f 521/2012/2198 513/2409/2617 516/1980/2166
f 516/1980/2166 520/2013/2199 521/2012/2198
f 516/1980/2166 517/1981/2167 520/2013/2199
f 517/1981/2167 518/1988/2174 520/2013/2199
f 519/1982/2168 518/1988/2174 517/1981/2167
f 516/1980/2166 513/2409/2617 515/1979/2165
f 513/2409/2617 512/1128/1174 515/1979/2165
f 515/1979/2165 512/1128/1174 514/1130/1176
f 513/2409/2617 502/1126/1172 512/1128/1174
f 496/2410/2618 511/1185/1231 497/1184/1230
f 496/2410/2618 510/1753/1937 511/1185/1231
f 495/2411/2619 510/1753/1937 496/2410/2618
f 495/2411/2619 509/1737/1921 510/1753/1937
f 495/2411/2619 494/2412/2620 509/1737/1921
f 508/1735/1919 509/1737/1921 494/2412/2620
f 508/1735/1919 494/2412/2620 493/2413/2621
f 507/1733/1917 508/1735/1919 493/2413/2621
f 493/2413/2621 506/2398/2606 507/1733/1917
f 493/2413/2621 418/2027/2241 506/2398/2606
f 505/2402/2610 506/2398/2606 418/2027/2241
f 418/2027/2241 410/2055/2269 505/2402/2610
f 505/2402/2610 410/2055/2269 504/2403/2611
f 504/2403/2611 410/2055/2269 411/2414/2622
f 411/2414/2622 503/2408/2616 504/2403/2611
f 411/2414/2622 415/2415/2623 503/2408/2616
f 502/1126/1172 503/2408/2616 415/2415/2623
f 502/1126/1172 415/2415/2623 412/1127/1173
f 311/1174/1220 301/2416/2624 501/1176/1222
f 301/2416/2624 299/2417/2625 501/1176/1222
f 501/1176/1222 299/2417/2625 500/1178/1224
f 500/1178/1224 299/2417/2625 297/2418/2626
f 500/1178/1224 297/2418/2626 499/1180/1226
f 499/1180/1226 297/2418/2626 294/2419/2627
f 499/1180/1226 294/2419/2627 498/1182/1228
f 498/1182/1228 294/2419/2627 306/2420/2628
f 497/1184/1230 498/1182/1228 306/2420/2628
f 497/1184/1230 306/2420/2628 491/2421/2629
f 497/1184/1230 491/2421/2629 496/2410/2618
f 496/2410/2618 491/2421/2629 490/2422/2630
f 496/2410/2618 490/2422/2630 495/2411/2619
f 495/2411/2619 490/2422/2630 473/2423/2631
f 473/2423/2631 494/2412/2620 495/2411/2619
f 471/2025/2239 494/2412/2620 473/2423/2631
f 493/2413/2621 494/2412/2620 471/2025/2239
f 471/2025/2239 418/2027/2241 493/2413/2621
f 293/2424/2632 487/2425/2633 492/2426/2634
f 306/2420/2628 293/2424/2632 492/2426/2634
f 306/2420/2628 492/2426/2634 491/2421/2629
f 487/2425/2633 486/2427/2635 488/2428/2636
f 492/2426/2634 487/2425/2633 488/2428/2636
f 492/2426/2634 488/2428/2636 489/2429/2637
f 491/2421/2629 492/2426/2634 489/2429/2637
f 491/2421/2629 489/2429/2637 490/2422/2630
f 473/2423/2631 490/2422/2630 474/2430/2638
f 490/2422/2630 476/2431/2639 474/2430/2638
f 490/2422/2630 489/2429/2637 476/2431/2639
f 489/2429/2637 478/2432/2640 476/2431/2639
f 489/2429/2637 488/2428/2636 478/2432/2640
f 488/2428/2636 480/2433/2641 478/2432/2640
f 488/2428/2636 486/2427/2635 480/2433/2641
f 482/2434/2642 480/2433/2641 486/2427/2635
f 293/2424/2632 291/2435/2643 487/2425/2633
f 291/2435/2643 470/2044/2258 487/2425/2633
f 487/2425/2633 470/2044/2258 486/2427/2635
f 485/2042/2256 486/2427/2635 470/2044/2258
f 482/2434/2642 486/2427/2635 485/2042/2256
f 485/2042/2256 484/2040/2254 482/2434/2642
f 482/2434/2642 484/2040/2254 483/2038/2252
f 482/2434/2642 483/2038/2252 481/2036/2250
f 481/2036/2250 480/2433/2641 482/2434/2642
f 481/2036/2250 479/2034/2248 480/2433/2641
f 478/2432/2640 480/2433/2641 479/2034/2248
f 478/2432/2640 479/2034/2248 477/2032/2246
f 476/2431/2639 478/2432/2640 477/2032/2246
f 476/2431/2639 477/2032/2246 475/2030/2244
f 474/2430/2638 476/2431/2639 475/2030/2244
f 474/2430/2638 475/2030/2244 472/2028/2242
f 473/2423/2631 474/2430/2638 472/2028/2242
f 473/2423/2631 472/2028/2242 471/2025/2239
f 464/2043/2257 470/2044/2258 462/2436/2644
f 291/2435/2643 462/2436/2644 470/2044/2258
f 291/2435/2643 460/2437/2645 462/2436/2644
f 292/2438/2646 460/2437/2645 291/2435/2643
f 292/2438/2646 372/2439/2647 460/2437/2645
f 295/2440/2648 372/2439/2647 292/2438/2646
f 295/2440/2648 370/2441/2649 372/2439/2647
f 295/2440/2648 310/2442/2650 370/2441/2649
f 368/2443/2651 370/2441/2649 310/2442/2650
f 368/2443/2651 310/2442/2650 315/2444/2652
f 368/2443/2651 315/2444/2652 366/2445/2653
f 322/2446/2654 366/2445/2653 315/2444/2652
f 364/2447/2655 366/2445/2653 322/2446/2654
f 328/2448/2656 364/2447/2655 322/2446/2654
f 362/2449/2657 364/2447/2655 328/2448/2656
f 330/2450/2658 362/2449/2657 328/2448/2656
f 358/2451/2659 362/2449/2657 330/2450/2658
f 331/2452/2660 358/2451/2659 330/2450/2658
f 459/2453/2661 432/2454/2662 469/2455/2663
f 459/2453/2661 469/2455/2663 461/2456/2664
f 461/2456/2664 469/2455/2663 468/2457/2665
f 461/2456/2664 468/2457/2665 463/2458/2666
f 463/2458/2666 468/2457/2665 467/2459/2667
f 463/2458/2666 467/2459/2667 465/2460/2668
f 432/2454/2662 433/2461/2669 469/2455/2663
f 469/2455/2663 433/2461/2669 452/2462/2670
f 469/2455/2663 452/2462/2670 468/2457/2665
f 468/2457/2665 452/2462/2670 454/2463/2671
f 468/2457/2665 454/2463/2671 467/2459/2667
f 467/2459/2667 454/2463/2671 445/2039/2253
f 467/2459/2667 445/2039/2253 465/2460/2668
f 465/2460/2668 445/2039/2253 466/2041/2255
f 464/2043/2257 465/2460/2668 466/2041/2255
f 463/2458/2666 465/2460/2668 464/2043/2257
f 464/2043/2257 462/2436/2644 463/2458/2666
f 463/2458/2666 462/2436/2644 461/2456/2664
f 461/2456/2664 462/2436/2644 460/2437/2645
f 461/2456/2664 460/2437/2645 459/2453/2661
f 459/2453/2661 460/2437/2645 372/2439/2647
f 459/2453/2661 372/2439/2647 371/2464/2672
f 371/2464/2672 432/2454/2662 459/2453/2661
f 371/2464/2672 394/2465/2673 432/2454/2662
f 445/2039/2253 456/2466/2674 457/2467/2675
f 458/2468/2676 445/2039/2253 457/2467/2675
f 446/2469/2677 445/2039/2253 458/2468/2676
f 447/2470/2678 446/2469/2677 458/2468/2676
f 447/2470/2678 458/2468/2676 448/2471/2679
f 458/2468/2676 457/2467/2675 448/2471/2679
f 448/2471/2679 457/2467/2675 449/2472/2680
f 449/2472/2680 457/2467/2675 456/2466/2674
f 449/2472/2680 456/2466/2674 450/2473/2681
f 455/2474/2682 450/2473/2681 456/2466/2674
f 455/2474/2682 456/2466/2674 445/2039/2253
f 453/2475/2683 455/2474/2682 445/2039/2253
f 453/2475/2683 445/2039/2253 454/2463/2671
f 451/2476/2684 450/2473/2681 455/2474/2682
f 451/2476/2684 455/2474/2682 453/2475/2683
f 453/2475/2683 454/2463/2671 452/2462/2670
f 453/2475/2683 452/2462/2670 451/2476/2684
f 451/2476/2684 452/2462/2670 433/2461/2669
f 433/2461/2669 434/2477/2685 451/2476/2684
f 451/2476/2684 434/2477/2685 450/2473/2681
f 435/2478/2686 450/2473/2681 434/2477/2685
f 449/2472/2680 450/2473/2681 435/2478/2686
f 436/2479/2687 449/2472/2680 435/2478/2686
f 436/2479/2687 448/2471/2679 449/2472/2680
f 437/2480/2688 448/2471/2679 436/2479/2687
f 447/2470/2678 448/2471/2679 437/2480/2688
f 438/2481/2689 447/2470/2678 437/2480/2688
f 438/2481/2689 444/2482/2690 447/2470/2678
f 444/2482/2690 446/2469/2677 447/2470/2678
f 443/2483/2691 446/2469/2677 444/2482/2690
f 443/2483/2691 445/2039/2253 446/2469/2677
f 441/2484/2692 445/2039/2253 443/2483/2691
f 442/2048/2262 445/2039/2253 441/2484/2692
f 439/2485/2693 444/2482/2690 438/2481/2689
f 440/2486/2694 444/2482/2690 439/2485/2693
f 440/2486/2694 443/2483/2691 444/2482/2690
f 440/2486/2694 441/2484/2692 443/2483/2691
f 422/2045/2259 442/2048/2262 441/2484/2692
f 422/2045/2259 441/2484/2692 440/2486/2694
f 440/2486/2694 421/2487/2695 422/2045/2259
f 439/2485/2693 421/2487/2695 440/2486/2694
f 439/2485/2693 424/2488/2696 421/2487/2695
f 439/2485/2693 426/2489/2697 424/2488/2696
f 438/2481/2689 426/2489/2697 439/2485/2693
f 427/2490/2698 426/2489/2697 438/2481/2689
f 438/2481/2689 437/2480/2688 427/2490/2698
f 427/2490/2698 437/2480/2688 428/2491/2699
f 428/2491/2699 437/2480/2688 436/2479/2687
f 428/2491/2699 436/2479/2687 429/2492/2700
f 436/2479/2687 435/2478/2686 429/2492/2700
f 429/2492/2700 435/2478/2686 430/2493/2701
f 435/2478/2686 434/2477/2685 430/2493/2701
f 430/2493/2701 434/2477/2685 431/2494/2702
f 433/2461/2669 431/2494/2702 434/2477/2685
f 432/2454/2662 431/2494/2702 433/2461/2669
f 394/2465/2673 431/2494/2702 432/2454/2662
f 393/2495/2703 431/2494/2702 394/2465/2673
f 430/2493/2701 431/2494/2702 393/2495/2703
f 392/2496/2704 430/2493/2701 393/2495/2703
f 429/2492/2700 430/2493/2701 392/2496/2704
f 416/2497/2705 429/2492/2700 392/2496/2704
f 428/2491/2699 429/2492/2700 416/2497/2705
f 416/2497/2705 417/2498/2706 428/2491/2699
f 428/2491/2699 417/2498/2706 427/2490/2698
f 427/2490/2698 417/2498/2706 408/2499/2707
f 427/2490/2698 408/2499/2707 426/2489/2697
f 409/2057/2271 426/2489/2697 408/2499/2707
f 409/2057/2271 424/2488/2696 426/2489/2697
f 425/2056/2270 424/2488/2696 409/2057/2271
f 423/2058/2272 424/2488/2696 425/2056/2270
f 423/2058/2272 421/2487/2695 424/2488/2696
f 423/2058/2272 420/2046/2260 421/2487/2695
f 422/2045/2259 421/2487/2695 420/2046/2260
f 419/2026/2240 410/2055/2269 418/2027/2241
f 407/2500/2708 408/2499/2707 406/2501/2709
f 406/2501/2709 408/2499/2707 417/2498/2706
f 406/2501/2709 417/2498/2706 405/2502/2710
f 416/2497/2705 405/2502/2710 417/2498/2706
f 391/2503/2711 405/2502/2710 416/2497/2705
f 416/2497/2705 392/2496/2704 391/2503/2711
f 411/2414/2622 412/1127/1173 415/2415/2623
f 395/2504/2712 386/1133/1179 414/1131/1177
f 395/2504/2712 414/1131/1177 401/2505/2713
f 401/2505/2713 414/1131/1177 413/1129/1175
f 401/2505/2713 413/1129/1175 404/2506/2714
f 404/2506/2714 413/1129/1175 412/1127/1173
f 404/2506/2714 412/1127/1173 411/2414/2622
f 411/2414/2622 403/2507/2715 404/2506/2714
f 411/2414/2622 410/2055/2269 403/2507/2715
f 410/2055/2269 402/2508/2716 403/2507/2715
f 410/2055/2269 409/2057/2271 402/2508/2716
f 409/2057/2271 408/2499/2707 402/2508/2716
f 402/2508/2716 408/2499/2707 407/2500/2708
f 402/2508/2716 407/2500/2708 399/2509/2717
f 399/2509/2717 407/2500/2708 406/2501/2709
f 399/2509/2717 406/2501/2709 398/2510/2718
f 406/2501/2709 405/2502/2710 398/2510/2718
f 398/2510/2718 405/2502/2710 390/2511/2719
f 391/2503/2711 390/2511/2719 405/2502/2710
f 404/2506/2714 400/2512/2720 401/2505/2713
f 404/2506/2714 403/2507/2715 400/2512/2720
f 403/2507/2715 399/2509/2717 400/2512/2720
f 403/2507/2715 402/2508/2716 399/2509/2717
f 401/2505/2713 396/2513/2721 395/2504/2712
f 401/2505/2713 400/2512/2720 396/2513/2721
f 400/2512/2720 397/2514/2722 396/2513/2721
f 400/2512/2720 399/2509/2717 397/2514/2722
f 399/2509/2717 398/2510/2718 397/2514/2722
f 398/2510/2718 390/2511/2719 389/2515/2723
f 397/2514/2722 398/2510/2718 389/2515/2723
f 397/2514/2722 389/2515/2723 388/2516/2724
f 396/2513/2721 397/2514/2722 388/2516/2724
f 396/2513/2721 388/2516/2724 387/2517/2725
f 395/2504/2712 396/2513/2721 387/2517/2725
f 395/2504/2712 387/2517/2725 385/2518/2726
f 385/2518/2726 386/1133/1179 395/2504/2712
f 369/2519/2727 394/2465/2673 371/2464/2672
f 384/2520/2728 394/2465/2673 369/2519/2727
f 384/2520/2728 393/2495/2703 394/2465/2673
f 383/2521/2729 393/2495/2703 384/2520/2728
f 392/2496/2704 393/2495/2703 383/2521/2729
f 391/2503/2711 392/2496/2704 383/2521/2729
f 391/2503/2711 383/2521/2729 382/2522/2730
f 382/2522/2730 390/2511/2719 391/2503/2711
f 382/2522/2730 381/2523/2731 390/2511/2719
f 389/2515/2723 390/2511/2719 381/2523/2731
f 389/2515/2723 381/2523/2731 380/2524/2732
f 388/2516/2724 389/2515/2723 380/2524/2732
f 388/2516/2724 380/2524/2732 379/2525/2733
f 387/2517/2725 388/2516/2724 379/2525/2733
f 387/2517/2725 379/2525/2733 378/2526/2734
f 385/2518/2726 387/2517/2725 378/2526/2734
f 385/2518/2726 378/2526/2734 349/1135/1181
f 349/1135/1181 386/1133/1179 385/2518/2726
f 367/2527/2735 384/2520/2728 369/2519/2727
f 373/2528/2736 384/2520/2728 367/2527/2735
f 373/2528/2736 383/2521/2729 384/2520/2728
f 382/2522/2730 383/2521/2729 373/2528/2736
f 373/2528/2736 374/2529/2737 382/2522/2730
f 382/2522/2730 374/2529/2737 381/2523/2731
f 375/2530/2738 381/2523/2731 374/2529/2737
f 380/2524/2732 381/2523/2731 375/2530/2738
f 376/2531/2739 380/2524/2732 375/2530/2738
f 379/2525/2733 380/2524/2732 376/2531/2739
f 377/2532/2740 379/2525/2733 376/2531/2739
f 378/2526/2734 379/2525/2733 377/2532/2740
f 349/1135/1181 378/2526/2734 377/2532/2740
f 349/1135/1181 377/2532/2740 359/2533/2741
f 359/2533/2741 377/2532/2740 360/2534/2742
f 377/2532/2740 376/2531/2739 360/2534/2742
f 360/2534/2742 376/2531/2739 361/2535/2743
f 376/2531/2739 375/2530/2738 361/2535/2743
f 361/2535/2743 375/2530/2738 363/2536/2744
f 375/2530/2738 374/2529/2737 363/2536/2744
f 363/2536/2744 374/2529/2737 365/2537/2745
f 373/2528/2736 365/2537/2745 374/2529/2737
f 367/2527/2735 365/2537/2745 373/2528/2736
f 371/2464/2672 372/2439/2647 370/2441/2649
f 371/2464/2672 370/2441/2649 369/2519/2727
f 369/2519/2727 370/2441/2649 368/2443/2651
f 367/2527/2735 369/2519/2727 368/2443/2651
f 368/2443/2651 366/2445/2653 367/2527/2735
f 367/2527/2735 366/2445/2653 365/2537/2745
f 364/2447/2655 365/2537/2745 366/2445/2653
f 363/2536/2744 365/2537/2745 364/2447/2655
f 362/2449/2657 363/2536/2744 364/2447/2655
f 361/2535/2743 363/2536/2744 362/2449/2657
f 358/2451/2659 361/2535/2743 362/2449/2657
f 360/2534/2742 361/2535/2743 358/2451/2659
f 357/2538/2746 360/2534/2742 358/2451/2659
f 359/2533/2741 360/2534/2742 357/2538/2746
f 357/2538/2746 356/2539/2747 359/2533/2741
f 359/2533/2741 356/2539/2747 355/2540/2748
f 359/2533/2741 355/2540/2748 349/1135/1181
f 349/1135/1181 355/2540/2748 351/2541/2749
f 357/2538/2746 358/2451/2659 331/2452/2660
f 331/2452/2660 332/2542/2750 357/2538/2746
f 357/2538/2746 332/2542/2750 356/2539/2747
f 341/343/2751 356/2539/2747 332/2542/2750
f 341/343/2751 355/2540/2748 356/2539/2747
f 341/343/2751 354/348/386 355/2540/2748
f 351/2541/2749 355/2540/2748 354/348/386
f 351/2541/2749 354/348/386 353/350/388
f 353/350/388 352/342/380 351/2541/2749
f 351/2541/2749 352/342/380 350/1932/2118
f 351/2541/2749 350/1932/2118 349/1135/1181
f 349/1135/1181 350/1932/2118 348/1933/2119
f 347/1137/1183 349/1135/1181 348/1933/2119
f 347/1137/1183 348/1933/2119 346/1934/2120
f 347/1137/1183 346/1934/2120 345/1139/1185
f 345/1139/1185 346/1934/2120 342/1935/2121
f 345/1139/1185 342/1935/2121 343/1141/1187
f 344/1936/2122 343/1141/1187 342/1935/2121
f 341/343/2751 332/2542/2750 340/344/2752
f 302/2543/2753 308/2544/2754 300/2545/2755
f 319/2546/2756 308/2544/2754 302/2543/2753
f 319/2546/2756 302/2543/2753 289/2547/2757
f 321/2548/2758 319/2546/2756 289/2547/2757
f 321/2548/2758 289/2547/2757 287/2549/2759
f 321/2548/2758 287/2549/2759 339/2550/1436
f 321/2548/2758 339/2550/1436 338/2551/2760
f 321/2548/2758 338/2551/2760 320/2552/2761
f 320/2552/2761 338/2551/2760 337/2553/1444
f 325/2554/2762 320/2552/2761 337/2553/1444
f 325/2554/2762 337/2553/1444 336/2555/2763
f 325/2554/2762 336/2555/2763 326/2556/2764
f 326/2556/2764 336/2555/2763 335/2557/2765
f 326/2556/2764 335/2557/2765 334/2558/2766
f 326/2556/2764 334/2558/2766 329/2559/2767
f 329/2559/2767 334/2558/2766 333/2560/2768
f 329/2559/2767 333/2560/2768 331/2452/2660
f 331/2452/2660 333/2560/2768 332/2542/2750
f 331/2452/2660 330/2450/2658 329/2559/2767
f 329/2559/2767 330/2450/2658 327/2561/2769
f 330/2450/2658 328/2448/2656 327/2561/2769
f 329/2559/2767 327/2561/2769 326/2556/2764
f 328/2448/2656 322/2446/2654 323/2562/2770
f 327/2561/2769 328/2448/2656 323/2562/2770
f 327/2561/2769 323/2562/2770 324/2563/2771
f 326/2556/2764 327/2561/2769 324/2563/2771
f 326/2556/2764 324/2563/2771 325/2554/2762
f 325/2554/2762 318/2564/2772 320/2552/2761
f 325/2554/2762 324/2563/2771 318/2564/2772
f 324/2563/2771 317/2565/2773 318/2564/2772
f 324/2563/2771 323/2562/2770 317/2565/2773
f 323/2562/2770 316/2566/2774 317/2565/2773
f 323/2562/2770 322/2446/2654 316/2566/2774
f 322/2446/2654 315/2444/2652 316/2566/2774
f 320/2552/2761 319/2546/2756 321/2548/2758
f 320/2552/2761 318/2564/2772 319/2546/2756
f 318/2564/2772 308/2544/2754 319/2546/2756
f 318/2564/2772 317/2565/2773 308/2544/2754
f 317/2565/2773 307/2567/2775 308/2544/2754
f 317/2565/2773 316/2566/2774 307/2567/2775
f 316/2566/2774 309/2568/2776 307/2567/2775
f 316/2566/2774 315/2444/2652 309/2568/2776
f 315/2444/2652 310/2442/2650 309/2568/2776
f 276/1168/1214 275/2569/2777 314/1166/1212
f 314/1166/1212 275/2569/2777 305/2570/2778
f 314/1166/1212 305/2570/2778 313/1170/1216
f 313/1170/1216 305/2570/2778 304/2571/2779
f 313/1170/1216 304/2571/2779 312/1172/1218
f 312/1172/1218 304/2571/2779 303/2572/2780
f 311/1174/1220 312/1172/1218 303/2572/2780
f 311/1174/1220 303/2572/2780 301/2416/2624
f 296/2573/2781 310/2442/2650 295/2440/2648
f 296/2573/2781 309/2568/2776 310/2442/2650
f 298/2574/2782 309/2568/2776 296/2573/2781
f 307/2567/2775 309/2568/2776 298/2574/2782
f 300/2545/2755 307/2567/2775 298/2574/2782
f 300/2545/2755 308/2544/2754 307/2567/2775
f 306/2420/2628 294/2419/2627 293/2424/2632
f 277/2575/2783 305/2570/2778 275/2569/2777
f 290/2576/2784 305/2570/2778 277/2575/2783
f 290/2576/2784 304/2571/2779 305/2570/2778
f 289/2547/2757 304/2571/2779 290/2576/2784
f 289/2547/2757 303/2572/2780 304/2571/2779
f 289/2547/2757 302/2543/2753 303/2572/2780
f 303/2572/2780 302/2543/2753 301/2416/2624
f 301/2416/2624 302/2543/2753 300/2545/2755
f 301/2416/2624 300/2545/2755 299/2417/2625
f 300/2545/2755 298/2574/2782 299/2417/2625
f 299/2417/2625 298/2574/2782 297/2418/2626
f 297/2418/2626 298/2574/2782 296/2573/2781
f 297/2418/2626 296/2573/2781 294/2419/2627
f 294/2419/2627 296/2573/2781 295/2440/2648
f 294/2419/2627 295/2440/2648 292/2438/2646
f 294/2419/2627 292/2438/2646 293/2424/2632
f 293/2424/2632 292/2438/2646 291/2435/2643
f 278/2577/2785 290/2576/2784 277/2575/2783
f 278/2577/2785 287/2549/2759 290/2576/2784
f 290/2576/2784 287/2549/2759 289/2547/2757
f 278/2577/2785 279/2578/2786 288/2579/2787
f 278/2577/2785 288/2579/2787 287/2549/2759
g ValveBiped.Bip01_Neck1
f 269/1229/1275 286/1228/1274 285/2580/1385
f 269/1229/1275 285/2580/1385 270/2581/2788
f 270/2581/2788 285/2580/1385 284/2582/2789
f 270/2581/2788 284/2582/2789 271/2583/2790
f 271/2583/2790 284/2582/2789 283/2584/2791
f 271/2583/2790 283/2584/2791 282/2585/2792
f 271/2583/2790 282/2585/2792 281/2586/2793
f 271/2583/2790 281/2586/2793 272/2587/2794
f 272/2587/2794 281/2586/2793 280/2588/2795
f 272/2587/2794 280/2588/2795 273/2589/2796
f 273/2589/2796 280/2588/2795 279/2578/2786
g ValveBiped.Bip01_Head1
f 273/2589/2796 279/2578/2786 278/2577/2785
f 273/2589/2796 278/2577/2785 274/2590/2797
f 278/2577/2785 277/2575/2783 274/2590/2797
f 274/2590/2797 277/2575/2783 256/2591/2798
f 277/2575/2783 275/2569/2777 256/2591/2798
f 256/2591/2798 275/2569/2777 255/1837/2021
f 276/1168/1214 255/1837/2021 275/2569/2777
g ValveBiped.Bip01_Neck1
f 265/2592/2799 240/1217/1263 264/1219/1265
f 265/2592/2799 239/2593/2800 240/1217/1263
f 267/2594/2801 239/2593/2800 265/2592/2799
f 267/2594/2801 227/2595/2802 239/2593/2800
f 254/2596/2803 227/2595/2802 267/2594/2801
g ValveBiped.Bip01_Head1
f 250/2597/2804 256/2591/2798 249/2598/2805
f 274/2590/2797 256/2591/2798 250/2597/2804
f 251/2599/2806 274/2590/2797 250/2597/2804
f 273/2589/2796 274/2590/2797 251/2599/2806
g ValveBiped.Bip01_Neck1
f 251/2599/2806 272/2587/2794 273/2589/2796
f 252/2600/2807 272/2587/2794 251/2599/2806
f 252/2600/2807 271/2583/2790 272/2587/2794
f 252/2600/2807 270/2581/2788 271/2583/2790
f 253/2601/2808 270/2581/2788 252/2600/2807
f 253/2601/2808 269/1229/1275 270/2581/2788
f 254/2596/2803 269/1229/1275 253/2601/2808
f 254/2596/2803 268/1227/1273 269/1229/1275
f 267/2594/2801 268/1227/1273 254/2596/2803
f 267/2594/2801 266/1225/1271 268/1227/1273
f 265/2592/2799 266/1225/1271 267/2594/2801
f 265/2592/2799 262/1223/1269 266/1225/1271
f 264/1219/1265 262/1223/1269 265/2592/2799
f 264/1219/1265 263/1221/1267 262/1223/1269
g ValveBiped.Bip01_Head1
f 260/1840/2024 261/1841/2025 244/1853/2037
f 245/2602/2809 260/1840/2024 244/1853/2037
f 245/2602/2809 259/1839/2023 260/1840/2024
f 246/2603/2810 259/1839/2023 245/2602/2809
f 258/1838/2022 259/1839/2023 246/2603/2810
f 247/2604/2811 258/1838/2022 246/2603/2810
f 257/1836/2020 258/1838/2022 247/2604/2811
f 247/2604/2811 248/2605/2812 257/1836/2020
f 257/1836/2020 248/2605/2812 255/1837/2021
f 249/2598/2805 255/1837/2021 248/2605/2812
f 256/2591/2798 255/1837/2021 249/2598/2805
g ValveBiped.Bip01_Neck1
f 254/2596/2803 229/2606/2813 227/2595/2802
f 253/2601/2808 229/2606/2813 254/2596/2803
f 253/2601/2808 241/2607/2814 229/2606/2813
f 252/2600/2807 241/2607/2814 253/2601/2808
f 252/2600/2807 251/2599/2806 241/2607/2814
g ValveBiped.Bip01_Head1
f 251/2599/2806 250/2597/2804 241/2607/2814
f 241/2607/2814 250/2597/2804 230/2608/2815
f 250/2597/2804 249/2598/2805 230/2608/2815
f 230/2608/2815 249/2598/2805 231/2609/2816
f 249/2598/2805 248/2605/2812 231/2609/2816
f 231/2609/2816 248/2605/2812 233/2610/2817
f 247/2604/2811 233/2610/2817 248/2605/2812
f 235/2611/2818 233/2610/2817 247/2604/2811
f 247/2604/2811 246/2603/2810 235/2611/2818
f 235/2611/2818 246/2603/2810 236/2612/2819
f 236/2612/2819 246/2603/2810 245/2602/2809
f 236/2612/2819 245/2602/2809 243/1854/2038
f 245/2602/2809 244/1853/2037 243/1854/2038
f 242/1855/2039 238/1211/1257 236/2612/2819
f 236/2612/2819 243/1854/2038 242/1855/2039
f 241/2607/2814 230/2608/2815 229/2606/2813
f 239/2593/2800 224/1215/1261 240/1217/1263
f 239/2593/2800 226/2613/2820 224/1215/1261
f 227/2595/2802 226/2613/2820 239/2593/2800
f 227/2595/2802 228/2614/2821 226/2613/2820
f 228/2614/2821 232/2615/2822 226/2613/2820
f 226/2613/2820 232/2615/2822 225/1213/1259
f 232/2615/2822 234/2616/2823 225/1213/1259
f 225/1213/1259 234/2616/2823 237/2617/2824
f 225/1213/1259 237/2617/2824 238/1211/1257
f 236/2612/2819 238/1211/1257 237/2617/2824
f 236/2612/2819 237/2617/2824 234/2616/2823
f 236/2612/2819 234/2616/2823 235/2611/2818
f 235/2611/2818 234/2616/2823 233/2610/2817
f 232/2615/2822 233/2610/2817 234/2616/2823
f 231/2609/2816 233/2610/2817 232/2615/2822
f 228/2614/2821 231/2609/2816 232/2615/2822
f 230/2608/2815 231/2609/2816 228/2614/2821
f 229/2606/2813 230/2608/2815 228/2614/2821
f 229/2606/2813 228/2614/2821 227/2595/2802
f 226/2613/2820 225/1213/1259 224/1215/1261
f 220/2618/2825 212/2619/2826 223/2620/2827
f 222/339/2828 221/340/2829 220/2618/2825
f 220/2618/2825 221/340/2829 219/353/2830
f 219/353/2830 212/2619/2826 220/2618/2825
f 201/2621/2831 212/2619/2826 219/353/2830
f 219/353/2830 218/354/2832 201/2621/2831
f 201/2621/2831 218/354/2832 200/2622/2833
g ValveBiped.Bip01_Neck1
f 217/377/2834 200/2622/2833 218/354/2832
f 217/377/2834 202/395/2835 200/2622/2833
f 215/2623/2836 214/2624/2837 216/2625/2838
f 205/2626/2839 215/2623/2836 206/2627/2840
f 205/2626/2839 214/2624/2837 215/2623/2836
f 205/2626/2839 204/392/2841 214/2624/2837
g ValveBiped.Bip01_Head1
f 208/2628/2842 213/2629/2843 209/2630/2844
f 201/2621/2831 211/2631/2071 212/2619/2826
f 199/2632/2845 211/2631/2071 201/2621/2831
f 199/2632/2845 210/2633/2068 211/2631/2071
f 198/2634/2846 210/2633/2068 199/2632/2845
f 198/2634/2846 209/2630/2844 210/2633/2068
f 208/2628/2842 209/2630/2844 198/2634/2846
f 196/2635/2847 208/2628/2842 198/2634/2846
f 196/2635/2847 207/2636/2848 208/2628/2842
g ValveBiped.Bip01_Neck1
f 195/2637/2849 207/2636/2848 196/2635/2847
f 195/2637/2849 206/2627/2840 207/2636/2848
f 205/2626/2839 206/2627/2840 195/2637/2849
f 195/2637/2849 193/2638/2850 205/2626/2839
f 193/2638/2850 204/392/2841 205/2626/2839
f 193/2638/2850 203/393/2851 204/392/2841
f 194/2639/2852 203/393/2851 193/2638/2850
f 194/2639/2852 202/395/2835 203/393/2851
f 197/2640/2853 202/395/2835 194/2639/2852
f 197/2640/2853 200/2622/2833 202/395/2835
g ValveBiped.Bip01_Head1
f 201/2621/2831 200/2622/2833 199/2632/2845
f 197/2640/2853 199/2632/2845 200/2622/2833
f 197/2640/2853 198/2634/2846 199/2632/2845
f 196/2635/2847 198/2634/2846 197/2640/2853
g ValveBiped.Bip01_Neck1
f 196/2635/2847 197/2640/2853 194/2639/2852
f 196/2635/2847 194/2639/2852 195/2637/2849
f 195/2637/2849 194/2639/2852 193/2638/2850
g ValveBiped.Bip01_Head1
f 190/2641/2854 191/2642/2855 192/2643/2856
f 187/2644/2857 171/2645/2858 191/2642/2855
f 187/2644/2857 191/2642/2855 190/2641/2854
f 190/2641/2854 188/2646/2859 187/2644/2857
f 190/2641/2854 189/2647/2860 188/2646/2859
f 187/2644/2857 188/2646/2859 183/2648/2861
f 187/2644/2857 183/2648/2861 185/2649/2862
f 185/2649/2862 171/2645/2858 187/2644/2857
f 185/2649/2862 173/2650/2863 171/2645/2858
f 184/2651/2864 179/2652/2865 177/2653/2866
f 184/2651/2864 177/2653/2866 175/2654/2867
f 184/2651/2864 175/2654/2867 186/2655/2868
f 186/2655/2868 175/2654/2867 173/2650/2863
f 185/2649/2862 186/2655/2868 173/2650/2863
f 185/2649/2862 184/2651/2864 186/2655/2868
f 185/2649/2862 183/2648/2861 184/2651/2864
f 184/2651/2864 183/2648/2861 179/2652/2865
f 183/2648/2861 181/2656/2869 179/2652/2865
f 183/2648/2861 182/2657/2870 181/2656/2869
f 182/2657/2870 166/2658/2871 168/2659/2872
f 182/2657/2870 168/2659/2872 181/2656/2869
f 181/2656/2869 168/2659/2872 169/2660/2873
f 181/2656/2869 169/2660/2873 180/2661/2874
f 174/2662/2875 176/2663/2876 178/2664/2877
f 174/2662/2875 178/2664/2877 172/2665/2878
f 178/2664/2877 180/2661/2874 172/2665/2878
f 172/2665/2878 180/2661/2874 170/2666/2879
f 180/2661/2874 169/2660/2873 170/2666/2879
f 179/2652/2865 181/2656/2869 180/2661/2874
f 179/2652/2865 180/2661/2874 178/2664/2877
f 177/2653/2866 179/2652/2865 178/2664/2877
f 177/2653/2866 178/2664/2877 176/2663/2876
f 177/2653/2866 176/2663/2876 175/2654/2867
f 175/2654/2867 176/2663/2876 174/2662/2875
f 173/2650/2863 175/2654/2867 174/2662/2875
f 174/2662/2875 172/2665/2878 173/2650/2863
f 173/2650/2863 172/2665/2878 171/2645/2858
f 172/2665/2878 170/2666/2879 171/2645/2858
f 171/2645/2858 170/2666/2879 164/2667/2880
f 170/2666/2879 163/2668/2881 164/2667/2880
f 170/2666/2879 169/2660/2873 163/2668/2881
f 169/2660/2873 162/2669/2882 163/2668/2881
f 168/2659/2872 162/2669/2882 169/2660/2873
f 168/2659/2872 167/2670/2883 162/2669/2882
f 168/2659/2872 166/2658/2871 167/2670/2883
f 167/2670/2883 166/2658/2871 165/2671/2884
f 164/2667/2880 163/2668/2881 160/2672/2885
f 159/2673/2886 160/2672/2885 163/2668/2881
f 163/2668/2881 162/2669/2882 159/2673/2886
f 161/2674/2887 160/2672/2885 159/2673/2886
f 125/2675/2888 136/2676/2889 127/2677/2890
f 136/2676/2889 125/2675/2888 158/2678/2891
f 136/2676/2889 158/2678/2891 150/2679/2892
f 150/2679/2892 158/2678/2891 157/2680/2893
f 150/2679/2892 157/2680/2893 149/2681/2894
f 149/2681/2894 157/2680/2893 156/2682/2895
f 149/2681/2894 156/2682/2895 148/2683/2896
f 148/2683/2896 156/2682/2895 155/2684/2897
f 155/2684/2897 147/2685/2898 148/2683/2896
f 155/2684/2897 154/2686/2899 147/2685/2898
f 154/2686/2899 146/2687/2900 147/2685/2898
f 153/2688/2901 146/2687/2900 154/2686/2899
f 153/2688/2901 145/2689/2902 146/2687/2900
f 152/2690/2346 145/2689/2902 153/2688/2901
f 152/2690/2346 144/2691/2903 145/2689/2902
f 151/2692/2336 144/2691/2903 152/2690/2346
f 151/2692/2336 89/2693/2904 144/2691/2903
f 90/2694/2335 89/2693/2904 151/2692/2336
f 138/2695/2905 136/2676/2889 150/2679/2892
f 138/2695/2905 150/2679/2892 149/2681/2894
f 138/2695/2905 149/2681/2894 139/2696/2906
f 139/2696/2906 149/2681/2894 140/2697/2907
f 140/2697/2907 149/2681/2894 148/2683/2896
f 141/2698/2908 140/2697/2907 148/2683/2896
f 148/2683/2896 147/2685/2898 141/2698/2908
f 147/2685/2898 142/2699/2909 141/2698/2908
f 146/2687/2900 142/2699/2909 147/2685/2898
f 146/2687/2900 143/2700/2910 142/2699/2909
f 145/2689/2902 143/2700/2910 146/2687/2900
f 145/2689/2902 93/2701/2911 143/2700/2910
f 144/2691/2903 93/2701/2911 145/2689/2902
f 144/2691/2903 94/2702/2912 93/2701/2911
f 89/2693/2904 94/2702/2912 144/2691/2903
f 89/2693/2904 96/2703/2913 94/2702/2912
f 87/2704/2914 96/2703/2913 89/2693/2904
f 87/2704/2914 98/2705/2915 96/2703/2913
f 85/2706/2916 98/2705/2915 87/2704/2914
f 85/2706/2916 81/2707/2917 98/2705/2915
f 83/2708/2918 81/2707/2917 85/2706/2916
f 91/2709/2919 143/2700/2910 93/2701/2911
f 143/2700/2910 91/2709/2919 116/2710/2920
f 116/2710/2920 142/2699/2909 143/2700/2910
f 142/2699/2909 116/2710/2920 118/2711/2921
f 118/2711/2921 141/2698/2908 142/2699/2909
f 141/2698/2908 118/2711/2921 120/2712/2922
f 120/2712/2922 140/2697/2907 141/2698/2908
f 140/2697/2907 120/2712/2922 122/2713/2923
f 122/2713/2923 139/2696/2906 140/2697/2907
f 139/2696/2906 122/2713/2923 124/2714/2924
f 124/2714/2924 138/2695/2905 139/2696/2906
f 138/2695/2905 124/2714/2924 135/2715/2925
f 135/2715/2925 137/2716/2926 138/2695/2905
f 137/2716/2926 136/2676/2889 138/2695/2905
f 137/2716/2926 135/2715/2925 136/2676/2889
f 127/2677/2890 136/2676/2889 135/2715/2925
f 127/2677/2890 135/2715/2925 124/2714/2924
f 127/2677/2890 124/2714/2924 123/2717/2927
f 107/2718/2928 108/2719/2929 134/2720/2930
f 107/2718/2928 134/2720/2930 112/2721/2931
f 112/2721/2931 134/2720/2930 133/2722/2932
f 112/2721/2931 133/2722/2932 113/2723/2933
f 113/2723/2933 133/2722/2932 132/2724/2934
f 113/2723/2933 132/2724/2934 114/2725/2935
f 114/2725/2935 132/2724/2934 131/2726/2936
f 114/2725/2935 131/2726/2936 115/2727/2937
f 115/2727/2937 131/2726/2936 130/2728/2938
f 115/2727/2937 130/2728/2938 117/2729/2939
f 117/2729/2939 130/2728/2938 129/2730/2940
f 117/2729/2939 129/2730/2940 119/2731/2941
f 119/2731/2941 129/2730/2940 128/2732/2942
f 119/2731/2941 128/2732/2942 121/2733/2943
f 121/2733/2943 128/2732/2942 126/2734/2944
f 121/2733/2943 126/2734/2944 123/2717/2927
f 123/2717/2927 126/2734/2944 127/2677/2890
f 127/2677/2890 126/2734/2944 125/2675/2888
f 123/2717/2927 124/2714/2924 122/2713/2923
f 123/2717/2927 122/2713/2923 121/2733/2943
f 121/2733/2943 122/2713/2923 120/2712/2922
f 121/2733/2943 120/2712/2922 119/2731/2941
f 119/2731/2941 120/2712/2922 118/2711/2921
f 119/2731/2941 118/2711/2921 117/2729/2939
f 117/2729/2939 118/2711/2921 116/2710/2920
f 117/2729/2939 116/2710/2920 115/2727/2937
f 115/2727/2937 116/2710/2920 91/2709/2919
f 115/2727/2937 91/2709/2919 114/2725/2935
f 114/2725/2935 91/2709/2919 92/2735/2945
f 114/2725/2935 92/2735/2945 113/2723/2933
f 113/2723/2933 92/2735/2945 95/2736/2946
f 113/2723/2933 95/2736/2946 112/2721/2931
f 112/2721/2931 95/2736/2946 97/2737/2947
f 112/2721/2931 97/2737/2947 107/2718/2928
f 107/2718/2928 97/2737/2947 99/2738/2948
f 107/2718/2928 99/2738/2948 105/2739/2949
f 101/2740/2950 102/2741/2951 111/2742/2952
f 106/2743/2953 101/2740/2950 111/2742/2952
f 106/2743/2953 111/2742/2952 110/2744/2954
f 109/2745/2955 106/2743/2953 110/2744/2954
f 105/2739/2949 106/2743/2953 109/2745/2955
f 105/2739/2949 109/2745/2955 108/2719/2929
f 105/2739/2949 108/2719/2929 107/2718/2928
f 100/2746/2956 101/2740/2950 106/2743/2953
f 105/2739/2949 100/2746/2956 106/2743/2953
f 105/2739/2949 99/2738/2948 100/2746/2956
f 64/2747/2957 65/2748/2958 104/2749/2959
f 64/2747/2957 104/2749/2959 76/2750/2960
f 76/2750/2960 104/2749/2959 103/2751/2961
f 76/2750/2960 103/2751/2961 78/2752/2962
f 78/2752/2962 103/2751/2961 102/2741/2951
f 78/2752/2962 102/2741/2951 101/2740/2950
f 79/2753/2963 78/2752/2962 101/2740/2950
f 79/2753/2963 101/2740/2950 100/2746/2956
f 79/2753/2963 100/2746/2956 81/2707/2917
f 81/2707/2917 100/2746/2956 99/2738/2948
f 99/2738/2948 98/2705/2915 81/2707/2917
f 98/2705/2915 99/2738/2948 97/2737/2947
f 97/2737/2947 96/2703/2913 98/2705/2915
f 96/2703/2913 97/2737/2947 95/2736/2946
f 95/2736/2946 94/2702/2912 96/2703/2913
f 94/2702/2912 95/2736/2946 92/2735/2945
f 92/2735/2945 93/2701/2911 94/2702/2912
f 93/2701/2911 92/2735/2945 91/2709/2919
f 88/2754/2334 89/2693/2904 90/2694/2335
f 88/2754/2334 87/2704/2914 89/2693/2904
f 86/2755/2964 87/2704/2914 88/2754/2334
f 86/2755/2964 85/2706/2916 87/2704/2914
f 84/1313/1359 85/2706/2916 86/2755/2964
f 84/1313/1359 83/2708/2918 85/2706/2916
f 83/2708/2918 84/1313/1359 82/1312/1358
f 81/2707/2917 83/2708/2918 82/1312/1358
f 81/2707/2917 82/1312/1358 80/1305/1351
f 81/2707/2917 80/1305/1351 79/2753/2963
f 77/1304/1350 79/2753/2963 80/1305/1351
f 77/1304/1350 78/2752/2962 79/2753/2963
f 77/1304/1350 76/2750/2960 78/2752/2962
f 75/1302/1348 76/2750/2960 77/1304/1350
f 75/1302/1348 64/2747/2957 76/2750/2960
f 74/1300/1346 64/2747/2957 75/1302/1348
f 74/1300/1346 63/2756/2965 64/2747/2957
f 62/1298/1344 63/2756/2965 74/1300/1346
f 71/2757/2966 48/2758/2967 70/2759/2968
f 48/2758/2967 71/2757/2966 47/2760/2969
f 72/2761/2970 47/2760/2969 71/2757/2966
f 73/2762/2971 47/2760/2969 72/2761/2970
f 50/2763/2972 47/2760/2969 73/2762/2971
f 50/2763/2972 73/2762/2971 72/2761/2970
f 72/2761/2970 52/2764/2973 50/2763/2972
f 72/2761/2970 71/2757/2966 52/2764/2973
f 52/2764/2973 71/2757/2966 54/2765/2974
f 71/2757/2966 70/2759/2968 54/2765/2974
f 54/2765/2974 70/2759/2968 55/2766/2975
f 55/2766/2975 70/2759/2968 69/2767/2976
f 55/2766/2975 69/2767/2976 57/2768/2977
f 57/2768/2977 69/2767/2976 68/2769/2978
f 57/2768/2977 68/2769/2978 59/2770/2979
f 59/2770/2979 68/2769/2978 67/2771/2980
f 59/2770/2979 67/2771/2980 61/2772/2981
f 61/2772/2981 67/2771/2980 66/2773/2982
f 61/2772/2981 66/2773/2982 63/2756/2965
f 63/2756/2965 66/2773/2982 65/2748/2958
f 63/2756/2965 65/2748/2958 64/2747/2957
f 49/2774/2983 47/2760/2969 50/2763/2972
f 62/1298/1344 61/2772/2981 63/2756/2965
f 60/1296/1342 61/2772/2981 62/1298/1344
f 60/1296/1342 59/2770/2979 61/2772/2981
f 58/1294/1340 59/2770/2979 60/1296/1342
f 58/1294/1340 57/2768/2977 59/2770/2979
f 56/1292/1338 57/2768/2977 58/1294/1340
f 56/1292/1338 55/2766/2975 57/2768/2977
f 53/1291/1337 55/2766/2975 56/1292/1338
f 53/1291/1337 54/2765/2974 55/2766/2975
f 52/2764/2973 54/2765/2974 53/1291/1337
f 52/2764/2973 53/1291/1337 51/1290/1336
f 51/1290/1336 50/2763/2972 52/2764/2973
f 43/1286/1332 50/2763/2972 51/1290/1336
f 43/1286/1332 49/2774/2983 50/2763/2972
f 43/1286/1332 44/2775/2984 49/2774/2983
f 49/2774/2983 44/2775/2984 46/2776/2985
f 46/2776/2985 47/2760/2969 49/2774/2983
f 48/2758/2967 47/2760/2969 46/2776/2985
f 45/1288/1334 44/2775/2984 43/1286/1332
f 38/82/2986 42/81/2987 41/1530/2988
f 38/82/2986 41/1530/2988 36/1531/2989
f 36/1531/2989 41/1530/2988 40/1532/2990
f 36/1531/2989 40/1532/2990 21/1533/2991
f 21/1533/2991 40/1532/2990 20/1555/2992
f 31/1542/2993 29/1538/2994 27/1541/2995
f 31/1542/2993 27/1541/2995 32/1546/2996
f 32/1546/2996 27/1541/2995 26/1540/2997
f 32/1546/2996 26/1540/2997 33/1545/2998
f 33/1545/2998 26/1540/2997 34/1539/2999
f 26/1540/2997 24/95/3000 34/1539/2999
f 34/1539/2999 24/95/3000 35/1534/3001
f 24/95/3000 39/86/3002 35/1534/3001
f 35/1534/3001 39/86/3002 37/83/90
f 36/1531/2989 37/83/90 38/82/2986
f 36/1531/2989 35/1534/3001 37/83/90
f 21/1533/2991 35/1534/3001 36/1531/2989
f 34/1539/2999 35/1534/3001 21/1533/2991
f 19/1547/3003 34/1539/2999 21/1533/2991
f 33/1545/2998 34/1539/2999 19/1547/3003
f 19/1547/3003 17/1548/3004 33/1545/2998
f 33/1545/2998 17/1548/3004 23/1544/3005
f 33/1545/2998 23/1544/3005 32/1546/2996
f 32/1546/2996 23/1544/3005 12/1551/3006
f 32/1546/2996 12/1551/3006 31/1542/2993
f 31/1542/2993 12/1551/3006 10/1543/3007
f 31/1542/2993 10/1543/3007 8/1536/3008
f 8/1536/3008 29/1538/2994 31/1542/2993
f 8/1536/3008 7/93/3009 29/1538/2994
f 7/93/3009 30/91/3010 29/1538/2994
f 29/1538/2994 30/91/3010 28/90/3011
f 29/1538/2994 28/90/3011 27/1541/2995
f 27/1541/2995 28/90/3011 25/94/3012
f 27/1541/2995 25/94/3012 26/1540/2997
f 26/1540/2997 25/94/3012 24/95/3000
f 16/1549/3013 23/1544/3005 17/1548/3004
f 14/1550/3014 23/1544/3005 16/1549/3013
f 14/1550/3014 12/1551/3006 23/1544/3005
f 4/1537/3015 9/1535/3016 6/242/3017
f 6/242/3017 9/1535/3016 22/236/3018
f 22/236/3018 9/1535/3016 11/234/3019
f 21/1533/2991 20/1555/2992 19/1547/3003
f 19/1547/3003 20/1555/2992 18/1554/3020
f 19/1547/3003 18/1554/3020 17/1548/3004
f 17/1548/3004 18/1554/3020 2/1553/3021
f 17/1548/3004 2/1553/3021 16/1549/3013
f 16/1549/3013 2/1553/3021 3/1552/3022
f 3/1552/3022 14/1550/3014 16/1549/3013
f 15/397/432 14/1550/3014 3/1552/3022
f 15/397/432 13/396/3023 14/1550/3014
f 13/396/3023 12/1551/3006 14/1550/3014
f 11/234/3019 12/1551/3006 13/396/3023
f 11/234/3019 10/1543/3007 12/1551/3006
f 11/234/3019 9/1535/3016 10/1543/3007
f 8/1536/3008 10/1543/3007 9/1535/3016
f 8/1536/3008 9/1535/3016 4/1537/3015
f 4/1537/3015 7/93/3009 8/1536/3008
f 4/1537/3015 5/243/3024 7/93/3009
f 6/242/3017 5/243/3024 4/1537/3015
f 3/1552/3022 2/1553/3021 1/1556/3025
